variant,RMSE_mean,RMSE_std,MAE_mean,R2_mean
KNN+SVR+MICE (full),0.17154741285408248,0.06757088180755456,0.08508262716054345,0.8748188125909482
KNN+SVR,0.1718831132827114,0.0690415152660342,0.0838571055459195,0.871815940016603
KNN+MICE,0.17433592967862055,0.0670031819983096,0.08618638096157452,0.8709685530369822
KNN only,0.19476817359312334,0.0656970229798593,0.0963326417189944,0.8410103548176802
MICE only,0.23022515423588022,0.04795441991640001,0.16482347738458233,0.8046258098992536
SVR+MICE,0.2828028582177974,0.05661756491674289,0.16468498584123062,0.6613526162120151
SVR only,0.29164687777785964,0.051258500969851455,0.1911057029353931,0.6583301234436462
