method,scenario,mechanism,rate,participant,RMSE,MAE,NRMSE,R2
Mean,MCAR_RandomSensorFailures,MCAR,10,501,1.1682567963318973,0.9240661055900056,0.1150279415744258,-0.0201000267754234
KNN,MCAR_RandomSensorFailures,MCAR,10,501,0.6087069718946941,0.4062776099811158,0.0599340061353742,0.7230619189446135
SVR,MCAR_RandomSensorFailures,MCAR,10,501,0.9065908876584126,0.5999000433100435,0.0892640076949762,0.3856882450998751
MICE,MCAR_RandomSensorFailures,MCAR,10,501,0.7647327973534728,0.5502949442468641,0.0752964928688776,0.5628952165743284
MissForest,MCAR_RandomSensorFailures,MCAR,10,501,0.5979226366153134,0.3917015456780253,0.058872167768732,0.7327879014903252
KNN_SVR,MCAR_RandomSensorFailures,MCAR,10,501,0.3453745039620423,0.216462320597224,0.0340059808663468,0.9108448007576264
Mean,MCAR_RandomSensorFailures,MCAR,20,501,1.147831578211467,0.9223090897040988,0.1130168505163822,-0.0298173399053429
KNN,MCAR_RandomSensorFailures,MCAR,20,501,0.6594081863655151,0.4376115633815202,0.0649261074903276,0.6601302343659932
SVR,MCAR_RandomSensorFailures,MCAR,20,501,1.172106776774975,0.7937229299313582,0.1154070151880864,-0.0738366365636107
MICE,MCAR_RandomSensorFailures,MCAR,20,501,0.8156098342383146,0.5866707673234252,0.0803059059060151,0.4800413944383308
MissForest,MCAR_RandomSensorFailures,MCAR,20,501,0.6608103442696559,0.4206015098740437,0.0650641656107529,0.6586833073958294
KNN_SVR,MCAR_RandomSensorFailures,MCAR,20,501,0.350680150223411,0.214410000436919,0.0345283810527471,0.9038772403125774
Mean,MCAR_RandomSensorFailures,MCAR,30,501,1.1794904886330833,0.957349013229616,0.1161340241632395,-0.0320074470673492
KNN,MCAR_RandomSensorFailures,MCAR,30,501,0.8298031280717608,0.5500379500261419,0.0817033943511484,0.4892080075985447
SVR,MCAR_RandomSensorFailures,MCAR,30,501,1.2446847115009758,0.867836333438802,0.1225531242126327,-0.1492450855298102
MICE,MCAR_RandomSensorFailures,MCAR,30,501,0.8755302188795048,0.6356624526642648,0.0862057376256037,0.4313615456171376
MissForest,MCAR_RandomSensorFailures,MCAR,30,501,0.797744610871921,0.5159523408217629,0.0785468749497596,0.5279133676858947
KNN_SVR,MCAR_RandomSensorFailures,MCAR,30,501,0.38921481015804,0.2319139625635256,0.0383225491033575,0.8876242353578097
Mean,MCAR_ConnectionIssues,MCAR,10,501,1.3312328262007616,1.075487340986193,0.1310747536286325,-0.28648246367505
KNN,MCAR_ConnectionIssues,MCAR,10,501,1.3240614685499736,0.9474643303170446,0.1303686532991038,-0.2726592227014071
SVR,MCAR_ConnectionIssues,MCAR,10,501,1.4481340191781071,1.0732757946789957,0.1425849829189731,-0.5223459155154453
MICE,MCAR_ConnectionIssues,MCAR,10,501,1.3312328262007616,1.0754873409861925,0.1310747536286325,-0.2864824636750496
MissForest,MCAR_ConnectionIssues,MCAR,10,501,1.3692051649663592,1.0417447483094784,0.1348135548739476,-0.360920925485837
KNN_SVR,MCAR_ConnectionIssues,MCAR,10,501,0.9344205480081283,0.6490541414261091,0.0920041488649607,0.3661586112245145
Mean,MCAR_ConnectionIssues,MCAR,20,501,1.2117821650445817,0.985733355505582,0.1193135006955094,-0.2066870983692568
KNN,MCAR_ConnectionIssues,MCAR,20,501,1.2085793515445826,0.8664236165323186,0.1189981479020924,-0.2003168341442727
SVR,MCAR_ConnectionIssues,MCAR,20,501,1.4717238501056356,1.0789598624695478,0.144907665485171,-0.779910695122864
MICE,MCAR_ConnectionIssues,MCAR,20,501,1.2117821650445817,0.985733355505582,0.1193135006955094,-0.2066870983692565
MissForest,MCAR_ConnectionIssues,MCAR,20,501,1.251787515614908,0.9562815858505238,0.123252474680096,-0.2876765554957485
KNN_SVR,MCAR_ConnectionIssues,MCAR,20,501,0.8376416707036468,0.5815017716951724,0.0824751865005459,0.4234166388727065
Mean,MCAR_ConnectionIssues,MCAR,30,501,1.2524579246349656,1.0191927976655144,0.123318483942642,-0.1048820003261792
KNN,MCAR_ConnectionIssues,MCAR,30,501,1.2983914048483678,0.9505438370332312,0.1278411485613173,-0.1874104652577126
SVR,MCAR_ConnectionIssues,MCAR,30,501,1.4890123218914584,1.1326692351474266,0.1466099088007971,-0.5616589403262027
MICE,MCAR_ConnectionIssues,MCAR,30,501,1.2524579246349656,1.0191927976655144,0.123318483942642,-0.1048820003261792
MissForest,MCAR_ConnectionIssues,MCAR,30,501,1.318369728012793,1.022605417985181,0.129808237815091,-0.2242329188038097
KNN_SVR,MCAR_ConnectionIssues,MCAR,30,501,1.0320430065160573,0.719881719877897,0.1016161712292728,0.249785940147477
Mean,MAR_ActivityDependent,MAR,10,501,1.3227201605858312,1.0759932942706285,0.1302365865355146,-0.0194228529367903
KNN,MAR_ActivityDependent,MAR,10,501,0.5403705284195928,0.3136054668941004,0.0532055193402288,0.8298618411932346
SVR,MAR_ActivityDependent,MAR,10,501,0.886396597810906,0.5196591705540898,0.0872756541069556,0.5422012736459485
MICE,MAR_ActivityDependent,MAR,10,501,0.7122528842545262,0.5096920816058205,0.0701292587498632,0.7044119637180233
MissForest,MAR_ActivityDependent,MAR,10,501,0.5024834774882315,0.2934769920943855,0.0494751156356294,0.8528832944051129
KNN_SVR,MAR_ActivityDependent,MAR,10,501,0.3760174222211426,0.2070280900183368,0.0370231187269994,0.9176176161457088
Mean,MAR_ActivityDependent,MAR,20,501,1.302989348613546,1.0537752776994855,0.1282938675255417,-0.020955337863713
KNN,MAR_ActivityDependent,MAR,20,501,0.5310644279399876,0.3154210894170067,0.0522892297148529,0.8304025033845869
SVR,MAR_ActivityDependent,MAR,20,501,1.0651082886718013,0.6810691781460912,0.1048718178952241,0.3177987014343728
MICE,MAR_ActivityDependent,MAR,20,501,0.8075602418585567,0.5799517361931785,0.0795133335496085,0.6078295451837834
MissForest,MAR_ActivityDependent,MAR,20,501,0.5357833216111574,0.3168457624062291,0.0527538575494245,0.8273751184170625
KNN_SVR,MAR_ActivityDependent,MAR,20,501,0.3705836787641984,0.2118445398368052,0.0364881059396924,0.9174156814680626
Mean,MAR_ActivityDependent,MAR,30,501,1.302989348613546,1.0537752776994855,0.1282938675255417,-0.020955337863713
KNN,MAR_ActivityDependent,MAR,30,501,0.5310644279399876,0.3154210894170067,0.0522892297148529,0.8304025033845869
SVR,MAR_ActivityDependent,MAR,30,501,1.0651082886718013,0.6810691781460912,0.1048718178952241,0.3177987014343728
MICE,MAR_ActivityDependent,MAR,30,501,0.8075602418585567,0.5799517361931785,0.0795133335496085,0.6078295451837834
MissForest,MAR_ActivityDependent,MAR,30,501,0.5357833216111574,0.3168457624062291,0.0527538575494245,0.8273751184170625
KNN_SVR,MAR_ActivityDependent,MAR,30,501,0.3705836787641984,0.2118445398368052,0.0364881059396924,0.9174156814680626
Mean,MAR_BatteryDepletion,MAR,10,501,1.053041628375698,0.8940188490191417,0.1036837202955382,-0.0464120553970717
KNN,MAR_BatteryDepletion,MAR,10,501,0.8394912567238105,0.5795286204216824,0.0826572989208051,0.334965754897196
SVR,MAR_BatteryDepletion,MAR,10,501,1.0522081205049236,0.8108903088026543,0.1036016521278526,-0.044756190177748
MICE,MAR_BatteryDepletion,MAR,10,501,0.7849716163089288,0.6240204812901364,0.077289230845368,0.4185403781420653
MissForest,MAR_BatteryDepletion,MAR,10,501,0.8291830022460356,0.5287486544941393,0.0816423360312017,0.3511976173011262
KNN_SVR,MAR_BatteryDepletion,MAR,10,501,0.507173867848146,0.3032197866325669,0.0499369370005686,0.7572689181834675
Mean,MAR_BatteryDepletion,MAR,20,501,1.0889187543131726,0.9175142279959309,0.1072162244154815,-0.0001133229785084
KNN,MAR_BatteryDepletion,MAR,20,501,0.7858013404829077,0.576976575446327,0.0773709264658061,0.4791846351817095
SVR,MAR_BatteryDepletion,MAR,20,501,1.2602623247443254,0.8932275214420411,0.1240869143790166,-0.3396155004696506
MICE,MAR_BatteryDepletion,MAR,20,501,0.7194301816853329,0.5615374663103992,0.0708359439171358,0.563448420021955
MissForest,MAR_BatteryDepletion,MAR,20,501,0.7283456716759595,0.4711483691311117,0.0717137735732261,0.552561505748618
KNN_SVR,MAR_BatteryDepletion,MAR,20,501,0.449177285852547,0.2692426104471324,0.0442265251576822,0.8298257557338906
Mean,MAR_BatteryDepletion,MAR,30,501,1.0976635673137698,0.9141734784207546,0.1080772490139005,-0.008775299833968
KNN,MAR_BatteryDepletion,MAR,30,501,0.7596841116926177,0.5451223669416712,0.0747993933261675,0.5168054497299273
SVR,MAR_BatteryDepletion,MAR,30,501,1.3746268683121816,0.9405068227135204,0.1353473821777178,-0.5820696421643794
MICE,MAR_BatteryDepletion,MAR,30,501,0.8308297619571118,0.5924430877163327,0.0818044779339303,0.4220636227621986
MissForest,MAR_BatteryDepletion,MAR,30,501,0.6869502080031107,0.4463252038468318,0.0676379274135826,0.6049005190367696
KNN_SVR,MAR_BatteryDepletion,MAR,30,501,0.427815209620984,0.2596435787642299,0.0421231899454345,0.8467613273851355
Mean,MNAR_ValueDependent,MNAR,10,501,2.1471388004555,1.9136200997089097,0.2114098178298222,-0.1712455839466531
KNN,MNAR_ValueDependent,MNAR,10,501,0.9467021070198636,0.6304504619234634,0.0932134056455593,0.7723045177594933
SVR,MNAR_ValueDependent,MNAR,10,501,1.1351474998211548,0.7091379844051959,0.1117679612031873,0.6726349434820207
MICE,MNAR_ValueDependent,MNAR,10,501,1.027535067038457,0.6856591705280907,0.101172314193321,0.7317615501811181
MissForest,MNAR_ValueDependent,MNAR,10,501,0.9865285547933588,0.5872328569417544,0.0971347646498385,0.7527438816797973
KNN_SVR,MNAR_ValueDependent,MNAR,10,501,0.8177393613381406,0.4567954672830903,0.0805155816550362,0.830114023117955
Mean,MNAR_ValueDependent,MNAR,20,501,2.098196998755699,1.8863648441927,0.2065909503307005,-0.1274121237155447
KNN,MNAR_ValueDependent,MNAR,20,501,1.0712932206782595,0.679419396443046,0.1054807935927886,0.706095056474841
SVR,MNAR_ValueDependent,MNAR,20,501,1.197982440881301,0.7811884851514701,0.1179547635841302,0.6324714485876286
MICE,MNAR_ValueDependent,MNAR,20,501,1.2881228975481456,0.8337691016235637,0.1268300992256788,0.5750823427955961
MissForest,MNAR_ValueDependent,MNAR,20,501,1.1552986410306552,0.6659087704913932,0.1137520663254363,0.6581947706988323
KNN_SVR,MNAR_ValueDependent,MNAR,20,501,0.8050397782616399,0.4666134718206087,0.0792651657321587,0.8340318099404778
Mean,MNAR_ValueDependent,MNAR,30,501,2.114634487562716,1.9052244737782529,0.2082094048589005,-0.1847881619713631
KNN,MNAR_ValueDependent,MNAR,30,501,1.2575102137512597,0.7752615972333029,0.1238159382858231,0.5810201597159541
SVR,MNAR_ValueDependent,MNAR,30,501,1.27416783232691,0.848854313422519,0.125456067050582,0.5698466020803197
MICE,MNAR_ValueDependent,MNAR,30,501,1.4033961589211783,0.9161284312000754,0.1381800404508816,0.4781680672464453
MissForest,MNAR_ValueDependent,MNAR,30,501,1.3038035128901428,0.7469328515387114,0.1283740311001379,0.5496041520786634
KNN_SVR,MNAR_ValueDependent,MNAR,30,501,0.8740821672655226,0.4855295575867181,0.0860631607563975,0.7975701261247035
Mean,MNAR_RangeLimitation,MNAR,10,501,1.8990546951288028,1.6411368039110412,0.186983164321225,-0.0475503181279426
KNN,MNAR_RangeLimitation,MNAR,10,501,1.614057565720191,1.112425371759852,0.1589220109400299,0.2432751663763908
SVR,MNAR_RangeLimitation,MNAR,10,501,1.650209014379824,1.216676132615876,0.1624815251986311,0.208997498182873
MICE,MNAR_RangeLimitation,MNAR,10,501,1.637260268268945,1.220859325202666,0.1612065763896185,0.2213623628108486
MissForest,MNAR_RangeLimitation,MNAR,10,501,1.6514680918486475,1.1756503998712944,0.1626054954506992,0.2077899985775709
KNN_SVR,MNAR_RangeLimitation,MNAR,10,501,1.0100768570324008,0.6439463682440513,0.0994533582524046,0.7036473684303668
Mean,MNAR_RangeLimitation,MNAR,20,501,1.7518140721226614,1.5093981411116804,0.1724856789792088,-0.0393588703721188
KNN,MNAR_RangeLimitation,MNAR,20,501,1.516975347136247,1.0568193388973932,0.1493631812355914,0.2206248551766708
SVR,MNAR_RangeLimitation,MNAR,20,501,1.6249544862221226,1.3221154871122431,0.1599949345804256,0.1057233155437085
MICE,MNAR_RangeLimitation,MNAR,20,501,1.574976153171102,1.225067208145508,0.1550740089823632,0.1598874537011644
MissForest,MNAR_RangeLimitation,MNAR,20,501,1.6445175964332022,1.2208010556423148,0.1619211414772651,0.0840609918786763
KNN_SVR,MNAR_RangeLimitation,MNAR,20,501,0.9899748944794212,0.6511007945032364,0.0974740953186596,0.6680766020130524
Mean,MNAR_RangeLimitation,MNAR,30,501,1.626403599201506,1.390913100846379,0.1601376159529206,-0.031876971434601
KNN,MNAR_RangeLimitation,MNAR,30,501,1.5094178433494772,1.0995545925966932,0.1486190605022367,0.1112282822161105
SVR,MNAR_RangeLimitation,MNAR,30,501,1.6069688838676337,1.2966612739360477,0.1582240509670721,-0.0073634790476251
MICE,MNAR_RangeLimitation,MNAR,30,501,1.5027697018870592,1.1784842924519905,0.1479644766555015,0.1190401255938325
MissForest,MNAR_RangeLimitation,MNAR,30,501,1.5563863661278687,1.174526791075544,0.1532436366322052,0.0550559333586178
KNN_SVR,MNAR_RangeLimitation,MNAR,30,501,1.04474689439704,0.6796064231970269,0.1028670110082751,0.5742119734809589
Mean,MCAR_RandomSensorFailures,MCAR,10,502,1.016935798970102,0.8316662940193438,0.1332403087048785,-0.0451023472180456
KNN,MCAR_RandomSensorFailures,MCAR,10,502,0.6715191088404114,0.4351771259197632,0.0879833451174943,0.5442900593119318
SVR,MCAR_RandomSensorFailures,MCAR,10,502,1.1491611790819858,0.7858174504368757,0.150564657481438,-0.334546294221804
MICE,MCAR_RandomSensorFailures,MCAR,10,502,0.8580349714096911,0.5474451661223105,0.1124209065960613,0.2559849353022937
MissForest,MCAR_RandomSensorFailures,MCAR,10,502,0.8593668876128827,0.5344302859677285,0.1125954160648616,0.2536732932724287
KNN_SVR,MCAR_RandomSensorFailures,MCAR,10,502,0.4144712403194696,0.2233521264052471,0.0543045844834926,0.8263956701579962
Mean,MCAR_RandomSensorFailures,MCAR,20,502,0.982569604780432,0.8191066826285122,0.128737603295667,-0.0033483996522116
KNN,MCAR_RandomSensorFailures,MCAR,20,502,0.7133494351022044,0.4409446358805658,0.0934640112421323,0.471153353323295
SVR,MCAR_RandomSensorFailures,MCAR,20,502,1.0435942054167788,0.7412387890476124,0.1367331293019433,-0.1318488387161549
MICE,MCAR_RandomSensorFailures,MCAR,20,502,0.8218340805675364,0.5646022890686185,0.1076778167411411,0.2980706442787663
MissForest,MCAR_RandomSensorFailures,MCAR,20,502,0.7676866298882674,0.5095387030956013,0.100583344256846,0.3875183729002531
KNN_SVR,MCAR_RandomSensorFailures,MCAR,20,502,0.4230802479369425,0.2337637191356482,0.055432548346852,0.8139753003685211
Mean,MCAR_RandomSensorFailures,MCAR,30,502,0.9712846346602564,0.8009638567234413,0.1272590311930227,-4.255919237361461e-05
KNN,MCAR_RandomSensorFailures,MCAR,30,502,0.786470960959507,0.5112452352532657,0.1030444928104532,0.3443216717969503
SVR,MCAR_RandomSensorFailures,MCAR,30,502,1.0940851065118586,0.7819768725415345,0.1433485156965506,-0.2689007622227701
MICE,MCAR_RandomSensorFailures,MCAR,30,502,0.83109769165205,0.6106244113687683,0.1088915476392691,0.2678002131324816
MissForest,MCAR_RandomSensorFailures,MCAR,30,502,0.8022996919771543,0.5636801424959922,0.1051183946332956,0.3176633531869516
KNN_SVR,MCAR_RandomSensorFailures,MCAR,30,502,0.5622272275744528,0.3003176490602688,0.073663774488197,0.6649194700572942
Mean,MCAR_ConnectionIssues,MCAR,10,502,0.7685460934124531,0.656526465388777,0.1006959523343658,-0.0032813651483571
KNN,MCAR_ConnectionIssues,MCAR,10,502,0.8061043938444294,0.6014388114783922,0.1056168918362057,-0.1037367011368086
SVR,MCAR_ConnectionIssues,MCAR,10,502,1.3246115138352126,0.9926356775978452,0.1735523984859038,-1.9802998333526
MICE,MCAR_ConnectionIssues,MCAR,10,502,0.7685460934124531,0.656526465388777,0.1006959523343658,-0.0032813651483571
MissForest,MCAR_ConnectionIssues,MCAR,10,502,0.797439834726585,0.6463012804292609,0.1044816495398656,-0.0801367926262668
KNN_SVR,MCAR_ConnectionIssues,MCAR,10,502,0.7472155083646687,0.5242373729159361,0.097901190128629,0.0516368703931336
Mean,MCAR_ConnectionIssues,MCAR,20,502,0.854843882975133,0.7148541100687617,0.1120028058579855,-1.1171574670454376e-05
KNN,MCAR_ConnectionIssues,MCAR,20,502,0.9107530469862763,0.6696114799096095,0.1193281004142601,-0.1350957583112348
SVR,MCAR_ConnectionIssues,MCAR,20,502,1.3616155667949863,1.023471460965483,0.1784007197316356,-1.5371155714597218
MICE,MCAR_ConnectionIssues,MCAR,20,502,0.854843882975133,0.7148541100687617,0.1120028058579855,-1.1171574670454376e-05
MissForest,MCAR_ConnectionIssues,MCAR,20,502,0.8862722958752358,0.7056360512826383,0.1161205991750808,-0.0748938614369114
KNN_SVR,MCAR_ConnectionIssues,MCAR,20,502,0.8677815757783268,0.6010451991987709,0.1136979199298593,-0.0305097032624748
Mean,MCAR_ConnectionIssues,MCAR,30,502,0.8699200913676793,0.7343691237202719,0.113978111145061,-0.0002734480771768
KNN,MCAR_ConnectionIssues,MCAR,30,502,0.9347906411769656,0.7005172694342428,0.122477538632222,-0.155017939531733
SVR,MCAR_ConnectionIssues,MCAR,30,502,1.4377155413079674,1.0740289466404451,0.1883714416855798,-1.7321588937926942
MICE,MCAR_ConnectionIssues,MCAR,30,502,0.8699200913676793,0.7343691237202719,0.113978111145061,-0.0002734480771768
MissForest,MCAR_ConnectionIssues,MCAR,30,502,0.8985002439188948,0.7236074085781161,0.1177227215251981,-0.0670786161657923
KNN_SVR,MCAR_ConnectionIssues,MCAR,30,502,0.8821146822439433,0.6263475551734097,0.1155758629938292,-0.0285137915362208
Mean,MAR_ActivityDependent,MAR,10,502,0.9720370359086118,0.8165178630803596,0.1273576118258437,-0.0025687411083747
KNN,MAR_ActivityDependent,MAR,10,502,0.5712805548246628,0.3038146707584303,0.0748499537129287,0.653704045129025
SVR,MAR_ActivityDependent,MAR,10,502,0.8238969074200556,0.4904194111663771,0.1079480911153078,0.2797317349752927
MICE,MAR_ActivityDependent,MAR,10,502,0.602342462491367,0.3990685655434504,0.0789197270168733,0.61502236960311
MissForest,MAR_ActivityDependent,MAR,10,502,0.4695517107567761,0.2598991660144729,0.0615213024829073,0.7660541265046588
KNN_SVR,MAR_ActivityDependent,MAR,10,502,0.4043332945210548,0.2046852288607506,0.0529762970643831,0.8265287356994232
Mean,MAR_ActivityDependent,MAR,20,502,0.987242425204195,0.8236871459423131,0.129349842570177,-0.0020798696829078
KNN,MAR_ActivityDependent,MAR,20,502,0.596779367596648,0.3270158244834781,0.0781908427727769,0.6338303733458321
SVR,MAR_ActivityDependent,MAR,20,502,0.997078729561964,0.6480033964402445,0.1306386085183042,-0.0221476176566095
MICE,MAR_ActivityDependent,MAR,20,502,0.622823859351979,0.4264556872758694,0.0816032274336929,0.6011724046012725
MissForest,MAR_ActivityDependent,MAR,20,502,0.4969436070584142,0.2825326557329815,0.0651102259163615,0.7460963562702558
KNN_SVR,MAR_ActivityDependent,MAR,20,502,0.3995177440219836,0.2048141605487315,0.0523453571016735,0.8358930920335818
Mean,MAR_ActivityDependent,MAR,30,502,0.987242425204195,0.8236871459423131,0.129349842570177,-0.0020798696829078
KNN,MAR_ActivityDependent,MAR,30,502,0.596779367596648,0.3270158244834781,0.0781908427727769,0.6338303733458321
SVR,MAR_ActivityDependent,MAR,30,502,0.997078729561964,0.6480033964402445,0.1306386085183042,-0.0221476176566095
MICE,MAR_ActivityDependent,MAR,30,502,0.622823859351979,0.4264556872758694,0.0816032274336929,0.6011724046012725
MissForest,MAR_ActivityDependent,MAR,30,502,0.4969436070584142,0.2825326557329815,0.0651102259163615,0.7460963562702558
KNN_SVR,MAR_ActivityDependent,MAR,30,502,0.3995177440219836,0.2048141605487315,0.0523453571016735,0.8358930920335818
Mean,MAR_BatteryDepletion,MAR,10,502,0.7994230378141303,0.6962785005631541,0.1047414915002692,-0.1459063984173843
KNN,MAR_BatteryDepletion,MAR,10,502,0.7768296738211149,0.5247086493131171,0.1017812782831126,-0.0820502718872264
SVR,MAR_BatteryDepletion,MAR,10,502,1.0705591762800748,0.7969053925423084,0.1402661163849846,-1.055025342329477
MICE,MAR_BatteryDepletion,MAR,10,502,0.7281996163647425,0.5629752001724212,0.0954097021478392,0.0491834844410603
MissForest,MAR_BatteryDepletion,MAR,10,502,0.6790179114508941,0.4944384846085649,0.0889658484139163,0.1732803010218626
KNN_SVR,MAR_BatteryDepletion,MAR,10,502,0.6508061523858186,0.3481128796153111,0.0852695054483671,0.2405501075824282
Mean,MAR_BatteryDepletion,MAR,20,502,0.7653390320543527,0.6646323873816515,0.1002757588021669,-0.0651322627468193
KNN,MAR_BatteryDepletion,MAR,20,502,0.6850680014588135,0.4534519473615517,0.0897585394187603,0.1465792864408682
SVR,MAR_BatteryDepletion,MAR,20,502,1.2044555599775555,0.8952125227702843,0.1578094023194428,-1.638015697912853
MICE,MAR_BatteryDepletion,MAR,20,502,0.6862231575338621,0.5271536135773975,0.0899098895356484,0.1436987978690306
MissForest,MAR_BatteryDepletion,MAR,20,502,0.6512708001702372,0.4728544171668192,0.0853303842317649,0.2287076427375585
KNN_SVR,MAR_BatteryDepletion,MAR,20,502,0.5217024783358327,0.273359556627183,0.0683541668372422,0.5050724678155475
Mean,MAR_BatteryDepletion,MAR,30,502,0.7817704361169613,0.6853957386166882,0.1024286236653901,-0.0234448807120013
KNN,MAR_BatteryDepletion,MAR,30,502,0.6189659603117453,0.4002751939579714,0.0810977602649753,0.3584367126554061
SVR,MAR_BatteryDepletion,MAR,30,502,1.4276575822763389,1.0436764545168904,0.1870536342412235,-2.413139859673146
MICE,MAR_BatteryDepletion,MAR,30,502,0.6482707758267413,0.5056431840530605,0.0849373169702383,0.2962492670551004
MissForest,MAR_BatteryDepletion,MAR,30,502,0.6272426985940152,0.4544737745140347,0.0821821897490352,0.3411641825077393
KNN_SVR,MAR_BatteryDepletion,MAR,30,502,0.4721111239044059,0.2528381406214279,0.061856640267494,0.6267546214525241
Mean,MNAR_ValueDependent,MNAR,10,502,1.566007963835853,1.468338698903188,0.205180489021138,-0.4841057156466846
KNN,MNAR_ValueDependent,MNAR,10,502,0.8880628136407476,0.5459298440331353,0.1163551952430528,0.5227298478435809
SVR,MNAR_ValueDependent,MNAR,10,502,0.995847914575676,0.6021005786856831,0.130477345468171,0.3998456731386764
MICE,MNAR_ValueDependent,MNAR,10,502,0.9390536769907192,0.647951149136704,0.123036087370913,0.4663484930109189
MissForest,MNAR_ValueDependent,MNAR,10,502,0.7980534933517233,0.4914843664326979,0.1045620519258723,0.6145740859417012
KNN_SVR,MNAR_ValueDependent,MNAR,10,502,0.6691088419309283,0.3445750128964037,0.0876675486754712,0.7290616742083548
Mean,MNAR_ValueDependent,MNAR,20,502,1.5862332327374766,1.4854187707088629,0.2078304312051193,-0.3928148210202047
KNN,MNAR_ValueDependent,MNAR,20,502,0.9532524127819166,0.5930597166449738,0.1248964250067343,0.4969917396815694
SVR,MNAR_ValueDependent,MNAR,20,502,1.1936772762852668,0.7881134986804246,0.156397216960324,0.2112613124696424
MICE,MNAR_ValueDependent,MNAR,20,502,1.08010590445029,0.7692967729927823,0.1415169416679663,0.3542090256202146
MissForest,MNAR_ValueDependent,MNAR,20,502,0.9342323473854384,0.5811770017129538,0.1224043902218637,0.5168643423894997
KNN_SVR,MNAR_ValueDependent,MNAR,20,502,0.6914452646446615,0.367817838911824,0.0905940970974606,0.7353481683606597
Mean,MNAR_ValueDependent,MNAR,30,502,1.5661011928594288,1.4726833833355977,0.2051927040143501,-0.3904228405033147
KNN,MNAR_ValueDependent,MNAR,30,502,0.9681172830538486,0.6334884606859833,0.12684404048639,0.4686713928966007
SVR,MNAR_ValueDependent,MNAR,30,502,1.3334406752512575,0.9132955654892544,0.1747092071987748,-0.007986347744183
MICE,MNAR_ValueDependent,MNAR,30,502,1.1403394605667656,0.8373292433722019,0.1494088239475356,0.2628165805062044
MissForest,MNAR_ValueDependent,MNAR,30,502,0.944091712340858,0.6077859738364987,0.1236961776007961,0.4947159107707134
KNN_SVR,MNAR_ValueDependent,MNAR,30,502,0.7048742919524351,0.3853049788864455,0.0923535864830305,0.7183364846209419
Mean,MNAR_RangeLimitation,MNAR,10,502,1.6283705492069984,1.48056376729134,0.2133513196034628,-0.0229973325024195
KNN,MNAR_RangeLimitation,MNAR,10,502,1.1981977075590926,0.8313374625631775,0.1569894900015659,0.4461081285759631
SVR,MNAR_RangeLimitation,MNAR,10,502,1.798299737608424,1.1749414539667722,0.2356156725188636,-0.2476483164014611
MICE,MNAR_RangeLimitation,MNAR,10,502,1.2744802527020005,0.9929738241916642,0.1669841326072528,0.3733367242979616
MissForest,MNAR_RangeLimitation,MNAR,10,502,1.1147189998527784,0.8088785659389989,0.1460519964092092,0.5205991164328326
KNN_SVR,MNAR_RangeLimitation,MNAR,10,502,0.930984220104804,0.6073236596636074,0.1219788161767541,0.6656104761901749
Mean,MNAR_RangeLimitation,MNAR,20,502,1.5110130076448351,1.3651137811571652,0.1979749752143437,-0.0189080405889954
KNN,MNAR_RangeLimitation,MNAR,20,502,1.295150804433688,0.9446248466690816,0.1696924163520275,0.2514182023699424
SVR,MNAR_RangeLimitation,MNAR,20,502,1.5863011789176495,1.2255221814823274,0.2078393336058713,-0.1229744555397616
MICE,MNAR_RangeLimitation,MNAR,20,502,1.3941594784234863,1.099406082362966,0.1826646672062324,0.1325918570492202
MissForest,MNAR_RangeLimitation,MNAR,20,502,1.3330436695733907,1.0081664042077072,0.1746571909759905,0.2069741628130916
KNN_SVR,MNAR_RangeLimitation,MNAR,20,502,1.188543753951897,0.7591002795971321,0.15572461589629,0.3695815257207209
Mean,MNAR_RangeLimitation,MNAR,30,502,1.3619991327288006,1.2227144399359882,0.1784509750609119,-0.011531454638624
KNN,MNAR_RangeLimitation,MNAR,30,502,1.26894906430417,0.9573164231112063,0.1662594287956866,0.121960386790622
SVR,MNAR_RangeLimitation,MNAR,30,502,1.5191908482926757,1.1648704460172206,0.1990464469961032,-0.2584918318302733
MICE,MNAR_RangeLimitation,MNAR,30,502,1.2777942750718212,1.0259160082144192,0.1674183403163894,0.1096769726356886
MissForest,MNAR_RangeLimitation,MNAR,30,502,1.235867578196813,0.960966250555672,0.1619250475832006,0.1671445955146104
KNN_SVR,MNAR_RangeLimitation,MNAR,30,502,1.076689287182021,0.6940202586806977,0.1410692918359793,0.3678698367544541
Mean,MCAR_RandomSensorFailures,MCAR,10,503,1.2143120930037237,0.9733950428130548,0.1304118362120034,-0.0276561927621443
KNN,MCAR_RandomSensorFailures,MCAR,10,503,0.8198647627715625,0.4947197304807925,0.0880499088945746,0.5315409365376476
SVR,MCAR_RandomSensorFailures,MCAR,10,503,1.255545520411121,0.9095156307981392,0.1348401269393169,-0.0986317083979075
MICE,MCAR_RandomSensorFailures,MCAR,10,503,0.8654349526037263,0.6262145854575255,0.0929439490402522,0.478017352272461
MissForest,MCAR_RandomSensorFailures,MCAR,10,503,0.8171419158929168,0.5181102672751332,0.0877574869849072,0.5346473615468368
KNN_SVR,MCAR_RandomSensorFailures,MCAR,10,503,0.4415223871094535,0.2549060952980752,0.0474175836371863,0.8641396710585152
Mean,MCAR_RandomSensorFailures,MCAR,20,503,1.2218115524217616,1.0029762328631748,0.1312172455288822,-0.0280991445519325
KNN,MCAR_RandomSensorFailures,MCAR,20,503,0.8031319380719546,0.4965030730430071,0.0862528763140197,0.5557777197174238
SVR,MCAR_RandomSensorFailures,MCAR,20,503,1.231629651592413,0.8667802319326706,0.1322716666684996,-0.0446885038260485
MICE,MCAR_RandomSensorFailures,MCAR,20,503,0.9252037921227176,0.6912771002393597,0.0993628623944391,0.4104761879776375
MissForest,MCAR_RandomSensorFailures,MCAR,20,503,0.8445573247318482,0.5423737926587208,0.0907017826299781,0.5087700821259491
KNN_SVR,MCAR_RandomSensorFailures,MCAR,20,503,0.3882756691070279,0.2190403907421897,0.0416991177609366,0.8961738148725287
Mean,MCAR_RandomSensorFailures,MCAR,30,503,1.2140933275126793,1.0012387114185353,0.1303883417499526,-0.0324115359023851
KNN,MCAR_RandomSensorFailures,MCAR,30,503,0.904728699152881,0.5969757288492219,0.0971639264815117,0.4266953849405028
SVR,MCAR_RandomSensorFailures,MCAR,30,503,1.2211669284544142,0.8659779066258363,0.1311480157190727,-0.0444767390967228
MICE,MCAR_RandomSensorFailures,MCAR,30,503,0.9692550369267257,0.7282519537193433,0.1040937744519026,0.3420016006202589
MissForest,MCAR_RandomSensorFailures,MCAR,30,503,0.8950588606423185,0.5907658925697934,0.096125427891815,0.4388849769798697
KNN_SVR,MCAR_RandomSensorFailures,MCAR,30,503,0.4341584553517101,0.2406562128237611,0.0466267294014422,0.8679783273082837
Mean,MCAR_ConnectionIssues,MCAR,10,503,1.0370690242533906,0.8771289029537155,0.1113767016821273,-0.0045439770354576
KNN,MCAR_ConnectionIssues,MCAR,10,503,1.0984662040322022,0.8477853453275286,0.117970491696511,-0.1270080759741167
SVR,MCAR_ConnectionIssues,MCAR,10,503,1.788721490319539,1.3948269504805102,0.19210090665195,-1.9884024118479733
MICE,MCAR_ConnectionIssues,MCAR,10,503,1.0370690242533906,0.8771289029537155,0.1113767016821273,-0.0045439770354576
MissForest,MCAR_ConnectionIssues,MCAR,10,503,1.066871526908135,0.8557595044921243,0.1145773608185314,-0.0631092036712586
KNN_SVR,MCAR_ConnectionIssues,MCAR,10,503,1.1344099186203178,0.8791306246127243,0.121830690278674,-0.201970084646776
Mean,MCAR_ConnectionIssues,MCAR,20,503,1.148594198543078,0.963598516708098,0.1233540202370346,-0.000472720712439
KNN,MCAR_ConnectionIssues,MCAR,20,503,1.2428947546638958,0.9763529133581292,0.1334814897322192,-0.1714957709022007
SVR,MCAR_ConnectionIssues,MCAR,20,503,1.7481403041349284,1.3778041650862682,0.1877426637945432,-1.317525846169846
MICE,MCAR_ConnectionIssues,MCAR,20,503,1.148594198543078,0.963598516708098,0.1233540202370346,-0.000472720712439
MissForest,MCAR_ConnectionIssues,MCAR,20,503,1.196205421108914,0.9662321365414271,0.1284672584192801,-0.085134439893727
KNN_SVR,MCAR_ConnectionIssues,MCAR,20,503,1.2650993946543203,0.9842678383890212,0.1358661714711738,-0.2137278312935104
Mean,MCAR_ConnectionIssues,MCAR,30,503,1.1508988950769306,0.9635168002402488,0.123601534618735,-0.0007691263086933
KNN,MCAR_ConnectionIssues,MCAR,30,503,1.2438365135447471,0.9769153533937828,0.1335826305391241,-0.1689236781456962
SVR,MCAR_ConnectionIssues,MCAR,30,503,1.735835066460015,1.3646865309875151,0.1864211347992739,-1.276546197162438
MICE,MCAR_ConnectionIssues,MCAR,30,503,1.1508988950769306,0.9635168002402488,0.123601534618735,-0.0007691263086933
MissForest,MCAR_ConnectionIssues,MCAR,30,503,1.1968528338361877,0.9677922373485056,0.1285367877297738,-0.082283550083358
KNN_SVR,MCAR_ConnectionIssues,MCAR,30,503,1.2546792992489286,0.979971300052452,0.1347470985547871,-0.1893920137690607
Mean,MAR_ActivityDependent,MAR,10,503,1.0764181857798505,0.9095236708133404,0.1156026304508797,-0.0141517208195129
KNN,MAR_ActivityDependent,MAR,10,503,0.5306310160200662,0.3411867036671436,0.0569874627362421,0.7535515211675932
SVR,MAR_ActivityDependent,MAR,10,503,0.7788273798440095,0.4625561297855962,0.0836426724915514,0.4690870720761679
MICE,MAR_ActivityDependent,MAR,10,503,0.6740289817507478,0.487443411471368,0.0723877804368966,0.6023527161698878
MissForest,MAR_ActivityDependent,MAR,10,503,0.4596141375017912,0.2828875533809999,0.0493605589254566,0.81510394847978
KNN_SVR,MAR_ActivityDependent,MAR,10,503,0.3236347043316712,0.2077682689014556,0.0347569593492409,0.9083249719867628
Mean,MAR_ActivityDependent,MAR,20,503,1.0719595552951249,0.9042402942429874,0.115123792933034,-0.0081704452428779
KNN,MAR_ActivityDependent,MAR,20,503,0.5459868237190789,0.348263554385791,0.0586366096813187,0.7384579724806162
SVR,MAR_ActivityDependent,MAR,20,503,0.8520342995284006,0.5583555226525406,0.0915047771963234,0.3630705671989567
MICE,MAR_ActivityDependent,MAR,20,503,0.6836450541761302,0.4941575858798088,0.0734205047829416,0.5899483964393392
MissForest,MAR_ActivityDependent,MAR,20,503,0.5242021112693463,0.315418847084122,0.0562970263334392,0.7589124999102019
KNN_SVR,MAR_ActivityDependent,MAR,20,503,0.3538145497908761,0.2217824896109587,0.0379981434613037,0.8901680893612588
Mean,MAR_ActivityDependent,MAR,30,503,1.0719595552951249,0.9042402942429874,0.115123792933034,-0.0081704452428779
KNN,MAR_ActivityDependent,MAR,30,503,0.5459868237190789,0.348263554385791,0.0586366096813187,0.7384579724806162
SVR,MAR_ActivityDependent,MAR,30,503,0.8520342995284006,0.5583555226525406,0.0915047771963234,0.3630705671989567
MICE,MAR_ActivityDependent,MAR,30,503,0.6836450541761302,0.4941575858798088,0.0734205047829416,0.5899483964393392
MissForest,MAR_ActivityDependent,MAR,30,503,0.5242021112693463,0.3154188470841219,0.0562970263334392,0.7589124999102019
KNN_SVR,MAR_ActivityDependent,MAR,30,503,0.3538145497908761,0.2217824896109587,0.0379981434613037,0.8901680893612588
Mean,MAR_BatteryDepletion,MAR,10,503,0.7910209556298318,0.7175911671687452,0.0849522094856908,-0.5430626829707303
KNN,MAR_BatteryDepletion,MAR,10,503,0.5505987014839898,0.332134243772398,0.0591319052903903,0.2523850861761836
SVR,MAR_BatteryDepletion,MAR,10,503,1.6623467056171757,1.0763748768261725,0.1785288045384275,-5.814763753726868
MICE,MAR_BatteryDepletion,MAR,10,503,0.7522983484138986,0.5959253760026748,0.0807935699242132,-0.3956862740352014
MissForest,MAR_BatteryDepletion,MAR,10,503,0.4873273958999934,0.3210487796125558,0.0523368423174693,0.4143350363199867
KNN_SVR,MAR_BatteryDepletion,MAR,10,503,0.3912840782258742,0.2117403417152712,0.0420222078129308,0.6224348133862847
Mean,MAR_BatteryDepletion,MAR,20,503,1.0400787101435982,0.8666481781629585,0.1116999288538114,-0.0326486614037673
KNN,MAR_BatteryDepletion,MAR,20,503,0.670177810318601,0.4224113534473479,0.0719741813786915,0.5712538222044898
SVR,MAR_BatteryDepletion,MAR,20,503,1.6901633465989976,1.1530310290547336,0.1815161907701797,-1.7269522383429794
MICE,MAR_BatteryDepletion,MAR,20,503,0.7791797169661837,0.6237009207489619,0.0836805119657138,0.4204439409323972
MissForest,MAR_BatteryDepletion,MAR,20,503,0.5371097376030243,0.3569029479081335,0.0576832492501109,0.7246112307534467
KNN_SVR,MAR_BatteryDepletion,MAR,20,503,0.4024642827507655,0.2291848990671935,0.0432229131420775,0.8453767270942908
Mean,MAR_BatteryDepletion,MAR,30,503,1.1865243685088904,0.9618121764650904,0.1274275554851595,-0.0019364777817258
KNN,MAR_BatteryDepletion,MAR,30,503,0.7426888988947176,0.4677804043347962,0.0797615568494829,0.6074448048976033
SVR,MAR_BatteryDepletion,MAR,30,503,1.7318866279793903,1.2394038740890505,0.1859970896831994,-1.134645598733925
MICE,MAR_BatteryDepletion,MAR,30,503,0.851084313788103,0.6716988577771582,0.0914027528605029,0.4844960034542502
MissForest,MAR_BatteryDepletion,MAR,30,503,0.6253683135879982,0.3880935355365129,0.0671618363629067,0.7216709039199221
KNN_SVR,MAR_BatteryDepletion,MAR,30,503,0.4051989003354787,0.2281137983824842,0.0435165991743708,0.8831514357758128
Mean,MNAR_ValueDependent,MNAR,10,503,1.8692116659813844,1.7289271693295467,0.2007452013646239,-0.4413997581058719
KNN,MNAR_ValueDependent,MNAR,10,503,0.8728312519744986,0.5405125653384115,0.0937382794168279,0.6857118149985333
SVR,MNAR_ValueDependent,MNAR,10,503,1.4530729614674505,0.8274835958195754,0.1560537148125089,0.1289515299207608
MICE,MNAR_ValueDependent,MNAR,10,503,0.9218741662269634,0.5901883872988519,0.0990052750579824,0.6494009226246791
MissForest,MNAR_ValueDependent,MNAR,10,503,0.8856767315990451,0.548240164754576,0.0951178280472934,0.6763929687133843
KNN_SVR,MNAR_ValueDependent,MNAR,10,503,0.5906748028325077,0.3436740382432131,0.0634359042336525,0.8560656770901978
Mean,MNAR_ValueDependent,MNAR,20,503,1.8623403627205803,1.71071100890265,0.2000072532863877,-0.4260680918556823
KNN,MNAR_ValueDependent,MNAR,20,503,0.9236121601971204,0.5757121886891234,0.0991919280496469,0.6492469668825858
SVR,MNAR_ValueDependent,MNAR,20,503,1.611227852317858,0.9579743548716174,0.1730388620745212,-0.0674218099998746
MICE,MNAR_ValueDependent,MNAR,20,503,1.066024332188939,0.689763658654069,0.1144863757912093,0.5327423868065109
MissForest,MNAR_ValueDependent,MNAR,20,503,0.966440528012778,0.6126562414400587,0.1037915084383978,0.6159635744446362
KNN_SVR,MNAR_ValueDependent,MNAR,20,503,0.6286149170504317,0.3595324817618485,0.0675105074511941,0.8375231404510661
Mean,MNAR_ValueDependent,MNAR,30,503,1.8576381965640687,1.6949522367367584,0.1995022610968364,-0.4001875135405797
KNN,MNAR_ValueDependent,MNAR,30,503,1.0474112712907868,0.6623639196269294,0.1124874140224522,0.5548581547398276
SVR,MNAR_ValueDependent,MNAR,30,503,1.8313906007301903,1.131169587587278,0.1966833834882148,-0.3608990078447034
MICE,MNAR_ValueDependent,MNAR,30,503,1.1726836934529994,0.7585604249796308,0.1259411271947292,0.4420109094224936
MissForest,MNAR_ValueDependent,MNAR,30,503,1.0917927272312318,0.7081109134549375,0.1172537893194639,0.5163353692366051
KNN_SVR,MNAR_ValueDependent,MNAR,30,503,0.7271607496916092,0.4043490169985084,0.0780939011765972,0.7854518406149277
Mean,MNAR_RangeLimitation,MNAR,10,503,1.7805785771060636,1.5907499882858185,0.1912263931966344,-0.0602531247679467
KNN,MNAR_RangeLimitation,MNAR,10,503,1.2389070199370584,0.8427019828817383,0.1330532243702505,0.4867077573679361
SVR,MNAR_RangeLimitation,MNAR,10,503,1.5367605705827934,1.081936810582126,0.1650413999684129,0.2102317116433553
MICE,MNAR_RangeLimitation,MNAR,10,503,1.4311412365482357,1.0769273434355373,0.15369834296495,0.3150604179818863
MissForest,MNAR_RangeLimitation,MNAR,10,503,1.3835279042160806,1.031134026014725,0.1485848782029799,0.3598774613905704
KNN_SVR,MNAR_RangeLimitation,MNAR,10,503,0.8878450726670382,0.5345753755818212,0.0953506984451426,0.7363901397388626
Mean,MNAR_RangeLimitation,MNAR,20,503,1.663106188436225,1.4749430038622684,0.1786103696892436,-0.0523969132283828
KNN,MNAR_RangeLimitation,MNAR,20,503,1.2770361103811152,0.8824999564201657,0.1371481228123825,0.3794940330336666
SVR,MNAR_RangeLimitation,MNAR,20,503,1.5322401071368967,1.1209131290665602,0.1645559218595271,0.1067083828484551
MICE,MNAR_RangeLimitation,MNAR,20,503,1.3785895820472354,1.0563612896180237,0.1480545238850446,0.276881302890091
MissForest,MNAR_RangeLimitation,MNAR,20,503,1.385437872789261,1.0496083774242808,0.1487900005188744,0.2696791199444238
KNN_SVR,MNAR_RangeLimitation,MNAR,20,503,0.8130952924540077,0.4932362128505292,0.0873228972314434,0.7484510552757511
Mean,MNAR_RangeLimitation,MNAR,30,503,1.5875092501012031,1.3995274564248728,0.1704915873786029,-0.0464304908857513
KNN,MNAR_RangeLimitation,MNAR,30,503,1.3545490496375978,0.987089742189422,0.1454726752868808,0.2381537601098003
SVR,MNAR_RangeLimitation,MNAR,30,503,1.5382758213478651,1.168237009761764,0.1652041313088428,0.0174689490355071
MICE,MNAR_RangeLimitation,MNAR,30,503,1.3845964188900397,1.086055606247007,0.1486996320306436,0.2039794774097592
MissForest,MNAR_RangeLimitation,MNAR,30,503,1.39557270190142,1.0744266213970788,0.1498784370763513,0.1913086677140595
KNN_SVR,MNAR_RangeLimitation,MNAR,30,503,0.9036955432463188,0.5732964679672804,0.0970529700316465,0.6609044132684523
Mean,MCAR_RandomSensorFailures,MCAR,10,504,0.9032773062917864,0.7673681704129697,0.1020634064655836,-0.0001704052519406
KNN,MCAR_RandomSensorFailures,MCAR,10,504,0.6498763270056674,0.4076929544263204,0.0734310396746686,0.482282034650126
SVR,MCAR_RandomSensorFailures,MCAR,10,504,0.9314126089677528,0.6350467896252617,0.1052424798387851,-0.0634474323209082
MICE,MCAR_RandomSensorFailures,MCAR,10,504,0.7098612486418546,0.4954791145114848,0.0802088756682396,0.3822983825258084
MissForest,MCAR_RandomSensorFailures,MCAR,10,504,0.6314358956027855,0.3609454550894728,0.0713474123848393,0.5112459885173437
KNN_SVR,MCAR_RandomSensorFailures,MCAR,10,504,0.3507304399352049,0.1810775913616032,0.0396298492186366,0.849207854252031
Mean,MCAR_RandomSensorFailures,MCAR,20,504,0.9615041701650956,0.7982498978911445,0.1086425954182152,-0.0010894843885824
KNN,MCAR_RandomSensorFailures,MCAR,20,504,0.7827105479957825,0.5024985820347128,0.0884402876597761,0.3366038783870451
SVR,MCAR_RandomSensorFailures,MCAR,20,504,1.0910075733043154,0.752583308593462,0.1232754865372631,-0.2889203653294676
MICE,MCAR_RandomSensorFailures,MCAR,20,504,0.8163792836952762,0.5641775398748659,0.0922445965170271,0.2783036541351794
MissForest,MCAR_RandomSensorFailures,MCAR,20,504,0.7599160068008378,0.4608118574193872,0.0858646793643269,0.3746808336222342
KNN_SVR,MCAR_RandomSensorFailures,MCAR,20,504,0.463920946486085,0.2347011116965533,0.0524195081613312,0.7669449495927301
Mean,MCAR_RandomSensorFailures,MCAR,30,504,0.9576532922749084,0.8123537813842263,0.1082074757571567,-0.0027164564835751
KNN,MCAR_RandomSensorFailures,MCAR,30,504,0.7530981182890162,0.5023331365678886,0.0850943102633076,0.3798958248805835
SVR,MCAR_RandomSensorFailures,MCAR,30,504,1.2368787886080546,0.8712523278633663,0.1397578148715087,-0.6726913619089947
MICE,MCAR_RandomSensorFailures,MCAR,30,504,0.8554102537453391,0.6101927060556309,0.0966547967215685,0.1999623340970562
MissForest,MCAR_RandomSensorFailures,MCAR,30,504,0.7204019725185089,0.4494720315851153,0.0813998966071814,0.4325712753627324
KNN_SVR,MCAR_RandomSensorFailures,MCAR,30,504,0.4281791474476626,0.2262906539250432,0.0483809590494914,0.7995470016719105
Mean,MCAR_ConnectionIssues,MCAR,10,504,1.0619334314409778,0.8618842649968259,0.1199903315378334,-0.0039485411057222
KNN,MCAR_ConnectionIssues,MCAR,10,504,1.1724738204707683,0.888293390875081,0.1324805475300048,-0.2238358616631999
SVR,MCAR_ConnectionIssues,MCAR,10,504,1.3863476805972854,1.1187833422652331,0.1566466530730182,-0.7110440352010248
MICE,MCAR_ConnectionIssues,MCAR,10,504,1.0619334314409778,0.8618842649968259,0.1199903315378334,-0.0039485411057222
MissForest,MCAR_ConnectionIssues,MCAR,10,504,1.1230566555265311,0.8609897602282736,0.1268967869761322,-0.1228460050464628
KNN_SVR,MCAR_ConnectionIssues,MCAR,10,504,1.1131475030329328,0.8408938991715813,0.1257771287586181,-0.1031188331472223
Mean,MCAR_ConnectionIssues,MCAR,20,504,0.965281225896571,0.79576165681129,0.1090693737416376,-0.0143348904409623
KNN,MCAR_ConnectionIssues,MCAR,20,504,1.0202673045235704,0.7743744144969338,0.1152823788218772,-0.1331870016127123
SVR,MCAR_ConnectionIssues,MCAR,20,504,1.3259083018952753,1.063801709569897,0.1498174669172022,-0.9138179562768904
MICE,MCAR_ConnectionIssues,MCAR,20,504,0.965281225896571,0.7957616568112901,0.1090693737416376,-0.0143348904409623
MissForest,MCAR_ConnectionIssues,MCAR,20,504,0.9815991371510396,0.7527916982142246,0.1109131725367954,-0.0489190699585364
KNN_SVR,MCAR_ConnectionIssues,MCAR,20,504,0.966011370544584,0.7168163847519342,0.1091518744858385,-0.0158699690752479
Mean,MCAR_ConnectionIssues,MCAR,30,504,0.949723573987642,0.7974331274533901,0.1073114784204879,-0.008697839424842
KNN,MCAR_ConnectionIssues,MCAR,30,504,1.0068452215970785,0.7796765657133663,0.1137657864135445,-0.1336841656400667
SVR,MCAR_ConnectionIssues,MCAR,30,504,1.3546624197307409,1.0973717465899118,0.153066461656424,-1.052243176220832
MICE,MCAR_ConnectionIssues,MCAR,30,504,0.949723573987642,0.7974331274533901,0.1073114784204879,-0.0086978394248422
MissForest,MCAR_ConnectionIssues,MCAR,30,504,0.9654928213486764,0.7553035586925001,0.1090932824045522,-0.0424728482236029
KNN_SVR,MCAR_ConnectionIssues,MCAR,30,504,0.954139252262674,0.7283227276625898,0.1078104161923843,-0.0180993953051959
Mean,MAR_ActivityDependent,MAR,10,504,0.8864979022597212,0.7314275064519259,0.1001674625267223,-0.0002693892888292
KNN,MAR_ActivityDependent,MAR,10,504,0.4708095691927977,0.3119712125250459,0.0531978696837629,0.7178681500341817
SVR,MAR_ActivityDependent,MAR,10,504,0.9902335452438972,0.5541297532846345,0.1118887944157385,-0.2480639040573145
MICE,MAR_ActivityDependent,MAR,10,504,0.5412184937057687,0.3726101069981729,0.0611535380386707,0.6271734685387306
MissForest,MAR_ActivityDependent,MAR,10,504,0.5101565494875454,0.2925375387469536,0.0576437766218022,0.6687403892731523
KNN_SVR,MAR_ActivityDependent,MAR,10,504,0.3464250148935784,0.2220986422009612,0.0391433692163496,0.8472504137218788
Mean,MAR_ActivityDependent,MAR,20,504,0.8961830854220992,0.7372758792182438,0.1012618139279033,-2.500541960515079e-05
KNN,MAR_ActivityDependent,MAR,20,504,0.4905586081556976,0.3266330957855765,0.0554293595893932,0.7003604225409684
SVR,MAR_ActivityDependent,MAR,20,504,1.1321915566360343,0.6873909844550892,0.127928960726616,-0.596089342176332
MICE,MAR_ActivityDependent,MAR,20,504,0.5773515523559465,0.4040084475985934,0.0652362964852408,0.5849522634779472
MissForest,MAR_ActivityDependent,MAR,20,504,0.5923667003737483,0.3351107071854032,0.0669328930283037,0.5630832970095392
KNN_SVR,MAR_ActivityDependent,MAR,20,504,0.354640495688422,0.23027548661902,0.0400716555242572,0.8433991825724365
Mean,MAR_ActivityDependent,MAR,30,504,0.8961830854220992,0.7372758792182438,0.1012618139279033,-2.500541960515079e-05
KNN,MAR_ActivityDependent,MAR,30,504,0.4905586081556976,0.3266330957855765,0.0554293595893932,0.7003604225409684
SVR,MAR_ActivityDependent,MAR,30,504,1.1321915566360343,0.6873909844550892,0.127928960726616,-0.596089342176332
MICE,MAR_ActivityDependent,MAR,30,504,0.5773515523559465,0.4040084475985934,0.0652362964852408,0.5849522634779472
MissForest,MAR_ActivityDependent,MAR,30,504,0.5923667003737483,0.3351107071854032,0.0669328930283037,0.5630832970095392
KNN_SVR,MAR_ActivityDependent,MAR,30,504,0.354640495688422,0.23027548661902,0.0400716555242572,0.8433991825724365
Mean,MAR_BatteryDepletion,MAR,10,504,0.9527785860191276,0.8309179823561713,0.1076566713446928,-0.001687837051927
KNN,MAR_BatteryDepletion,MAR,10,504,0.7129667229858522,0.453978934081899,0.0805597704466561,0.4390980560739572
SVR,MAR_BatteryDepletion,MAR,10,504,1.5146226527063775,1.0101800627168325,0.1711407409090991,-1.5313798614787313
MICE,MAR_BatteryDepletion,MAR,10,504,0.943826705396124,0.6858879162783231,0.1066451775052119,0.0170465576127579
MissForest,MAR_BatteryDepletion,MAR,10,504,0.5460188428372047,0.3211036729593233,0.0616959406664859,0.671024401631054
KNN_SVR,MAR_BatteryDepletion,MAR,10,504,0.3995823391346761,0.2272923131532167,0.0451497390795701,0.8238182194388894
Mean,MAR_BatteryDepletion,MAR,20,504,0.9431385881663804,0.8262834066824987,0.1065674255368783,-0.0096653271481159
KNN,MAR_BatteryDepletion,MAR,20,504,0.6253727210668166,0.3913214190473718,0.0706623201735927,0.556080440810915
SVR,MAR_BatteryDepletion,MAR,20,504,1.6872392135605836,1.1566365577172886,0.1906450881238877,-2.231318260094268
MICE,MAR_BatteryDepletion,MAR,20,504,0.8558051054891658,0.6188189248425736,0.0966994119396672,0.1686648182037843
MissForest,MAR_BatteryDepletion,MAR,20,504,0.5263907429024249,0.3187566498775903,0.0594781159432957,0.6854838865383353
KNN_SVR,MAR_BatteryDepletion,MAR,20,504,0.3872880926869217,0.2147768442450805,0.0437605835415698,0.829747027432667
Mean,MAR_BatteryDepletion,MAR,30,504,0.9532408492310428,0.8352178897876273,0.1077089035415643,-0.0182636300932041
KNN,MAR_BatteryDepletion,MAR,30,504,0.6831572157399863,0.4324613650263509,0.0771915248000742,0.4770065352349363
SVR,MAR_BatteryDepletion,MAR,30,504,1.8253236293984167,1.2729979013904091,0.2062475678519313,-2.733659373161457
MICE,MAR_BatteryDepletion,MAR,30,504,0.8825575800711195,0.6377118958011,0.0997222363460806,0.1271471365062236
MissForest,MAR_BatteryDepletion,MAR,30,504,0.5514852327619951,0.33247190076902,0.0623136007946736,0.6591818475969502
KNN_SVR,MAR_BatteryDepletion,MAR,30,504,0.3639188343879188,0.2032270879589262,0.0411200366220839,0.851589711982017
Mean,MNAR_ValueDependent,MNAR,10,504,1.5502717708277105,1.4685119068242252,0.1751688177882738,-0.4329592810327594
KNN,MNAR_ValueDependent,MNAR,10,504,0.7263908063400704,0.4390995680326434,0.0820765888879763,0.6853999050031412
SVR,MNAR_ValueDependent,MNAR,10,504,0.8400992738981367,0.526487229260672,0.0949247734511437,0.579196454399821
MICE,MNAR_ValueDependent,MNAR,10,504,0.8224818782298943,0.5535566902812424,0.0929341428857258,0.5966604145934993
MissForest,MNAR_ValueDependent,MNAR,10,504,0.7784620199159056,0.4858580009649573,0.0879602365777035,0.6386791449253909
KNN_SVR,MNAR_ValueDependent,MNAR,10,504,0.5903554679702446,0.3272201613881307,0.0667056391951057,0.7922000915213705
Mean,MNAR_ValueDependent,MNAR,20,504,1.5589842143367916,1.4639135795202478,0.1761532570706314,-0.4589095205250513
KNN,MNAR_ValueDependent,MNAR,20,504,0.7711390090804466,0.4605696400536113,0.0871327925289654,0.6430476306306983
SVR,MNAR_ValueDependent,MNAR,20,504,0.99679415136521,0.6516489087505738,0.1126300925802734,0.4035749368372949
MICE,MNAR_ValueDependent,MNAR,20,504,0.9197342338101958,0.6216233866622272,0.1039229130321567,0.4922269738011213
MissForest,MNAR_ValueDependent,MNAR,20,504,0.8290319428528189,0.5076856644994368,0.0936742499418079,0.5874396833602509
KNN_SVR,MNAR_ValueDependent,MNAR,20,504,0.6193499964820586,0.3397628841188417,0.0699817984965365,0.7697406884133304
Mean,MNAR_ValueDependent,MNAR,30,504,1.536114696467282,1.4498884965973151,0.1735691769861112,-0.5015007455049956
KNN,MNAR_ValueDependent,MNAR,30,504,0.8784756559593848,0.5538173096754256,0.0992610102343697,0.5089364199322064
SVR,MNAR_ValueDependent,MNAR,30,504,1.110874001690528,0.8024401890423135,0.1255202405472198,0.2147501365621891
MICE,MNAR_ValueDependent,MNAR,30,504,1.0485991360493283,0.7509780499277731,0.1184836584475095,0.3003235525978316
MissForest,MNAR_ValueDependent,MNAR,30,504,0.89930465249545,0.5958112094708385,0.1016145270612874,0.4853737389703301
KNN_SVR,MNAR_ValueDependent,MNAR,30,504,0.6031219441139848,0.3514480951384707,0.0681481530662234,0.7685332977553219
Mean,MNAR_RangeLimitation,MNAR,10,504,1.6031367265954826,1.4355856993756937,0.1811421522568011,-0.0354822539669918
KNN,MNAR_RangeLimitation,MNAR,10,504,1.2878503941424535,0.8787738060691851,0.145517215287775,0.3317601611375582
SVR,MNAR_RangeLimitation,MNAR,10,504,1.448062332680381,1.03839256281891,0.1636199353381262,0.1551569287547881
MICE,MNAR_RangeLimitation,MNAR,10,504,1.361062950946382,1.0161218557293183,0.1537896725845712,0.2536234983632519
MissForest,MNAR_RangeLimitation,MNAR,10,504,1.3508133257513664,0.942360007459553,0.1526315435636027,0.2648225021038864
KNN_SVR,MNAR_RangeLimitation,MNAR,10,504,1.027093663605711,0.6009668664450037,0.1160537050323638,0.5749679955851579
Mean,MNAR_RangeLimitation,MNAR,20,504,1.412960583960235,1.2733269181206055,0.1596537070023512,-0.0286968838602919
KNN,MNAR_RangeLimitation,MNAR,20,504,1.217061963199643,0.8811889679740081,0.1375186656175333,0.2367747853042868
SVR,MNAR_RangeLimitation,MNAR,20,504,1.3488651387482542,1.019036517365263,0.1524114133770204,0.0625148621295113
MICE,MNAR_RangeLimitation,MNAR,20,504,1.227954058728814,0.9695700673189525,0.1387493888577966,0.2230526884153471
MissForest,MNAR_RangeLimitation,MNAR,20,504,1.2330527524806736,0.9302226887633016,0.1393255021390833,0.2165872337122014
KNN_SVR,MNAR_RangeLimitation,MNAR,20,504,0.8616954460342198,0.5069001953541024,0.0973649752357701,0.617408844597521
Mean,MNAR_RangeLimitation,MNAR,30,504,1.3087998505607084,1.1787183573030429,0.1478843431573183,-0.0225656813108106
KNN,MNAR_RangeLimitation,MNAR,30,504,1.1841764684535043,0.896661936100181,0.1338028569796788,0.1628995160452977
SVR,MNAR_RangeLimitation,MNAR,30,504,1.3615260270106797,1.0408870169425155,0.1538419966275264,-0.106615210060194
MICE,MNAR_RangeLimitation,MNAR,30,504,1.163493415224259,0.9468049090232769,0.1314658306268836,0.1918860586823437
MissForest,MNAR_RangeLimitation,MNAR,30,504,1.1942654908838282,0.9287133962559604,0.1349428391202396,0.1485747880178967
KNN_SVR,MNAR_RangeLimitation,MNAR,30,504,0.7767170505821249,0.4617188217715223,0.0877630684288493,0.6398607817404443
Mean,MCAR_RandomSensorFailures,MCAR,10,505,1.0303171443762078,0.8487354684653488,0.1230182714070752,-0.142999159045448
KNN,MCAR_RandomSensorFailures,MCAR,10,505,0.8735733791244165,0.5716710242786955,0.1043033085819287,0.1783197657918401
SVR,MCAR_RandomSensorFailures,MCAR,10,505,1.2228153764362686,0.7947739867952438,0.1460022621969052,-0.6099998672032707
MICE,MCAR_RandomSensorFailures,MCAR,10,505,0.9171711325282956,0.668198585655109,0.1095088128193879,0.0942573634283566
MissForest,MCAR_RandomSensorFailures,MCAR,10,505,0.9948468296574196,0.6665456660301453,0.118783170761815,-0.065654684600154
KNN_SVR,MCAR_RandomSensorFailures,MCAR,10,505,0.5574973903525803,0.2811861417308688,0.0665643250230997,0.6653508429137891
Mean,MCAR_RandomSensorFailures,MCAR,20,505,1.0163595325364605,0.8604412370241108,0.1213517541692821,-0.1367952063354478
KNN,MCAR_RandomSensorFailures,MCAR,20,505,0.907137016607654,0.6150402188001326,0.1083107549180968,0.0944065301902168
SVR,MCAR_RandomSensorFailures,MCAR,20,505,1.212029139514354,0.7956977427672168,0.1447144022128568,-0.616641139858694
MICE,MCAR_RandomSensorFailures,MCAR,20,505,0.9439844249355208,0.7094978105085598,0.1127102784076038,0.019342934816649
MissForest,MCAR_RandomSensorFailures,MCAR,20,505,0.9951455737216626,0.683302312786204,0.1188188403404267,-0.0898349601828103
KNN_SVR,MCAR_RandomSensorFailures,MCAR,20,505,0.5619036765871442,0.2833104883293884,0.0670904287755797,0.6525348507195734
Mean,MCAR_RandomSensorFailures,MCAR,30,505,1.0066891826384534,0.8289551821178129,0.1201971293677365,-0.1257723966156574
KNN,MCAR_RandomSensorFailures,MCAR,30,505,0.8918563265387118,0.6012573290581563,0.1064862641887626,0.116412452428968
SVR,MCAR_RandomSensorFailures,MCAR,30,505,1.1920761412722936,0.7629846136485634,0.1423320451235619,-0.5785843165480127
MICE,MCAR_RandomSensorFailures,MCAR,30,505,0.9080337148269142,0.6683153779317922,0.108417819296778,0.084066929595633
MissForest,MCAR_RandomSensorFailures,MCAR,30,505,0.9974368114773224,0.6800184689717979,0.1190924105800586,-0.1051737892651649
KNN_SVR,MCAR_RandomSensorFailures,MCAR,30,505,0.624368053563632,0.3322487357807255,0.0745485786492478,0.5669469122295441
Mean,MCAR_ConnectionIssues,MCAR,10,505,1.090097819605511,0.8747045157739849,0.1301559914483243,-0.135935882495789
KNN,MCAR_ConnectionIssues,MCAR,10,505,1.3758107176393926,1.087807584574832,0.1642696689957497,-0.8094236111517092
SVR,MCAR_ConnectionIssues,MCAR,10,505,1.5131528864700836,1.0378542194567602,0.180668111255079,-1.1887113890404195
MICE,MCAR_ConnectionIssues,MCAR,10,505,1.0900978196055109,0.8747045157739847,0.1301559914483243,-0.1359358824957885
MissForest,MCAR_ConnectionIssues,MCAR,10,505,1.2504373286005264,0.9906421598458522,0.1493002805077556,-0.494674882527464
KNN_SVR,MCAR_ConnectionIssues,MCAR,10,505,0.9904278297507252,0.6227496005824978,0.118255549016572,0.0622900022146882
Mean,MCAR_ConnectionIssues,MCAR,20,505,1.0892932684106649,0.8941167083143935,0.1300599292816519,-0.1434992753546895
KNN,MCAR_ConnectionIssues,MCAR,20,505,1.381574396748766,1.117905632370128,0.1649578433553149,-0.8394788839129279
SVR,MCAR_ConnectionIssues,MCAR,20,505,1.4927869392653144,1.0391037508779852,0.1782364486991624,-1.147543193186925
MICE,MCAR_ConnectionIssues,MCAR,20,505,1.0892932684106649,0.8941167083143934,0.1300599292816519,-0.1434992753546893
MissForest,MCAR_ConnectionIssues,MCAR,20,505,1.2527130057438058,1.018855308343573,0.1495719928343678,-0.512339957411621
KNN_SVR,MCAR_ConnectionIssues,MCAR,20,505,0.9308216327204224,0.5718439774759695,0.1111386614020726,0.1650140073804573
Mean,MCAR_ConnectionIssues,MCAR,30,505,1.0100803313877014,0.8177424611956449,0.1206020272765929,-0.1498569077400431
KNN,MCAR_ConnectionIssues,MCAR,30,505,1.2793186685751716,1.007720304814972,0.1527486677727778,-0.8445458053497257
SVR,MCAR_ConnectionIssues,MCAR,30,505,1.4845284611290637,1.0254003410698584,0.1772503991994331,-1.4837565539669186
MICE,MCAR_ConnectionIssues,MCAR,30,505,1.0100803313877014,0.8177424611956445,0.1206020272765929,-0.1498569077400429
MissForest,MCAR_ConnectionIssues,MCAR,30,505,1.1542195269553526,0.9141368338096144,0.1378120240018966,-0.5014428440185821
KNN_SVR,MCAR_ConnectionIssues,MCAR,30,505,0.8725325149030834,0.555772193359193,0.1041790310058671,0.1419843497921707
Mean,MAR_ActivityDependent,MAR,10,505,1.0800002230136174,0.8265184465801279,0.128950354053197,-0.3615952256606538
KNN,MAR_ActivityDependent,MAR,10,505,0.709497428526329,0.3516131689022941,0.0847128941816426,0.412372676925684
SVR,MAR_ActivityDependent,MAR,10,505,0.8220595183390281,0.477662610742033,0.0981526333826337,0.2111274324037357
MICE,MAR_ActivityDependent,MAR,10,505,0.7896536474333067,0.5071478492360784,0.0942834225828113,0.2720968126953391
MissForest,MAR_ActivityDependent,MAR,10,505,0.6563018010712904,0.3429693938981406,0.0783614186465096,0.4971858143202943
KNN_SVR,MAR_ActivityDependent,MAR,10,505,0.4900650628720709,0.2442062469219073,0.0585130095530165,0.7196453172963364
Mean,MAR_ActivityDependent,MAR,20,505,1.0717534592740223,0.8226566454391532,0.1279657032342866,-0.3265321109272125
KNN,MAR_ActivityDependent,MAR,20,505,0.6882747583366661,0.3455481883678764,0.0821789402281194,0.4529189590558599
SVR,MAR_ActivityDependent,MAR,20,505,0.9235006191854368,0.5403795948032531,0.1102645437239018,0.0150768139223027
MICE,MAR_ActivityDependent,MAR,20,505,0.7960298492073051,0.5383784489275514,0.0950447311999312,0.2682096377955311
MissForest,MAR_ActivityDependent,MAR,20,505,0.7519400351116741,0.4059681552582998,0.0897804756779214,0.3470282446428488
KNN_SVR,MAR_ActivityDependent,MAR,20,505,0.4915093198657692,0.2405621358074148,0.0586854516013723,0.7210081647069126
Mean,MAR_ActivityDependent,MAR,30,505,1.0717534592740223,0.8226566454391532,0.1279657032342866,-0.3265321109272125
KNN,MAR_ActivityDependent,MAR,30,505,0.6882747583366661,0.3455481883678764,0.0821789402281194,0.4529189590558599
SVR,MAR_ActivityDependent,MAR,30,505,0.9235006191854368,0.5403795948032531,0.1102645437239018,0.0150768139223027
MICE,MAR_ActivityDependent,MAR,30,505,0.7960298492073051,0.5383784489275514,0.0950447311999312,0.2682096377955311
MissForest,MAR_ActivityDependent,MAR,30,505,0.7519400351116741,0.4059681552582998,0.0897804756779214,0.3470282446428488
KNN_SVR,MAR_ActivityDependent,MAR,30,505,0.4915093198657692,0.2405621358074148,0.0586854516013723,0.7210081647069126
Mean,MAR_BatteryDepletion,MAR,10,505,0.746176939141108,0.5919750486032065,0.0890923709442266,-0.2529165404550977
KNN,MAR_BatteryDepletion,MAR,10,505,0.7596599368409155,0.4708913067082456,0.0907022199887362,-0.2986046181326116
SVR,MAR_BatteryDepletion,MAR,10,505,1.467295831482589,0.9890652029084172,0.1751928499074711,-3.8447778098831087
MICE,MAR_BatteryDepletion,MAR,10,505,0.7434248053706709,0.5343696478890956,0.0887637704342107,-0.2436912890877081
MissForest,MAR_BatteryDepletion,MAR,10,505,0.6525244500132049,0.3763044832058213,0.0779104087800818,0.0418531516242152
KNN_SVR,MAR_BatteryDepletion,MAR,10,505,0.6267466535960713,0.3518454275333906,0.074832579809431,0.1160604936852615
Mean,MAR_BatteryDepletion,MAR,20,505,0.6918852177511794,0.5578932095398363,0.0826100234907664,-0.1388433289928687
KNN,MAR_BatteryDepletion,MAR,20,505,0.6704103152577858,0.4133303550252089,0.0800459533908049,-0.0692450642863193
SVR,MAR_BatteryDepletion,MAR,20,505,1.4667718911247332,0.9862183958464288,0.175130292240159,-4.118244584881174
MICE,MAR_BatteryDepletion,MAR,20,505,0.6977529619635979,0.5083642631202179,0.0833106230624717,-0.1582418576050799
MissForest,MAR_BatteryDepletion,MAR,20,505,0.5556012975552814,0.3177049041564102,0.066337934479543,0.2656173956903962
KNN_SVR,MAR_BatteryDepletion,MAR,20,505,0.5903321361762495,0.3310842869392219,0.0704847428239352,0.1709347163944949
Mean,MAR_BatteryDepletion,MAR,30,505,0.7213151990125845,0.5882538924650892,0.086123917675758,-0.1044607628328351
KNN,MAR_BatteryDepletion,MAR,30,505,0.665185603648712,0.4116912276933198,0.0794221309160873,0.0607400430712606
SVR,MAR_BatteryDepletion,MAR,30,505,1.4096635378138591,0.959476735236193,0.1683116432973991,-3.2182377874686825
MICE,MAR_BatteryDepletion,MAR,30,505,0.705174414616947,0.5207075011426607,0.0841967330158271,-0.0555850195415075
MissForest,MAR_BatteryDepletion,MAR,30,505,0.5560346940508422,0.3238520763900232,0.0663896813499205,0.3436977309598554
KNN_SVR,MAR_BatteryDepletion,MAR,30,505,0.6009746864553649,0.3357259632124572,0.0717554468453579,0.2333229131849727
Mean,MNAR_ValueDependent,MNAR,10,505,1.282356302176674,0.9303642073817568,0.1531113565204751,-0.0251113666622633
KNN,MNAR_ValueDependent,MNAR,10,505,0.9098799531335262,0.4536306905558515,0.1086382572913553,0.4839143051097881
SVR,MNAR_ValueDependent,MNAR,10,505,1.2144402570249917,0.635550730743876,0.1450022859095777,0.0805969540496893
MICE,MNAR_ValueDependent,MNAR,10,505,1.184262042421904,0.7406518937987252,0.1413990538223632,0.1257226094004623
MissForest,MNAR_ValueDependent,MNAR,10,505,1.0039393233805034,0.5030432288175352,0.119868800430989,0.371697830857935
KNN_SVR,MNAR_ValueDependent,MNAR,10,505,0.9164034389454396,0.4386783548326836,0.1094171513945065,0.4764875086793663
Mean,MNAR_ValueDependent,MNAR,20,505,1.3544678063130355,0.978964389666302,0.1617213584367202,-0.0224795658238905
KNN,MNAR_ValueDependent,MNAR,20,505,1.0220173968205422,0.5121770598334479,0.1220272944025808,0.4178514227619435
SVR,MNAR_ValueDependent,MNAR,20,505,1.3088453674415246,0.7473491696611297,0.1562741098900155,0.0452405977949114
MICE,MNAR_ValueDependent,MNAR,20,505,1.2442608280872625,0.777115038485571,0.1485628159118941,0.1371404280789563
MissForest,MNAR_ValueDependent,MNAR,20,505,1.0389802061350002,0.537527806894217,0.1240526275647654,0.3983667762976343
KNN_SVR,MNAR_ValueDependent,MNAR,20,505,0.9727868417038944,0.4728819487440427,0.1161492423640239,0.4725848040636692
Mean,MNAR_ValueDependent,MNAR,30,505,1.3418408746385562,0.9718479762065364,0.1602137223498626,-0.014455949336646
KNN,MNAR_ValueDependent,MNAR,30,505,1.0277704240527876,0.5336749808182587,0.1227141969445134,0.4048541752149232
SVR,MNAR_ValueDependent,MNAR,30,505,1.3970448264281876,0.8393810552971424,0.1668049887002945,-0.0996433243437491
MICE,MNAR_ValueDependent,MNAR,30,505,1.2732517414697644,0.8001739855528999,0.1520242860721202,0.0866027136156095
MissForest,MNAR_ValueDependent,MNAR,30,505,1.0780703462236194,0.5724776817931885,0.1287199297532326,0.345174836528868
KNN_SVR,MNAR_ValueDependent,MNAR,30,505,0.982370235140826,0.4950781407907981,0.1172934846987848,0.4562721855777154
Mean,MNAR_RangeLimitation,MNAR,10,505,1.440682507561563,1.1161528292800202,0.1720152602468202,-0.0117481236368441
KNN,MNAR_RangeLimitation,MNAR,10,505,1.1652646815582877,0.6711246968414577,0.1391307983560782,0.3381112365504266
SVR,MNAR_RangeLimitation,MNAR,10,505,1.538926368225439,0.9602597323011792,0.1837454250617955,-0.1544404180486045
MICE,MNAR_RangeLimitation,MNAR,10,505,1.2485191113812046,0.8316679725892351,0.1490712483424731,0.2401528644638311
MissForest,MNAR_RangeLimitation,MNAR,10,505,1.191070891268312,0.7196467391041537,0.142212019829897,0.3084699395249944
KNN_SVR,MNAR_RangeLimitation,MNAR,10,505,1.0541864286795963,0.5648160323682301,0.1258682269870191,0.4582852220539466
Mean,MNAR_RangeLimitation,MNAR,20,505,1.333237108035726,1.0169791318873238,0.159186445941965,-0.0214586718248022
KNN,MNAR_RangeLimitation,MNAR,20,505,1.086607847488312,0.6194572265444327,0.1297392941823804,0.3214971310048304
SVR,MNAR_RangeLimitation,MNAR,20,505,1.3448034743417991,0.8923188196160666,0.1605674521663112,-0.0392586762463829
MICE,MNAR_RangeLimitation,MNAR,20,505,1.2021262946861906,0.8095636636672667,0.1435320178767108,0.1695639241046973
MissForest,MNAR_RangeLimitation,MNAR,20,505,1.2398086394665797,0.7734586625617949,0.1480312314855996,0.1166855587992059
KNN_SVR,MNAR_RangeLimitation,MNAR,20,505,0.93678898005716,0.5319872420585454,0.1118511534325683,0.4956993121479383
Mean,MNAR_RangeLimitation,MNAR,30,505,1.2481394132876262,0.9517122542031532,0.1490259129781306,-0.0330037151708353
KNN,MNAR_RangeLimitation,MNAR,30,505,1.041751187470339,0.600957761871997,0.1243834784448418,0.2803792178122374
SVR,MNAR_RangeLimitation,MNAR,30,505,1.253354937410163,0.8671740749393547,0.1496486384811842,-0.0416548518502468
MICE,MNAR_RangeLimitation,MNAR,30,505,1.1254538881455427,0.7741876652211211,0.1343774512767717,0.1600931941281711
MissForest,MNAR_RangeLimitation,MNAR,30,505,1.1954397596672302,0.7573904463579538,0.1427336559507492,0.0523868453367185
KNN_SVR,MNAR_RangeLimitation,MNAR,30,505,0.8799396653326672,0.5184123325667013,0.1050634332958544,0.486569719261939
Mean,MCAR_RandomSensorFailures,MCAR,10,506,0.9668440179409764,0.8078958995847081,0.1400512851573301,-0.0271030953289943
KNN,MCAR_RandomSensorFailures,MCAR,10,506,0.4893257658188872,0.296487964067306,0.0708808257504403,0.7369142180581556
SVR,MCAR_RandomSensorFailures,MCAR,10,506,1.0800628869151367,0.782852861050875,0.1564514984385365,-0.2817381036600508
MICE,MCAR_RandomSensorFailures,MCAR,10,506,0.6670629931340881,0.5557935996905635,0.0966267854335812,0.5110832629623423
MissForest,MCAR_RandomSensorFailures,MCAR,10,506,0.5377209633492017,0.3395677774148325,0.0778910667860084,0.6823015140973584
KNN_SVR,MCAR_RandomSensorFailures,MCAR,10,506,0.3480993763341767,0.2212722080070395,0.050423609303484,0.8668602615665241
Mean,MCAR_RandomSensorFailures,MCAR,20,506,1.0387142808256404,0.8482844776397485,0.1504619848098224,-0.0510394298236112
KNN,MCAR_RandomSensorFailures,MCAR,20,506,0.7581857984653148,0.4701896273091225,0.1098262940998888,0.4400128071764814
SVR,MCAR_RandomSensorFailures,MCAR,20,506,1.1684946223141286,0.8291756110893866,0.1692611946889174,-0.3300875849458038
MICE,MCAR_RandomSensorFailures,MCAR,20,506,0.7703791849152424,0.5929900953996579,0.1115925556798788,0.4218561853287162
MissForest,MCAR_RandomSensorFailures,MCAR,20,506,0.7466120583163101,0.4618642615731649,0.1081497908047688,0.4569787771951284
KNN_SVR,MCAR_RandomSensorFailures,MCAR,20,506,0.4694403347438086,0.2811333032941885,0.0680003402467876,0.785321966970585
Mean,MCAR_RandomSensorFailures,MCAR,30,506,1.0558645414582255,0.8650689579974392,0.1529462697594174,-0.0971222705440533
KNN,MCAR_RandomSensorFailures,MCAR,30,506,0.8399418930347724,0.555441831847886,0.1216689966469668,0.3057160822399613
SVR,MCAR_RandomSensorFailures,MCAR,30,506,1.237610069235836,0.918824870412769,0.1792728480538755,-0.5073228690917435
MICE,MCAR_RandomSensorFailures,MCAR,30,506,0.838586630382342,0.6488764870365948,0.1214726813441087,0.3079547560376436
MissForest,MCAR_RandomSensorFailures,MCAR,30,506,0.7943236621491339,0.5237641311209765,0.1150610105151981,0.3790829006909664
KNN_SVR,MCAR_RandomSensorFailures,MCAR,30,506,0.4736743147932251,0.2982016116707661,0.0686136494634223,0.7792003955064017
Mean,MCAR_ConnectionIssues,MCAR,10,506,0.9883329975009444,0.809607543091379,0.1431640511756816,-0.168913579219035
KNN,MCAR_ConnectionIssues,MCAR,10,506,1.0711545763638597,0.835972821839181,0.1551610934526899,-0.3730302585241805
SVR,MCAR_ConnectionIssues,MCAR,10,506,1.4496514862035936,1.1158697888779294,0.2099879090170273,-1.5147975193035013
MICE,MCAR_ConnectionIssues,MCAR,10,506,0.9883329975009444,0.809607543091379,0.1431640511756816,-0.168913579219035
MissForest,MCAR_ConnectionIssues,MCAR,10,506,0.9899873979271616,0.7625555864698588,0.1434036978007391,-0.1728302139857356
KNN_SVR,MCAR_ConnectionIssues,MCAR,10,506,0.9756473127572868,0.7571970920876543,0.1413264781871932,-0.1390991254593818
Mean,MCAR_ConnectionIssues,MCAR,20,506,1.0387268098558895,0.8487493725719548,0.1504637996907707,-0.0603672439358942
KNN,MCAR_ConnectionIssues,MCAR,20,506,1.1810605860938497,0.9325398789667764,0.1710814256092455,-0.370875372782518
SVR,MCAR_ConnectionIssues,MCAR,20,506,1.5475849480158166,1.2428160711985003,0.2241739689524423,-1.3537623700612764
MICE,MCAR_ConnectionIssues,MCAR,20,506,1.0387268098558895,0.8487493725719548,0.1504637996907707,-0.0603672439358942
MissForest,MCAR_ConnectionIssues,MCAR,20,506,1.086448885642343,0.8491639123931224,0.1573765363062403,-0.1600380080767911
KNN_SVR,MCAR_ConnectionIssues,MCAR,20,506,1.076826888605324,0.8516741131737198,0.1559827509325826,-0.1395815364937798
Mean,MCAR_ConnectionIssues,MCAR,30,506,1.0505804295472856,0.8537723504269042,0.1521808446750089,-0.0605955378716391
KNN,MCAR_ConnectionIssues,MCAR,30,506,1.1978184311698876,0.9398435854570804,0.1735088675707366,-0.3787107620023497
SVR,MCAR_ConnectionIssues,MCAR,30,506,1.539340052377866,1.236020642994868,0.2229796623128438,-1.276985797968289
MICE,MCAR_ConnectionIssues,MCAR,30,506,1.0505804295472856,0.853772350426904,0.1521808446750089,-0.0605955378716391
MissForest,MCAR_ConnectionIssues,MCAR,30,506,1.1022969011516672,0.8569831967978708,0.1596721857575354,-0.1675845936532096
KNN_SVR,MCAR_ConnectionIssues,MCAR,30,506,1.0903128707998109,0.8513142218041577,0.1579362502591535,-0.1423349398193005
Mean,MAR_ActivityDependent,MAR,10,506,1.0811153311163548,0.8757321807612211,0.1566039492581122,-0.0610283412586796
KNN,MAR_ActivityDependent,MAR,10,506,0.5836119394355112,0.3816507253177859,0.0845385611685038,0.6908058499168772
SVR,MAR_ActivityDependent,MAR,10,506,1.0396308259346403,0.6677058508333844,0.1505947500936098,0.0188368498907498
MICE,MAR_ActivityDependent,MAR,10,506,0.6941452152488874,0.473599734136944,0.1005497553663853,0.5625951429208924
MissForest,MAR_ActivityDependent,MAR,10,506,0.5559331425572441,0.3391184872728489,0.0805291749567905,0.7194385070131317
KNN_SVR,MAR_ActivityDependent,MAR,10,506,0.4532873964961735,0.2956697756440237,0.0656605214976723,0.8134779327823749
Mean,MAR_ActivityDependent,MAR,20,506,1.0646269214041983,0.8515632268591802,0.154215536104038,-0.0508355366748007
KNN,MAR_ActivityDependent,MAR,20,506,0.5757334194719111,0.3739945899527632,0.0833973255342495,0.6926857192455963
SVR,MAR_ActivityDependent,MAR,20,506,1.224100963088284,0.7882215429277443,0.1773159991287297,-0.3892306048321412
MICE,MAR_ActivityDependent,MAR,20,506,0.7118195453511927,0.4955159433434485,0.1031099539084358,0.5302360554206736
MissForest,MAR_ActivityDependent,MAR,20,506,0.5485143376147101,0.3455385461841604,0.0794545309115741,0.7210567663297764
KNN_SVR,MAR_ActivityDependent,MAR,20,506,0.4345260899489644,0.2880128245171384,0.0629428700002126,0.8249461856725264
Mean,MAR_ActivityDependent,MAR,30,506,1.0646269214041983,0.8515632268591802,0.154215536104038,-0.0508355366748007
KNN,MAR_ActivityDependent,MAR,30,506,0.5757334194719111,0.3739945899527632,0.0833973255342495,0.6926857192455963
SVR,MAR_ActivityDependent,MAR,30,506,1.224100963088284,0.7882215429277443,0.1773159991287297,-0.3892306048321412
MICE,MAR_ActivityDependent,MAR,30,506,0.7118195453511927,0.4955159433434485,0.1031099539084358,0.5302360554206736
MissForest,MAR_ActivityDependent,MAR,30,506,0.5485143376147102,0.3455385461841604,0.0794545309115741,0.7210567663297763
KNN_SVR,MAR_ActivityDependent,MAR,30,506,0.4345260899489644,0.2880128245171384,0.0629428700002126,0.8249461856725264
Mean,MAR_BatteryDepletion,MAR,10,506,0.7346508086856675,0.617611202665542,0.1064171551864333,-0.002849023998626
KNN,MAR_BatteryDepletion,MAR,10,506,0.5785117324025839,0.3849886050201012,0.0837997754530467,0.3781323340943527
SVR,MAR_BatteryDepletion,MAR,10,506,1.1470127367169605,0.761745865306348,0.1661494562599066,-1.4446129895336428
MICE,MAR_BatteryDepletion,MAR,10,506,0.6524538369216331,0.4976044521118212,0.0945105897860394,0.2090059565219858
MissForest,MAR_BatteryDepletion,MAR,10,506,0.5843042143052366,0.3504894924161298,0.0846388399967202,0.3656168025607431
KNN_SVR,MAR_BatteryDepletion,MAR,10,506,0.5076481901338487,0.2921658072352709,0.0735349033729849,0.5211501909884173
Mean,MAR_BatteryDepletion,MAR,20,506,0.8786337835808532,0.7333699852363199,0.1272736742325876,-0.1174362597354525
KNN,MAR_BatteryDepletion,MAR,20,506,0.6111693538843814,0.4209614235238879,0.0885303646420327,0.4593327022842961
SVR,MAR_BatteryDepletion,MAR,20,506,1.1931513114751355,0.8509915871987025,0.1728328163162383,-1.060620469862
MICE,MAR_BatteryDepletion,MAR,20,506,0.7938030895458325,0.626712777660719,0.1149856034580543,0.0879208380863483
MissForest,MAR_BatteryDepletion,MAR,20,506,0.5598291230907211,0.3503119563056694,0.0810935235699447,0.5463531093901512
KNN_SVR,MAR_BatteryDepletion,MAR,20,506,0.452902027550936,0.2869078808800753,0.0656046992398533,0.7030963793574423
Mean,MAR_BatteryDepletion,MAR,30,506,0.9370938997435728,0.7812283411180942,0.1357418596348947,-0.2188426883223728
KNN,MAR_BatteryDepletion,MAR,30,506,0.604424819520522,0.41876966168344,0.0875533914303063,0.4929322219573088
SVR,MAR_BatteryDepletion,MAR,30,506,1.3065821694812805,0.9881308016728492,0.1892637370702301,-1.369490050044624
MICE,MAR_BatteryDepletion,MAR,30,506,0.8710557618059037,0.6931991682599504,0.1261759669821543,-0.0531090637562052
MissForest,MAR_BatteryDepletion,MAR,30,506,0.5602173008411825,0.3602806929383317,0.0811497526946151,0.5643933827964576
KNN_SVR,MAR_BatteryDepletion,MAR,30,506,0.4342433718754403,0.2824803672843236,0.0629019171383243,0.7382734192728027
Mean,MNAR_ValueDependent,MNAR,10,506,1.846804568617353,1.6855818960271722,0.2675171469955548,-0.6067553388130518
KNN,MNAR_ValueDependent,MNAR,10,506,0.6867801754026017,0.4497348211250468,0.0994828994138564,0.7778003493437387
SVR,MNAR_ValueDependent,MNAR,10,506,1.044990569972019,0.7487747418644201,0.1513711307988944,0.4855625060672992
MICE,MNAR_ValueDependent,MNAR,10,506,0.8511124207908355,0.5739448416625879,0.1232870929883539,0.6587428746274737
MissForest,MNAR_ValueDependent,MNAR,10,506,0.8243300239002302,0.4999806428335517,0.1194075539577344,0.6798819908335276
KNN_SVR,MNAR_ValueDependent,MNAR,10,506,0.5495761804659374,0.4015194677312271,0.0796083431637988,0.8577135074086857
Mean,MNAR_ValueDependent,MNAR,20,506,1.8667598716674707,1.7098293564004672,0.2704077537387446,-0.6373619797374115
KNN,MNAR_ValueDependent,MNAR,20,506,0.8489416117308487,0.5465488172641249,0.1229726424740612,0.661371558820513
SVR,MNAR_ValueDependent,MNAR,20,506,1.1053337130696663,0.8083688055024933,0.1601120803051612,0.4259435233085006
MICE,MNAR_ValueDependent,MNAR,20,506,0.9242592449069909,0.6217294375021198,0.1338827077230464,0.5986203083050263
MissForest,MNAR_ValueDependent,MNAR,20,506,0.9254162759896448,0.5572735794246803,0.1340503083774288,0.5976147474385354
KNN_SVR,MNAR_ValueDependent,MNAR,20,506,0.5778621902009492,0.4108204064968387,0.0837056866254646,0.8431023831532465
Mean,MNAR_ValueDependent,MNAR,30,506,1.839529191070962,1.6790455812671374,0.2664632789915443,-0.6643807149978269
KNN,MNAR_ValueDependent,MNAR,30,506,0.9914037095440852,0.6419739415331466,0.143608856294201,0.5165624433254267
SVR,MNAR_ValueDependent,MNAR,30,506,1.2291512469449466,0.910327056154156,0.178047553269222,0.2568953836125003
MICE,MNAR_ValueDependent,MNAR,30,506,1.111091102265643,0.7628756978655504,0.1609460615276593,0.39279037559274
MissForest,MNAR_ValueDependent,MNAR,30,506,1.0960680324120298,0.6811505525254772,0.1587699088070917,0.4090995373583692
KNN_SVR,MNAR_ValueDependent,MNAR,30,506,0.6182347301580854,0.441575001656162,0.08955381310827,0.81200508424524
Mean,MNAR_RangeLimitation,MNAR,10,506,1.6157561387946873,1.410772500673293,0.2340488429777468,-0.1049473549112258
KNN,MNAR_RangeLimitation,MNAR,10,506,1.178808317528104,0.7799649810129159,0.1707551753545003,0.4118659272601174
SVR,MNAR_RangeLimitation,MNAR,10,506,1.429483599617662,1.0760660218745366,0.2070665086847563,0.1351350210835056
MICE,MNAR_RangeLimitation,MNAR,10,506,1.2590285299685526,0.9497586219734362,0.1823753991335181,0.3290948891464464
MissForest,MNAR_RangeLimitation,MNAR,10,506,1.2749783320125383,0.9109195223040564,0.1846857927780093,0.311988709001549
KNN_SVR,MNAR_RangeLimitation,MNAR,10,506,0.7607820886833684,0.5216325734699481,0.1102023772890408,0.7550313459600384
Mean,MNAR_RangeLimitation,MNAR,20,506,1.5494752359218362,1.3394706729980508,0.2244477848375726,-0.1034201788448649
KNN,MNAR_RangeLimitation,MNAR,20,506,1.3370341940419228,0.8954621282295464,0.1936748365818588,0.1784071120312038
SVR,MNAR_RangeLimitation,MNAR,20,506,1.607471477512994,1.236759746291861,0.2328487761230485,-0.1875671996107082
MICE,MNAR_RangeLimitation,MNAR,20,506,1.3803335586250238,1.0546700824754986,0.1999469255060613,0.1243314826294152
MissForest,MNAR_RangeLimitation,MNAR,20,506,1.4303736927102877,1.0382537381080688,0.2071954422864735,0.0596908316509889
KNN_SVR,MNAR_RangeLimitation,MNAR,20,506,0.8710999759554281,0.5772476089110531,0.1261823715813948,0.6512552759831673
Mean,MNAR_RangeLimitation,MNAR,30,506,1.4455069566617522,1.2479177448292431,0.209387557069933,-0.0956057373422847
KNN,MNAR_RangeLimitation,MNAR,30,506,1.3001471193431653,0.9150199981873672,0.1883315939063161,0.1136629131254447
SVR,MNAR_RangeLimitation,MNAR,30,506,1.6316009424440665,1.263249928119131,0.2363440271780762,-0.3958598664111008
MICE,MNAR_RangeLimitation,MNAR,30,506,1.342957520301398,1.0576469626616862,0.1945328544623566,0.0543324718968128
MissForest,MNAR_RangeLimitation,MNAR,30,506,1.3566965173013426,1.0055936871721671,0.1965230040117252,0.0348843769113851
KNN_SVR,MNAR_RangeLimitation,MNAR,30,506,0.7533491688000468,0.5039792377455649,0.1091256886372895,0.7024180724644791
Mean,MCAR_RandomSensorFailures,MCAR,10,507,0.9940068495894496,0.8209778740259205,0.1063487914153535,-0.0492001041807461
KNN,MCAR_RandomSensorFailures,MCAR,10,507,0.6705905455384849,0.4687142981234756,0.0717464815076837,0.5224768583209676
SVR,MCAR_RandomSensorFailures,MCAR,10,507,1.1229919190193978,0.7642831012207623,0.1201489038091122,-0.3391611236808638
MICE,MCAR_RandomSensorFailures,MCAR,10,507,0.8086080935338646,0.5743547247323448,0.0865129787702344,0.3056862934519205
MissForest,MCAR_RandomSensorFailures,MCAR,10,507,0.5816017845762048,0.4052095732459216,0.0622255740996542,0.6408043804404587
KNN_SVR,MCAR_RandomSensorFailures,MCAR,10,507,0.4028180382447122,0.2271660227972216,0.043097501335451,0.8276951940422097
Mean,MCAR_RandomSensorFailures,MCAR,20,507,0.9601605413251936,0.8009358245843603,0.1027275749425879,-7.625501264207912e-05
KNN,MCAR_RandomSensorFailures,MCAR,20,507,0.7309036216739412,0.5047972304892717,0.0781993774371204,0.4204837277724557
SVR,MCAR_RandomSensorFailures,MCAR,20,507,1.210787767928332,0.8360947747172467,0.129542181558261,-0.5903087810598568
MICE,MCAR_RandomSensorFailures,MCAR,20,507,0.8329987934722214,0.5884666352728726,0.089122539721741,0.2472787927564264
MissForest,MCAR_RandomSensorFailures,MCAR,20,507,0.7101413277022138,0.4864411861530343,0.0759780196347919,0.4529399726090645
KNN_SVR,MCAR_RandomSensorFailures,MCAR,20,507,0.4592174412531611,0.2634295124555978,0.0491316733826289,0.7712389105965975
Mean,MCAR_RandomSensorFailures,MCAR,30,507,0.9604821192222268,0.7967999623586162,0.1027619805613314,-0.0007454702173079
KNN,MCAR_RandomSensorFailures,MCAR,30,507,0.7974968867902007,0.5617988114624205,0.0853241907766276,0.3100731334183654
SVR,MCAR_RandomSensorFailures,MCAR,30,507,1.2640459829016255,0.9006411997146989,0.1352402779020521,-0.7332883185179904
MICE,MCAR_RandomSensorFailures,MCAR,30,507,0.8412613488130298,0.6135590890424594,0.0900065505058321,0.2322727842702072
MissForest,MCAR_RandomSensorFailures,MCAR,30,507,0.7847130638770552,0.5537488461667777,0.0839564495814412,0.3320148156926179
KNN_SVR,MCAR_RandomSensorFailures,MCAR,30,507,0.6083477033128842,0.3388597566915785,0.0650871199070236,0.5985339637959507
Mean,MCAR_ConnectionIssues,MCAR,10,507,0.9091302286492304,0.7633456054445716,0.0972678418624006,-0.0239219907249221
KNN,MCAR_ConnectionIssues,MCAR,10,507,1.0155216223366146,0.8217768273415412,0.1086506569207894,-0.2775944699842743
SVR,MCAR_ConnectionIssues,MCAR,10,507,1.5048440050134886,1.225310661140495,0.1610032579432673,-1.8054183846318788
MICE,MCAR_ConnectionIssues,MCAR,10,507,0.9091302286492304,0.7633456054445715,0.0972678418624006,-0.0239219907249219
MissForest,MCAR_ConnectionIssues,MCAR,10,507,0.99722376449222,0.8098957248992775,0.1066929691361981,-0.231969376960994
KNN_SVR,MCAR_ConnectionIssues,MCAR,10,507,0.9921624816432248,0.7714198169912265,0.1061514624914258,-0.219495702853659
Mean,MCAR_ConnectionIssues,MCAR,20,507,0.918697816629488,0.7742515782200396,0.0982914780867191,-0.030151123883888
KNN,MCAR_ConnectionIssues,MCAR,20,507,1.0244644708651802,0.8329490258661335,0.1096074522720652,-0.2810007232361531
SVR,MCAR_ConnectionIssues,MCAR,20,507,1.5160482083217397,1.2391077221487268,0.1622019956391861,-1.8053147501834568
MICE,MCAR_ConnectionIssues,MCAR,20,507,0.918697816629488,0.7742515782200394,0.0982914780867191,-0.0301511238838876
MissForest,MCAR_ConnectionIssues,MCAR,20,507,1.0025298061149812,0.8183637980898466,0.1072606625218255,-0.226733313101602
KNN_SVR,MCAR_ConnectionIssues,MCAR,20,507,1.0526789799587537,0.8339550188201881,0.1126261225596174,-0.3525317668325924
Mean,MCAR_ConnectionIssues,MCAR,30,507,0.9418906210770732,0.7887499899282593,0.100772876201382,-0.0068043671745545
KNN,MCAR_ConnectionIssues,MCAR,30,507,1.0446442212485394,0.8481269279415483,0.1117664837367077,-0.2384570742508742
SVR,MCAR_ConnectionIssues,MCAR,30,507,1.4815460923481112,1.207345193878837,0.1585106143005331,-1.4910043193046318
MICE,MCAR_ConnectionIssues,MCAR,30,507,0.9418906210770732,0.7887499899282592,0.100772876201382,-0.0068043671745545
MissForest,MCAR_ConnectionIssues,MCAR,30,507,1.0167941432329013,0.8247229470700922,0.1087868039296624,-0.173303099349783
KNN_SVR,MCAR_ConnectionIssues,MCAR,30,507,0.998678689767145,0.7832334731658634,0.1068486315892806,-0.1318678168430653
Mean,MAR_ActivityDependent,MAR,10,507,1.006735797517613,0.857317080083542,0.1077106615359751,-0.0001486432883373
KNN,MAR_ActivityDependent,MAR,10,507,0.6824069485679786,0.4618794515221306,0.0730107184509024,0.5404630813586762
SVR,MAR_ActivityDependent,MAR,10,507,0.7296001532412104,0.4624899869341834,0.0780599193513676,0.4747048873126666
MICE,MAR_ActivityDependent,MAR,10,507,0.7010797910253531,0.5137967745621603,0.0750085258386998,0.514970197872098
MissForest,MAR_ActivityDependent,MAR,10,507,0.581030827884809,0.3647544450053714,0.0621644874440587,0.6668560904452965
KNN_SVR,MAR_ActivityDependent,MAR,10,507,0.5105762773363205,0.2869578323767073,0.054626555181682,0.7427503502498368
Mean,MAR_ActivityDependent,MAR,20,507,1.0110274587372463,0.8584271160096605,0.1081698263637232,-0.0001748679134006
KNN,MAR_ActivityDependent,MAR,20,507,0.6864339973866233,0.4677356018647369,0.0734415723982473,0.5389504466451085
SVR,MAR_ActivityDependent,MAR,20,507,0.79823228948393,0.5286809421508726,0.0854028715097775,0.3765399659605362
MICE,MAR_ActivityDependent,MAR,20,507,0.7480729786714464,0.5435625576483625,0.0800363269177177,0.4524321116894972
MissForest,MAR_ActivityDependent,MAR,20,507,0.6235543999327205,0.4042950988363623,0.0667140843566222,0.6195489982979512
KNN_SVR,MAR_ActivityDependent,MAR,20,507,0.4972565930209887,0.2816006213327828,0.0532014821758424,0.7580580726879061
Mean,MAR_ActivityDependent,MAR,30,507,1.0110274587372463,0.8584271160096605,0.1081698263637232,-0.0001748679134006
KNN,MAR_ActivityDependent,MAR,30,507,0.6864339973866233,0.4677356018647369,0.0734415723982473,0.5389504466451085
SVR,MAR_ActivityDependent,MAR,30,507,0.79823228948393,0.5286809421508726,0.0854028715097775,0.3765399659605362
MICE,MAR_ActivityDependent,MAR,30,507,0.7480729786714464,0.5435625576483625,0.0800363269177177,0.4524321116894972
MissForest,MAR_ActivityDependent,MAR,30,507,0.6235543999327205,0.4042950988363623,0.0667140843566222,0.6195489982979512
KNN_SVR,MAR_ActivityDependent,MAR,30,507,0.4972565930209887,0.2816006213327828,0.0532014821758424,0.7580580726879061
Mean,MAR_BatteryDepletion,MAR,10,507,0.8098920328978266,0.6807264024811891,0.0866503474409476,-0.1568994994235963
KNN,MAR_BatteryDepletion,MAR,10,507,0.6291890072910583,0.3972309987534351,0.0673169309898287,0.3017617559184012
SVR,MAR_BatteryDepletion,MAR,10,507,0.9323368567689266,0.666228770708222,0.0997507189717229,-0.533158607354584
MICE,MAR_BatteryDepletion,MAR,10,507,0.7395735076740079,0.542400624712492,0.0791269685278627,0.0352738040056913
MissForest,MAR_BatteryDepletion,MAR,10,507,0.56348760373451,0.3604813089341959,0.060287537917319,0.4399715212746987
KNN_SVR,MAR_BatteryDepletion,MAR,10,507,0.4694934361470316,0.2456815120962928,0.0502311020616212,0.6112231205875793
Mean,MAR_BatteryDepletion,MAR,20,507,0.809482879097601,0.6729908047096157,0.0866065720764469,-0.0813008507168271
KNN,MAR_BatteryDepletion,MAR,20,507,0.6830693837136942,0.4371448984841898,0.0730815923861947,0.2300529678420152
SVR,MAR_BatteryDepletion,MAR,20,507,0.9880245244857462,0.7226055582069802,0.1057087424610677,-0.6108928676669614
MICE,MAR_BatteryDepletion,MAR,20,507,0.7437321187120874,0.543581014468522,0.0795718983168767,0.0872238499481963
MissForest,MAR_BatteryDepletion,MAR,20,507,0.5951447132059723,0.3808883332210279,0.0636745320143758,0.4155109634569391
KNN_SVR,MAR_BatteryDepletion,MAR,20,507,0.4768888101267018,0.2538249725812495,0.0510223331131248,0.6247113124103156
Mean,MAR_BatteryDepletion,MAR,30,507,0.785802556099232,0.6424705787798158,0.0840730143527331,-0.0312371664933437
KNN,MAR_BatteryDepletion,MAR,30,507,0.6649289395383622,0.4437446389367448,0.0711407462898312,0.2616162121134711
SVR,MAR_BatteryDepletion,MAR,30,507,1.1999117621303987,0.863453148921979,0.1283785577135015,-1.4045305741510674
MICE,MAR_BatteryDepletion,MAR,30,507,0.7148438128125713,0.5175709607913929,0.0764811385100208,0.1465973095088043
MissForest,MAR_BatteryDepletion,MAR,30,507,0.5590949488039254,0.3607260694680216,0.0598175677725807,0.4779611554534111
KNN_SVR,MAR_BatteryDepletion,MAR,30,507,0.4866670399656639,0.2638416554911825,0.0520685059096047,0.6044553170651858
Mean,MNAR_ValueDependent,MNAR,10,507,1.6678018035896205,1.4980147885952002,0.1784381125797682,-0.1112470659551465
KNN,MNAR_ValueDependent,MNAR,10,507,0.9766485023746998,0.5679859488526062,0.1044916218716836,0.6189356455385848
SVR,MNAR_ValueDependent,MNAR,10,507,1.140674772297238,0.6765902410877466,0.1220407922560078,0.4801890519733344
MICE,MNAR_ValueDependent,MNAR,10,507,1.1115375177889046,0.6956759008841035,0.1189233974378507,0.5064058531516016
MissForest,MNAR_ValueDependent,MNAR,10,507,0.9335514103658452,0.5001520532832713,0.0998806640593195,0.6518244840860059
KNN_SVR,MNAR_ValueDependent,MNAR,10,507,0.8150687379903964,0.4247152000049347,0.0872042031113948,0.7345943150635497
Mean,MNAR_ValueDependent,MNAR,20,507,1.7138580723326426,1.5428958675053448,0.1833656727066869,-0.1457474141325427
KNN,MNAR_ValueDependent,MNAR,20,507,1.0810248548390062,0.6427646299489087,0.1156588476724985,0.5441619902894992
SVR,MNAR_ValueDependent,MNAR,20,507,1.360311104278658,0.8386011816694974,0.145539683100445,0.2782020180699037
MICE,MNAR_ValueDependent,MNAR,20,507,1.3463328966243409,0.8594539616744994,0.1440441546835095,0.2929598242601725
MissForest,MNAR_ValueDependent,MNAR,20,507,1.009218193550305,0.5453518855582382,0.107976253083961,0.6027084581621327
KNN_SVR,MNAR_ValueDependent,MNAR,20,507,0.8707928126901622,0.439711359111695,0.0931661217837929,0.7042199699992728
Mean,MNAR_ValueDependent,MNAR,30,507,1.7266246974366215,1.5606857264913516,0.1847315739082952,-0.1626923039419108
KNN,MNAR_ValueDependent,MNAR,30,507,1.1616280437178892,0.7554119905379296,0.1242825827353234,0.4737367098336275
SVR,MNAR_ValueDependent,MNAR,30,507,1.4108097890847755,0.9113128528778102,0.1509425373155981,0.22374246433407
MICE,MNAR_ValueDependent,MNAR,30,507,1.3987295254804308,0.9362399771298784,0.1496500699298537,0.2369791856443533
MissForest,MNAR_ValueDependent,MNAR,30,507,1.0452711271867676,0.6005307245456977,0.1118335564021417,0.5738850130967099
KNN_SVR,MNAR_ValueDependent,MNAR,30,507,0.8685889184423916,0.4619768940131968,0.0929303271413773,0.705762874642591
Mean,MNAR_RangeLimitation,MNAR,10,507,1.6084359292173245,1.440080200186061,0.1720865577656167,-0.0296145750392657
KNN,MNAR_RangeLimitation,MNAR,10,507,1.2759893176862205,0.8842007903299792,0.1365180952735674,0.3520205583574031
SVR,MNAR_RangeLimitation,MNAR,10,507,1.3820972393590305,0.9959307885861044,0.1478705816615225,0.2397711456821097
MICE,MNAR_RangeLimitation,MNAR,10,507,1.3451503724733995,1.022205208010947,0.1439176364262923,0.2798734507216548
MissForest,MNAR_RangeLimitation,MNAR,10,507,1.2883655662273648,0.9149308632461896,0.1378422300872765,0.3393896582656825
KNN_SVR,MNAR_RangeLimitation,MNAR,10,507,1.0205259638631026,0.6375710051963874,0.1091860714135481,0.5855088455191697
Mean,MNAR_RangeLimitation,MNAR,20,507,1.453865522869097,1.303762670022168,0.1555490702115787,-0.0246778730364964
KNN,MNAR_RangeLimitation,MNAR,20,507,1.2642852497947392,0.9473877913362572,0.135265877066604,0.2251296826775551
SVR,MNAR_RangeLimitation,MNAR,20,507,1.453629702664749,1.135263529617426,0.1555238398082528,-0.0243454899593007
MICE,MNAR_RangeLimitation,MNAR,20,507,1.330862461393049,1.0630355110364351,0.1423889728402487,0.1413716309596838
MissForest,MNAR_RangeLimitation,MNAR,20,507,1.3218446601808749,1.0186344169952606,0.1414241583014608,0.152968181989941
KNN_SVR,MNAR_RangeLimitation,MNAR,20,507,0.935071192278606,0.60334682816939,0.1000432655239912,0.576134335726024
Mean,MNAR_RangeLimitation,MNAR,30,507,1.3298658147865274,1.183064237576024,0.1422823416212429,-0.0158603511694552
KNN,MNAR_RangeLimitation,MNAR,30,507,1.2334741665983442,0.9559327737533228,0.131969399319506,0.1260663091044295
SVR,MNAR_RangeLimitation,MNAR,30,507,1.4875105985819106,1.1575779272463789,0.1591487568139533,-0.2709793754883092
MICE,MNAR_RangeLimitation,MNAR,30,507,1.2467114727389588,0.9989155594774484,0.1333856586845505,0.1072080253068924
MissForest,MNAR_RangeLimitation,MNAR,30,507,1.249486616344872,0.9761574811049516,0.1336825712949765,0.1032289434487639
KNN_SVR,MNAR_RangeLimitation,MNAR,30,507,0.8918412321631011,0.5834495245369086,0.0954180921530866,0.5431291391072934
Mean,MCAR_RandomSensorFailures,MCAR,10,508,0.877290852306648,0.7364324858980678,0.1106636336445593,-0.0221582067568639
KNN,MCAR_RandomSensorFailures,MCAR,10,508,0.6789852477790452,0.4495410570041743,0.0856488751851438,0.3877178548197757
SVR,MCAR_RandomSensorFailures,MCAR,10,508,1.1056435197350951,0.7419497458401214,0.13946860278748,-0.6235331763836844
MICE,MCAR_RandomSensorFailures,MCAR,10,508,0.7272542653577614,0.5352326696011946,0.0917376482114089,0.2975693195884045
MissForest,MCAR_RandomSensorFailures,MCAR,10,508,0.645103026048722,0.4327613422093082,0.0813748881000516,0.447300494218981
KNN_SVR,MCAR_RandomSensorFailures,MCAR,10,508,0.5289006928523806,0.2925441445661426,0.0667168389528708,0.6284825733022902
Mean,MCAR_RandomSensorFailures,MCAR,20,508,0.8513355038091279,0.7158937919335263,0.1073895619160165,-0.0411638753099905
KNN,MCAR_RandomSensorFailures,MCAR,20,508,0.6879492458121272,0.4780724922207025,0.0867796160240746,0.3201229237508194
SVR,MCAR_RandomSensorFailures,MCAR,20,508,1.1413658614962103,0.8092526467197972,0.1439747071554712,-0.8714031556422279
MICE,MCAR_RandomSensorFailures,MCAR,20,508,0.7075280417118783,0.5371770352559168,0.0892493336678354,0.2808741265759201
MissForest,MCAR_RandomSensorFailures,MCAR,20,508,0.6536229752595012,0.4519655666916654,0.0824496155244318,0.3862772542489016
KNN_SVR,MCAR_RandomSensorFailures,MCAR,20,508,0.4727228064754409,0.2736023763143174,0.0596304216938769,0.6789810196496834
Mean,MCAR_RandomSensorFailures,MCAR,30,508,0.87680702673498,0.7230663252512655,0.1106026026926575,-0.045864624332724
KNN,MCAR_RandomSensorFailures,MCAR,30,508,0.7263786248579591,0.4958756744838696,0.0916271927573031,0.2822163826815426
SVR,MCAR_RandomSensorFailures,MCAR,30,508,1.2100492841478605,0.8551386977721359,0.1526386036292485,-0.9919275967470688
MICE,MCAR_RandomSensorFailures,MCAR,30,508,0.7407012169145398,0.5527946847101439,0.0934338798736939,0.253631079525026
MissForest,MCAR_RandomSensorFailures,MCAR,30,508,0.6781777871831303,0.4582306095978591,0.0855470201124119,0.3743167162025682
KNN_SVR,MCAR_RandomSensorFailures,MCAR,30,508,0.5400694938033836,0.3012394504063105,0.0681256990742787,0.6032045135155911
Mean,MCAR_ConnectionIssues,MCAR,10,508,0.9067881921491894,0.7482564266429467,0.114384500904535,-0.0804052181576404
KNN,MCAR_ConnectionIssues,MCAR,10,508,0.9141225974841768,0.6943310570527507,0.1153096808979861,-0.0979532549918891
SVR,MCAR_ConnectionIssues,MCAR,10,508,1.340662839856435,1.025105868031242,0.1691145199572745,-1.361642220226038
MICE,MCAR_ConnectionIssues,MCAR,10,508,0.9067881921491894,0.7482564266429466,0.114384500904535,-0.0804052181576404
MissForest,MCAR_ConnectionIssues,MCAR,10,508,0.8736358465056534,0.6921061126306003,0.1102025821906811,-0.0028497057534424
KNN_SVR,MCAR_ConnectionIssues,MCAR,10,508,0.8359110541138529,0.6480137228550948,0.1054438837572179,0.0818891975296699
Mean,MCAR_ConnectionIssues,MCAR,20,508,0.9080841953888662,0.7595896728350744,0.1145479819522864,-0.0096497215009248
KNN,MCAR_ConnectionIssues,MCAR,20,508,1.010754980058432,0.7854424423896483,0.1274991281665647,-0.2508645228092443
SVR,MCAR_ConnectionIssues,MCAR,20,508,1.4245669772116805,1.118312984733207,0.1796983949550935,-1.4847588213766325
MICE,MCAR_ConnectionIssues,MCAR,20,508,0.9080841953888662,0.7595896728350744,0.1145479819522864,-0.0096497215009248
MissForest,MCAR_ConnectionIssues,MCAR,20,508,0.9547445775459352,0.7657667677876557,0.1204338377356545,-0.1160737573412342
KNN_SVR,MCAR_ConnectionIssues,MCAR,20,508,0.976058780424946,0.7463015814044476,0.1231224638995167,-0.1664615851190054
Mean,MCAR_ConnectionIssues,MCAR,30,508,0.9134357738838068,0.7641527898639208,0.1152230432736567,-0.0279876945285908
KNN,MCAR_ConnectionIssues,MCAR,30,508,0.9877663121530372,0.7584896262183162,0.1245992808509679,-0.2020991889779151
SVR,MCAR_ConnectionIssues,MCAR,30,508,1.4396608000000632,1.1151803570122156,0.181602367019726,-1.5535963118301717
MICE,MCAR_ConnectionIssues,MCAR,30,508,0.9134357738838068,0.7641527898639208,0.1152230432736567,-0.0279876945285908
MissForest,MCAR_ConnectionIssues,MCAR,30,508,0.934040532275906,0.7436389562193051,0.117822178358723,-0.0748882824670846
KNN_SVR,MCAR_ConnectionIssues,MCAR,30,508,0.9289917638932212,0.6996829267334407,0.1171853142523794,-0.0632995025747049
Mean,MAR_ActivityDependent,MAR,10,508,0.9585703871139196,0.8109573657550053,0.1209164347983186,-0.0182147972571189
KNN,MAR_ActivityDependent,MAR,10,508,0.6178067739880717,0.3918874161572698,0.0779316714861235,0.5770425108732415
SVR,MAR_ActivityDependent,MAR,10,508,0.667152504705921,0.4219501192669717,0.0841562637655542,0.5067789206811164
MICE,MAR_ActivityDependent,MAR,10,508,0.5708239473604175,0.4131966767985502,0.0720051417613029,0.6389263830016537
MissForest,MAR_ActivityDependent,MAR,10,508,0.4949010497340514,0.2832910404470165,0.0624280400440485,0.728588567317096
KNN_SVR,MAR_ActivityDependent,MAR,10,508,0.3269803085753061,0.1895903230296092,0.0412461032530116,0.8815228533667755
Mean,MAR_ActivityDependent,MAR,20,508,0.9687295783634172,0.8154767101803791,0.1221979402598237,-0.0168616533924585
KNN,MAR_ActivityDependent,MAR,20,508,0.639500158635071,0.40911721661423,0.080668128574185,0.5568629496956583
SVR,MAR_ActivityDependent,MAR,20,508,0.8533219945488184,0.5525845591722055,0.1076401427614424,0.2109897792390197
MICE,MAR_ActivityDependent,MAR,20,508,0.6449753949069148,0.4733328789753487,0.0813587883927749,0.5492424147764795
MissForest,MAR_ActivityDependent,MAR,20,508,0.5576134335500017,0.3318046705811555,0.0703387349399751,0.6630827826096619
KNN_SVR,MAR_ActivityDependent,MAR,20,508,0.3395165543465567,0.1936181537889198,0.0428274562394929,0.8750953350120934
Mean,MAR_ActivityDependent,MAR,30,508,0.9687295783634172,0.8154767101803791,0.1221979402598237,-0.0168616533924585
KNN,MAR_ActivityDependent,MAR,30,508,0.639500158635071,0.40911721661423,0.080668128574185,0.5568629496956583
SVR,MAR_ActivityDependent,MAR,30,508,0.8533219945488184,0.5525845591722055,0.1076401427614424,0.2109897792390197
MICE,MAR_ActivityDependent,MAR,30,508,0.6449753949069148,0.4733328789753487,0.0813587883927749,0.5492424147764795
MissForest,MAR_ActivityDependent,MAR,30,508,0.5576134335500017,0.3318046705811555,0.0703387349399751,0.6630827826096619
KNN_SVR,MAR_ActivityDependent,MAR,30,508,0.3395165543465567,0.1936181537889198,0.0428274562394929,0.8750953350120934
Mean,MAR_BatteryDepletion,MAR,10,508,0.6206740146095043,0.5352334474827647,0.0782933522957053,-0.08697799255696
KNN,MAR_BatteryDepletion,MAR,10,508,0.4631575039053642,0.3005069951497756,0.058423830816369,0.3947273727908152
SVR,MAR_BatteryDepletion,MAR,10,508,1.0996885444693183,0.7393474474407014,0.1387174275079912,-2.412188590182143
MICE,MAR_BatteryDepletion,MAR,10,508,0.5352382498604813,0.410374001301616,0.067516274037714,0.1916714684638982
MissForest,MAR_BatteryDepletion,MAR,10,508,0.4452032241214188,0.2915888598018321,0.0561590336454668,0.440744548738297
KNN_SVR,MAR_BatteryDepletion,MAR,10,508,0.3804556234046013,0.2353908524448689,0.0479916114658661,0.5915850417925868
Mean,MAR_BatteryDepletion,MAR,20,508,0.63850217884763,0.55758668201787,0.0805422409403499,-0.1451181284217264
KNN,MAR_BatteryDepletion,MAR,20,508,0.4410882067209141,0.2878723883631474,0.0556399551929181,0.4535173032700186
SVR,MAR_BatteryDepletion,MAR,20,508,1.2577618693449897,0.8494758252558985,0.1586571869013836,-3.44347122031996
MICE,MAR_BatteryDepletion,MAR,20,508,0.5420933669158393,0.4240871640845285,0.0683809954244812,0.1745824295066863
MissForest,MAR_BatteryDepletion,MAR,20,508,0.4255390694018826,0.2827389619054262,0.0536785486294757,0.4913671543977029
KNN_SVR,MAR_BatteryDepletion,MAR,20,508,0.3532014503841922,0.2201700866349895,0.0445537028059434,0.6495948508456031
Mean,MAR_BatteryDepletion,MAR,30,508,0.672630526477721,0.5846347569384626,0.0848472749539844,-0.1619646847020348
KNN,MAR_BatteryDepletion,MAR,30,508,0.4334726229786615,0.2869441488568403,0.0546793066611043,0.5174268774815174
SVR,MAR_BatteryDepletion,MAR,30,508,1.3900361793869442,0.9542029297090326,0.1753425948804847,-3.962402538732421
MICE,MAR_BatteryDepletion,MAR,30,508,0.5510731318776279,0.4313832198468594,0.0695137251427186,0.2200652758759123
MissForest,MAR_BatteryDepletion,MAR,30,508,0.4294854734704239,0.2875057786148334,0.0541763577801196,0.5262636161339829
KNN_SVR,MAR_BatteryDepletion,MAR,30,508,0.3342811754444187,0.20725646933117,0.0421670526215898,0.7130120755014968
Mean,MNAR_ValueDependent,MNAR,10,508,1.7057837497288562,1.5674936261233372,0.2151717728054626,-0.6501393928796235
KNN,MNAR_ValueDependent,MNAR,10,508,1.0736656332447738,0.6642231715795252,0.1354348332502874,0.3462513715300287
SVR,MNAR_ValueDependent,MNAR,10,508,1.3780986277483842,0.8019242143619195,0.1738367626497379,-0.0770436067112656
MICE,MNAR_ValueDependent,MNAR,10,508,1.1225817161322298,0.7483025023744955,0.141605228691835,0.2853249586594388
MissForest,MNAR_ValueDependent,MNAR,10,508,1.1011707616566255,0.6422484462087963,0.1389043980427535,0.3123269105814706
KNN_SVR,MNAR_ValueDependent,MNAR,10,508,1.0050500503779798,0.509156526467934,0.1267794942544299,0.4271405707822459
Mean,MNAR_ValueDependent,MNAR,20,508,1.7222407390946228,1.5708196476154452,0.2172476980670531,-0.6010696804259448
KNN,MNAR_ValueDependent,MNAR,20,508,1.135180360281692,0.7109134678622855,0.1431944527637701,0.3044117220141575
SVR,MNAR_ValueDependent,MNAR,20,508,1.3290887724676077,0.8395099539548336,0.1676545385270259,0.0464784874383296
MICE,MNAR_ValueDependent,MNAR,20,508,1.235457164711671,0.8567171984506964,0.1558436164012447,0.1760935520167909
MissForest,MNAR_ValueDependent,MNAR,20,508,1.1381284083020646,0.6869676860198456,0.143566326818122,0.3007941640579713
KNN_SVR,MNAR_ValueDependent,MNAR,20,508,0.8961814311706618,0.4536485843981228,0.1130465378926138,0.5664747480426832
Mean,MNAR_ValueDependent,MNAR,30,508,1.710990521404575,1.5557113430201022,0.2158285678372102,-0.5783375703779625
KNN,MNAR_ValueDependent,MNAR,30,508,1.2222850876334193,0.8167450614700228,0.1541820580841907,0.1945293618758792
SVR,MNAR_ValueDependent,MNAR,30,508,1.4240733947636055,0.9512802439768276,0.1796361332467176,-0.093375738441813
MICE,MNAR_ValueDependent,MNAR,30,508,1.3200337870752414,0.944806825635346,0.1665123203179987,0.0605475962243751
MissForest,MNAR_ValueDependent,MNAR,30,508,1.1879064384203126,0.7561663472708599,0.1498454504110216,0.2392023549524138
KNN_SVR,MNAR_ValueDependent,MNAR,30,508,0.8796716336959247,0.4633561538737747,0.1109639512858044,0.5827984985821117
Mean,MNAR_RangeLimitation,MNAR,10,508,1.548557121630452,1.3842034880059972,0.1953388178335699,-0.0491398559835951
KNN,MNAR_RangeLimitation,MNAR,10,508,1.3128239447934948,0.9326264096352104,0.1656028530155592,0.2459643058175382
SVR,MNAR_RangeLimitation,MNAR,10,508,1.5240062158886598,1.0969610678743706,0.1922419059810089,-0.0161373218204565
MICE,MNAR_RangeLimitation,MNAR,10,508,1.4021243027184151,1.0829209866103098,0.1768674205962515,0.1398940341254724
MissForest,MNAR_RangeLimitation,MNAR,10,508,1.3328861365401607,0.9761678180727592,0.1681335474046805,0.2227423093148487
KNN_SVR,MNAR_RangeLimitation,MNAR,10,508,1.0140548545202837,0.6462907972536738,0.1279153824767051,0.5501146789558251
Mean,MNAR_RangeLimitation,MNAR,20,508,1.3736981518040303,1.2276930751405055,0.1732816757518326,-0.042983949012251
KNN,MNAR_RangeLimitation,MNAR,20,508,1.184809155094298,0.8613172803077896,0.1494547514468385,0.2241249261686139
SVR,MNAR_RangeLimitation,MNAR,20,508,1.5033104216263844,1.1161571672754391,0.1896312874065625,-0.2490859789904689
MICE,MNAR_RangeLimitation,MNAR,20,508,1.2761249861149837,1.020484419949614,0.160973555778893,0.099919358463001
MissForest,MNAR_RangeLimitation,MNAR,20,508,1.2273373017789422,0.931270925732161,0.1548193568475643,0.1674259616812632
KNN_SVR,MNAR_RangeLimitation,MNAR,20,508,1.0177909237573506,0.6849949736258104,0.1283866594725092,0.4274516803461096
Mean,MNAR_RangeLimitation,MNAR,30,508,1.2640915448539871,1.1206979843088565,0.159455627794475,-0.0363166487555575
KNN,MNAR_RangeLimitation,MNAR,30,508,1.1566886010444413,0.8684812853828391,0.1459075553452569,0.1323025247605387
SVR,MNAR_RangeLimitation,MNAR,30,508,1.473414991970277,1.1183930909629431,0.1858602041148451,-0.4079446805713727
MICE,MNAR_RangeLimitation,MNAR,30,508,1.1874300525081252,0.962406132248462,0.1497853579161311,0.085567833054671
MissForest,MNAR_RangeLimitation,MNAR,30,508,1.1618865088233117,0.893841781440991,0.146563232263176,0.1244865137643904
KNN_SVR,MNAR_RangeLimitation,MNAR,30,508,0.9239896051633872,0.616111448081109,0.1165543296026993,0.4463062857345973
Mean,MCAR_RandomSensorFailures,MCAR,10,509,1.6797276149782718,1.345888089506618,0.1507726773080207,-0.1238888321834608
KNN,MCAR_RandomSensorFailures,MCAR,10,509,0.9478410183897223,0.6142248775502093,0.0850783940983359,0.6421371389452024
SVR,MCAR_RandomSensorFailures,MCAR,10,509,1.1935675656967684,0.9305253866648276,0.1071348567609555,0.432534257254485
MICE,MCAR_RandomSensorFailures,MCAR,10,509,1.0987071239445836,0.8242256994421964,0.0986201650656693,0.5191501195609136
MissForest,MCAR_RandomSensorFailures,MCAR,10,509,0.9855176823075004,0.6860833934188107,0.0884602587770275,0.6131216088086809
KNN_SVR,MCAR_RandomSensorFailures,MCAR,10,509,0.5197478047730707,0.3013877728047801,0.0466526640104181,0.8923953699069594
Mean,MCAR_RandomSensorFailures,MCAR,20,509,1.6606443607346866,1.3339646961509677,0.1490597606967806,-0.1397334614964887
KNN,MCAR_RandomSensorFailures,MCAR,20,509,1.256723460393113,0.8070124176795602,0.1128037421482298,0.3472761617823929
SVR,MCAR_RandomSensorFailures,MCAR,20,509,1.5098932515147296,1.1076279556338584,0.1355283118228268,0.0578012647337204
MICE,MCAR_RandomSensorFailures,MCAR,20,509,1.269262097333972,0.93526283156714,0.1139292126379145,0.334186415778712
MissForest,MCAR_RandomSensorFailures,MCAR,20,509,1.2205006773599218,0.8127916134601593,0.1095523781004151,0.3843610647037649
KNN_SVR,MCAR_RandomSensorFailures,MCAR,20,509,0.8342654335741788,0.4318249019281475,0.0748838275229182,0.712353874752579
Mean,MCAR_RandomSensorFailures,MCAR,30,509,1.6157707060596282,1.296895781964027,0.1450318927284126,-0.080445200294539
KNN,MCAR_RandomSensorFailures,MCAR,30,509,1.222105171908603,0.7778002237684409,0.1096963978430648,0.3818975736752656
SVR,MCAR_RandomSensorFailures,MCAR,30,509,1.4956160737193422,1.1176511987436,0.1342467895680171,0.0742717176105696
MICE,MCAR_RandomSensorFailures,MCAR,30,509,1.237777486599776,0.9203173891295744,0.1111031478568952,0.3659427937280542
MissForest,MCAR_RandomSensorFailures,MCAR,30,509,1.2039455426081327,0.8098771899528924,0.1080663859862981,0.4001302380832222
KNN_SVR,MCAR_RandomSensorFailures,MCAR,30,509,0.770060259043756,0.4263272344752146,0.0691207585737268,0.754589745117062
Mean,MCAR_ConnectionIssues,MCAR,10,509,1.4520195458198362,1.1337317888917775,0.130333556747333,-0.0357053986224764
KNN,MCAR_ConnectionIssues,MCAR,10,509,1.5612433863973427,1.1822391274233497,0.1401375099138398,-0.1973814848574933
SVR,MCAR_ConnectionIssues,MCAR,10,509,2.119775828787783,1.7273137974866033,0.190271490537647,-1.2073499266851564
MICE,MCAR_ConnectionIssues,MCAR,10,509,1.4520195458198362,1.1337317888917775,0.130333556747333,-0.0357053986224764
MissForest,MCAR_ConnectionIssues,MCAR,10,509,1.4899032203992892,1.127423282432197,0.1337340027432654,-0.0904542080585035
KNN_SVR,MCAR_ConnectionIssues,MCAR,10,509,1.4919268673583612,1.139892519987617,0.1339156456877671,-0.0934184179786805
Mean,MCAR_ConnectionIssues,MCAR,20,509,1.426655735069145,1.1323153739539684,0.1280568961628934,-0.0295737280946708
KNN,MCAR_ConnectionIssues,MCAR,20,509,1.549785099451705,1.1950316124225986,0.1391090118497774,-0.214960170587225
SVR,MCAR_ConnectionIssues,MCAR,20,509,2.091595639370224,1.7080832220720852,0.1877420312564839,-1.21296494451786
MICE,MCAR_ConnectionIssues,MCAR,20,509,1.4266557350691444,1.1323153739539684,0.1280568961628934,-0.0295737280946708
MissForest,MCAR_ConnectionIssues,MCAR,20,509,1.4766348475197033,1.1356038909161783,0.1325430310138388,-0.1029740769033844
KNN_SVR,MCAR_ConnectionIssues,MCAR,20,509,1.4781167339673176,1.1452499573715902,0.1326760454294982,-0.1051889812679098
Mean,MCAR_ConnectionIssues,MCAR,30,509,1.4476971515106791,1.1458380372074612,0.1299455777937448,-0.0549498089204802
KNN,MCAR_ConnectionIssues,MCAR,30,509,1.5526148766878234,1.1871334780185965,0.1393630132046818,-0.2133995912010171
SVR,MCAR_ConnectionIssues,MCAR,30,509,2.0851650360065515,1.6826683296014286,0.1871648190482657,-1.1885537954399248
MICE,MCAR_ConnectionIssues,MCAR,30,509,1.4476971515106791,1.145838037207461,0.1299455777937448,-0.0549498089204805
MissForest,MCAR_ConnectionIssues,MCAR,30,509,1.4797269877217445,1.126665820476314,0.1328205821195754,-0.102147062269911
KNN_SVR,MCAR_ConnectionIssues,MCAR,30,509,1.460557010271492,1.1205318801542767,0.1310998812164434,-0.073775239361437
Mean,MAR_ActivityDependent,MAR,10,509,1.3125523773414676,1.0716044831641731,0.1178149565882683,-0.0598761797194238
KNN,MAR_ActivityDependent,MAR,10,509,0.5948950669132205,0.3525829423276093,0.0533978968709165,0.7822778666757689
SVR,MAR_ActivityDependent,MAR,10,509,0.8848158363427385,0.529242340850309,0.0794212415038826,0.5183543749449486
MICE,MAR_ActivityDependent,MAR,10,509,0.7206520417466292,0.4733259953857444,0.064685867382752,0.6804983622700016
MissForest,MAR_ActivityDependent,MAR,10,509,0.489124555473188,0.2630572136172651,0.0439039151992164,0.8528159401032502
KNN_SVR,MAR_ActivityDependent,MAR,10,509,0.458816671099546,0.2619091882643531,0.04118347360511,0.8704909179838651
Mean,MAR_ActivityDependent,MAR,20,509,1.2907327024180375,1.0510741237102403,0.1158564183247661,-0.0398214017013169
KNN,MAR_ActivityDependent,MAR,20,509,0.5937582711675367,0.3530879248289814,0.053295857863758,0.7799580577951626
SVR,MAR_ActivityDependent,MAR,20,509,0.9902701415320492,0.6338261572251268,0.0888868404410384,0.3879407108168655
MICE,MAR_ActivityDependent,MAR,20,509,0.8036325043701738,0.5442059905114367,0.0721342098416403,0.5969108455415228
MissForest,MAR_ActivityDependent,MAR,20,509,0.5340686496621952,0.3083376674814253,0.0479381058320519,0.821975286681428
KNN_SVR,MAR_ActivityDependent,MAR,20,509,0.429960633706512,0.2530712702101291,0.038593350078264,0.8846165518847983
Mean,MAR_ActivityDependent,MAR,30,509,1.2907327024180375,1.0510741237102403,0.1158564183247661,-0.0398214017013169
KNN,MAR_ActivityDependent,MAR,30,509,0.5937582711675367,0.3530879248289814,0.053295857863758,0.7799580577951626
SVR,MAR_ActivityDependent,MAR,30,509,0.9902701415320492,0.6338261572251268,0.0888868404410384,0.3879407108168655
MICE,MAR_ActivityDependent,MAR,30,509,0.8036325043701738,0.5442059905114367,0.0721342098416403,0.5969108455415228
MissForest,MAR_ActivityDependent,MAR,30,509,0.5340686496621952,0.3083376674814253,0.0479381058320519,0.821975286681428
KNN_SVR,MAR_ActivityDependent,MAR,30,509,0.429960633706512,0.2530712702101291,0.038593350078264,0.8846165518847983
Mean,MAR_BatteryDepletion,MAR,10,509,1.3751074718988892,1.028820837645469,0.1234299140382599,-0.0937746488569553
KNN,MAR_BatteryDepletion,MAR,10,509,0.64009283980362,0.457371467612816,0.0574548577533115,0.7630042774372219
SVR,MAR_BatteryDepletion,MAR,10,509,1.5880461698028998,1.1238878489329949,0.1425433329635579,-0.4587498310704496
MICE,MAR_BatteryDepletion,MAR,10,509,0.8092783738895186,0.652157179963502,0.0726409841874169,0.6211647003892298
MissForest,MAR_BatteryDepletion,MAR,10,509,0.4947025740029202,0.346076308712181,0.0444045992269731,0.8584392321845684
KNN_SVR,MAR_BatteryDepletion,MAR,10,509,0.3508071919520232,0.2293212834664187,0.0314885217566655,0.9288144989755373
Mean,MAR_BatteryDepletion,MAR,20,509,1.5475688308295932,1.1600752483435075,0.13891007914735,-0.18713561064931
KNN,MAR_BatteryDepletion,MAR,20,509,0.6345534816037154,0.4683084451110678,0.0569576438842768,0.8004108874640801
SVR,MAR_BatteryDepletion,MAR,20,509,1.4248592371591495,1.078207779713581,0.1278956421612012,-0.0063390118501411
MICE,MAR_BatteryDepletion,MAR,20,509,1.0136135942221856,0.7868267716303119,0.0909821532931466,0.4907333490827167
MissForest,MAR_BatteryDepletion,MAR,20,509,0.5362735274957632,0.3678398298979799,0.0481360160950849,0.8574480696498739
KNN_SVR,MAR_BatteryDepletion,MAR,20,509,0.3592081525694025,0.2466610873607822,0.0322425936150709,0.9360423122825058
Mean,MAR_BatteryDepletion,MAR,30,509,1.6031545625633172,1.2105775402968426,0.143899465235241,-0.2297017138333394
KNN,MAR_BatteryDepletion,MAR,30,509,0.6479974292243236,0.480144166283306,0.0581643752365943,0.7990927757664679
SVR,MAR_BatteryDepletion,MAR,30,509,1.5119641411517877,1.1865547118105602,0.1357141952792899,-0.0937850172235246
MICE,MAR_BatteryDepletion,MAR,30,509,1.0761281630353825,0.8282626289428545,0.0965934731444572,0.4459142485158823
MissForest,MAR_BatteryDepletion,MAR,30,509,0.5385655978744716,0.3765488612273694,0.0483417527779224,0.8612202169048796
KNN_SVR,MAR_BatteryDepletion,MAR,30,509,0.3732360857041091,0.2573278596609093,0.0335017436206776,0.933347531262276
Mean,MNAR_ValueDependent,MNAR,10,509,2.3744758323983275,2.1091819853697733,0.2131334123827677,-0.4684295747083107
KNN,MNAR_ValueDependent,MNAR,10,509,1.0669932440455188,0.7769914957767634,0.0957735210398349,0.7034889009271696
SVR,MNAR_ValueDependent,MNAR,10,509,1.243117548204156,0.90475990491987,0.1115824728247666,0.5975221265168195
MICE,MNAR_ValueDependent,MNAR,10,509,1.0553848663006014,0.7855639842708637,0.0947315507964471,0.7099056034384958
MissForest,MNAR_ValueDependent,MNAR,10,509,1.176950888067498,0.8504842308730891,0.1056433405461901,0.6392267760938419
KNN_SVR,MNAR_ValueDependent,MNAR,10,509,0.8226069156014832,0.5536871756059556,0.0738373566829363,0.8237608749761843
Mean,MNAR_ValueDependent,MNAR,20,509,2.31748221208408,2.0519808308157748,0.2080176539421547,-0.4109478072935999
KNN,MNAR_ValueDependent,MNAR,20,509,1.0794345188469987,0.7530968379715627,0.0968902522849589,0.6938947809049982
SVR,MNAR_ValueDependent,MNAR,20,509,1.24016338926122,0.8925299788511878,0.1113173069436748,0.5959492259790591
MICE,MNAR_ValueDependent,MNAR,20,509,1.2768157084470722,0.8572537959858978,0.1146072262400666,0.5717133233441157
MissForest,MNAR_ValueDependent,MNAR,20,509,1.225718102599597,0.8377564951403782,0.1100206952043465,0.6053070849502855
KNN_SVR,MNAR_ValueDependent,MNAR,20,509,0.7763440141203101,0.5021161294695647,0.0696847896511418,0.8416614922031043
Mean,MNAR_ValueDependent,MNAR,30,509,2.3047622088076296,2.050911126506331,0.2068759039749244,-0.3933282581057131
KNN,MNAR_ValueDependent,MNAR,30,509,1.2426153433288731,0.849391012120398,0.1115373948175181,0.5949817243449217
SVR,MNAR_ValueDependent,MNAR,30,509,1.430380328680421,1.0408754791149466,0.1283912164096102,0.4633337866931567
MICE,MNAR_ValueDependent,MNAR,30,509,1.5321583585474632,1.0327151219754065,0.137526832159065,0.3842442070922945
MissForest,MNAR_ValueDependent,MNAR,30,509,1.369221652661076,0.9259695570363968,0.1229016017591005,0.508245080253512
KNN_SVR,MNAR_ValueDependent,MNAR,30,509,0.7998022395747049,0.5202737061618059,0.0717904045288849,0.8322098630522432
Mean,MNAR_RangeLimitation,MNAR,10,509,2.1336777681700587,1.838505341226756,0.1915193313195387,-0.0939445679683499
KNN,MNAR_RangeLimitation,MNAR,10,509,1.5092785932221702,0.9979451828465667,0.1354731399749794,0.452635690063267
SVR,MNAR_RangeLimitation,MNAR,10,509,1.5904496239876666,1.1576767491403928,0.1427590674784835,0.3921764993414263
MICE,MNAR_RangeLimitation,MNAR,10,509,1.7102575354585805,1.2539475180603583,0.1535130489062316,0.2971531914874147
MissForest,MNAR_RangeLimitation,MNAR,10,509,1.6673083835160285,1.197970781914348,0.1496579246773124,0.3320106788434925
KNN_SVR,MNAR_RangeLimitation,MNAR,10,509,0.8269235425225079,0.5376291669614751,0.0742248179546445,0.8356883469613963
Mean,MNAR_RangeLimitation,MNAR,20,509,2.0198731060088453,1.733392366892806,0.1813042027170343,-0.0909147233980509
KNN,MNAR_RangeLimitation,MNAR,20,509,1.5692545904921378,1.056736232178894,0.1408565971509981,0.3415399278567959
SVR,MNAR_RangeLimitation,MNAR,20,509,1.6293303445370406,1.2311334788208812,0.1462490085145306,0.290159259675418
MICE,MNAR_RangeLimitation,MNAR,20,509,1.751615933609935,1.3187831381417825,0.1572253867655646,0.1796099131419095
MissForest,MNAR_RangeLimitation,MNAR,20,509,1.6687290147929428,1.228824859670413,0.14978544081694,0.2554150320306856
KNN_SVR,MNAR_RangeLimitation,MNAR,20,509,0.7859020974441511,0.4953130968491858,0.0705427250686572,0.8348496397361718
Mean,MNAR_RangeLimitation,MNAR,30,509,1.9354258376272355,1.6517765752283324,0.1737241994881126,-0.0873791913418458
KNN,MNAR_RangeLimitation,MNAR,30,509,1.6387037722511468,1.1486176569676103,0.1470903692086139,0.2204771399123161
SVR,MNAR_RangeLimitation,MNAR,30,509,1.7957771893316774,1.3690831630649944,0.161189309665372,0.0638771412943128
MICE,MNAR_RangeLimitation,MNAR,30,509,1.7141593815739915,1.3136952870772618,0.1538632793721826,0.1470366935988375
MissForest,MNAR_RangeLimitation,MNAR,30,509,1.6770702672591826,1.2529780701381343,0.1505341532600901,0.1835483564001988
KNN_SVR,MNAR_RangeLimitation,MNAR,30,509,0.7227074276770699,0.4610530127716346,0.0648703592234947,0.8483812243546605
Mean,MCAR_RandomSensorFailures,MCAR,10,510,1.693734805469693,0.9994147631792024,0.1032381875721087,-0.0102336342779598
KNN,MCAR_RandomSensorFailures,MCAR,10,510,1.684813444620477,0.6680823671202267,0.1026944040224199,0.0003806870485723
SVR,MCAR_RandomSensorFailures,MCAR,10,510,1.7202286114771683,0.977001406983922,0.1048530640600134,-0.0420854514564572
MICE,MCAR_RandomSensorFailures,MCAR,10,510,1.2833613346330373,0.6797897272965603,0.0782247006790981,0.4199987886934923
MissForest,MCAR_RandomSensorFailures,MCAR,10,510,1.1162909542950616,0.5760054801358822,0.0680412627480979,0.5611806090663674
KNN_SVR,MCAR_RandomSensorFailures,MCAR,10,510,0.7759978571594505,0.3430166451751475,0.0472993836309372,0.7879432782243029
Mean,MCAR_RandomSensorFailures,MCAR,20,510,1.402757699143817,0.9027146868284592,0.0855022651685245,-0.0078476848397865
KNN,MCAR_RandomSensorFailures,MCAR,20,510,1.3694038166419682,0.6250974429973274,0.0834692465596703,0.039510440773976
SVR,MCAR_RandomSensorFailures,MCAR,20,510,1.4264803937807866,0.8455987660593323,0.0869482341541876,-0.042224298691742
MICE,MCAR_RandomSensorFailures,MCAR,20,510,1.1119814677929405,0.6638706105579646,0.0677785866937305,0.3666778474304852
MissForest,MCAR_RandomSensorFailures,MCAR,20,510,1.0179443578516587,0.5899393409584069,0.0620467443985225,0.4692650844918007
KNN_SVR,MCAR_RandomSensorFailures,MCAR,20,510,0.718577360749886,0.3469126903209364,0.0437994331312069,0.7355298624268869
Mean,MCAR_RandomSensorFailures,MCAR,30,510,1.2815659764746667,0.8499412759584671,0.0781152682450982,-0.0171598882230954
KNN,MCAR_RandomSensorFailures,MCAR,30,510,1.2513667791869074,0.6034566314005466,0.0762745371081737,0.0302126164025753
SVR,MCAR_RandomSensorFailures,MCAR,30,510,1.3891822338059712,0.8702230836211259,0.0846748000704459,-0.1951591156843264
MICE,MCAR_RandomSensorFailures,MCAR,30,510,1.0345883072726016,0.6377951257444883,0.0630612427525216,0.3371085479730222
MissForest,MCAR_RandomSensorFailures,MCAR,30,510,0.97315789557816,0.5766982167346726,0.059316875957518,0.413492043029106
KNN_SVR,MCAR_RandomSensorFailures,MCAR,30,510,0.7100485541999461,0.3568620557012747,0.0432795769367628,0.6877637070062081
Mean,MCAR_ConnectionIssues,MCAR,10,510,1.3877354409568072,0.8449234567172299,0.0845866137315588,-0.0013990753182253
KNN,MCAR_ConnectionIssues,MCAR,10,510,1.5180677625698682,0.8554699425171279,0.0925307574203734,-0.1983292001488457
SVR,MCAR_ConnectionIssues,MCAR,10,510,1.7469866426373435,1.308450463725466,0.1064840458589665,-0.5869856339300163
MICE,MCAR_ConnectionIssues,MCAR,10,510,1.3877354409568072,0.84492345671723,0.0845866137315588,-0.0013990753182253
MissForest,MCAR_ConnectionIssues,MCAR,10,510,1.4448563096430065,0.8138691039530105,0.0880683010279785,-0.0855332843311
KNN_SVR,MCAR_ConnectionIssues,MCAR,10,510,1.4362676193246666,0.7461209528548471,0.0875447947392607,-0.0726661240827273
Mean,MCAR_ConnectionIssues,MCAR,20,510,1.249207418091438,0.8472923814608276,0.0761429176096016,-0.0228976788473729
KNN,MCAR_ConnectionIssues,MCAR,20,510,1.4041485628312402,0.8858581511728418,0.0855870424582075,-0.2923769501641633
SVR,MCAR_ConnectionIssues,MCAR,20,510,1.740953966669145,1.3353737809361736,0.1061163362676212,-0.9867245568020984
MICE,MCAR_ConnectionIssues,MCAR,20,510,1.249207418091438,0.8472923814608276,0.0761429176096016,-0.0228976788473729
MissForest,MCAR_ConnectionIssues,MCAR,20,510,1.3189721465681223,0.8426289810907569,0.0803952858676867,-0.1403399329818799
KNN_SVR,MCAR_ConnectionIssues,MCAR,20,510,1.2965186636867116,0.7634617149613261,0.0790266791236602,-0.1018453163484098
Mean,MCAR_ConnectionIssues,MCAR,30,510,1.3436990426301083,0.8712244189044325,0.0819024639250068,-0.0224160927764831
KNN,MCAR_ConnectionIssues,MCAR,30,510,1.5044203878149327,0.9139696449842426,0.0916989092288696,-0.2816282799066212
SVR,MCAR_ConnectionIssues,MCAR,30,510,1.7698479054177665,1.3652229591398704,0.1078775080039486,-0.7737628453687013
MICE,MCAR_ConnectionIssues,MCAR,30,510,1.3436990426301088,0.8712244189044325,0.0819024639250069,-0.0224160927764833
MissForest,MCAR_ConnectionIssues,MCAR,30,510,1.4219088976251049,0.8729336464419253,0.0866695878300516,-0.1448990759119823
KNN_SVR,MCAR_ConnectionIssues,MCAR,30,510,1.4047209216195853,0.7801384213342185,0.085621929433287,-0.1173873816765287
Mean,MAR_ActivityDependent,MAR,10,510,0.9746872137226092,0.8346060181032496,0.0594100924592656,-0.0045242876041806
KNN,MAR_ActivityDependent,MAR,10,510,0.6496080048789249,0.3712044047330999,0.0395955452054585,0.5537968419235872
SVR,MAR_ActivityDependent,MAR,10,510,0.9135146410747276,0.6328818784107493,0.0556814417230961,0.1176092872815767
MICE,MAR_ActivityDependent,MAR,10,510,0.6099805744326102,0.4414412112043535,0.0371801351399596,0.6065750365763962
MissForest,MAR_ActivityDependent,MAR,10,510,0.5969122582146996,0.347851498845822,0.0363835822931979,0.6232520487877893
KNN_SVR,MAR_ActivityDependent,MAR,10,510,0.4659325032580991,0.2884106554421426,0.028399975611272,0.7704507282303572
Mean,MAR_ActivityDependent,MAR,20,510,0.984396695259896,0.8336118489946999,0.060001914315283,-0.0049333811594733
KNN,MAR_ActivityDependent,MAR,20,510,0.7214785166787907,0.419961448831827,0.0439762672371112,0.4601864447913718
SVR,MAR_ActivityDependent,MAR,20,510,1.1116090250950392,0.7923426593713249,0.0677558852005678,-0.281448351445726
MICE,MAR_ActivityDependent,MAR,20,510,0.6605781712042815,0.4819573149659329,0.0402642095590143,0.5474720427870086
MissForest,MAR_ActivityDependent,MAR,20,510,0.7046284780559416,0.4266861032551955,0.0429492071316417,0.4851065567486136
KNN_SVR,MAR_ActivityDependent,MAR,20,510,0.4611358213458823,0.2844808854071483,0.0281076035437098,0.7794765906907948
Mean,MAR_ActivityDependent,MAR,30,510,0.984396695259896,0.8336118489946999,0.060001914315283,-0.0049333811594733
KNN,MAR_ActivityDependent,MAR,30,510,0.7214785166787907,0.419961448831827,0.0439762672371112,0.4601864447913718
SVR,MAR_ActivityDependent,MAR,30,510,1.1116090250950392,0.7923426593713249,0.0677558852005678,-0.281448351445726
MICE,MAR_ActivityDependent,MAR,30,510,0.6605781712042815,0.4819573149659329,0.0402642095590143,0.5474720427870086
MissForest,MAR_ActivityDependent,MAR,30,510,0.7046284780559416,0.4266861032551954,0.0429492071316417,0.4851065567486136
KNN_SVR,MAR_ActivityDependent,MAR,30,510,0.4611358213458823,0.2844808854071483,0.0281076035437098,0.7794765906907948
Mean,MAR_BatteryDepletion,MAR,10,510,1.1338999889945598,0.9328839903138176,0.0691145859279722,-0.0195865098914092
KNN,MAR_BatteryDepletion,MAR,10,510,1.1490198115526689,0.7947494097919228,0.0700361842043199,-0.04695885001907
SVR,MAR_BatteryDepletion,MAR,10,510,1.2077244753525278,0.8604693496154134,0.0736144085362257,-0.1566722431288378
MICE,MAR_BatteryDepletion,MAR,10,510,1.082885170059116,0.7951655981323071,0.0660050805737653,0.0700932699414246
MissForest,MAR_BatteryDepletion,MAR,10,510,1.059304719097674,0.6431479486442668,0.064567781764335,0.1101508445419109
KNN_SVR,MAR_BatteryDepletion,MAR,10,510,0.9540952505055702,0.5238049246703722,0.0581549508903415,0.2781315741591875
Mean,MAR_BatteryDepletion,MAR,20,510,0.967685227983614,0.7959134544632926,0.0589833005466443,-0.0086208313142897
KNN,MAR_BatteryDepletion,MAR,20,510,0.9489264207689018,0.6072951381800002,0.0578398953030328,0.0301048488343091
SVR,MAR_BatteryDepletion,MAR,20,510,1.4851729157405105,1.06497489310676,0.0905257184047269,-1.3758211921134342
MICE,MAR_BatteryDepletion,MAR,20,510,0.9155140420063304,0.6669277816847241,0.0558033111726357,0.0972037836850751
MissForest,MAR_BatteryDepletion,MAR,20,510,0.814502376522469,0.4672704098798259,0.0496463489170823,0.2854305872542785
KNN_SVR,MAR_BatteryDepletion,MAR,20,510,0.8407167279628351,0.4179032491830176,0.051244191815712,0.2386942882244196
Mean,MAR_BatteryDepletion,MAR,30,510,0.8817698898792732,0.7263724711415357,0.0537465044662347,-0.0005176395272521
KNN,MAR_BatteryDepletion,MAR,30,510,0.8182198713842663,0.5016040832527308,0.0498729413154916,0.138502015778093
SVR,MAR_BatteryDepletion,MAR,30,510,1.680965067178612,1.208980005529139,0.102459833940428,-2.6360646538807315
MICE,MAR_BatteryDepletion,MAR,30,510,0.8368536319948607,0.6114276521277399,0.0510087245956591,0.0988165009994552
MissForest,MAR_BatteryDepletion,MAR,30,510,0.7011715361672827,0.3913965195358888,0.0427384962139852,0.3673510729399915
KNN_SVR,MAR_BatteryDepletion,MAR,30,510,0.7673543108993296,0.3740968667598394,0.0467725337089725,0.2422846333962646
Mean,MNAR_ValueDependent,MNAR,10,510,3.9631406647359655,2.690615894632505,0.2415652426810712,-0.0006653362482973
KNN,MNAR_ValueDependent,MNAR,10,510,2.686136289545777,1.445455498659866,0.1637280176382,0.5403090329915783
SVR,MNAR_ValueDependent,MNAR,10,510,3.2213138962114622,1.8509872322280847,0.1963486888099319,0.3388865790429048
MICE,MNAR_ValueDependent,MNAR,10,510,2.6255364416721587,1.5865936162393004,0.1600342761850432,0.5608165331888679
MissForest,MNAR_ValueDependent,MNAR,10,510,2.8155287270132874,1.6250173205996037,0.1716148725853526,0.4949553124937123
KNN_SVR,MNAR_ValueDependent,MNAR,10,510,2.0674646684621143,1.1745147407730718,0.1260181372857892,0.7276759015683476
Mean,MNAR_ValueDependent,MNAR,20,510,3.868188312892743,2.614407573860284,0.2357776136624391,-8.098154531133162e-05
KNN,MNAR_ValueDependent,MNAR,20,510,3.15419207689743,1.7261347263812017,0.1922574137471858,0.3350389236851111
SVR,MNAR_ValueDependent,MNAR,20,510,2.9578477968678603,1.7435465896084674,0.1802896443272369,0.4152481605082894
MICE,MNAR_ValueDependent,MNAR,20,510,2.856663470195801,1.737360835462732,0.1741221578573401,0.4545711397445878
MissForest,MNAR_ValueDependent,MNAR,20,510,3.138384426760237,1.8013063973062071,0.1912938903286037,0.341687302717493
KNN_SVR,MNAR_ValueDependent,MNAR,20,510,2.0236807224282134,1.1490262147769432,0.1233493751993648,0.7262816327349129
Mean,MNAR_ValueDependent,MNAR,30,510,3.7649868979854033,2.522716755396466,0.2294871796490953,-6.459891662036199e-06
KNN,MNAR_ValueDependent,MNAR,30,510,3.394713782547306,1.9054775408312885,0.2069179290078139,0.1870156334628963
SVR,MNAR_ValueDependent,MNAR,30,510,2.6102169131217474,1.5939093846599386,0.1591005052328869,0.5193498680783238
MICE,MNAR_ValueDependent,MNAR,30,510,2.973223154583517,1.8320093749944963,0.1812268182335127,0.376364427415271
MissForest,MNAR_ValueDependent,MNAR,30,510,3.314959308320541,1.8979998630766788,0.2020566559541175,0.2247669658703474
KNN_SVR,MNAR_ValueDependent,MNAR,30,510,1.969448389615944,1.118691568211179,0.1200437527788623,0.7263691397216119
Mean,MNAR_RangeLimitation,MNAR,10,510,2.36837345223956,1.632646310501766,0.1443594250490151,-0.0007971667949835
KNN,MNAR_RangeLimitation,MNAR,10,510,1.7886912893880598,0.986149761543672,0.1090260684530437,0.4291572591230511
SVR,MNAR_RangeLimitation,MNAR,10,510,1.984179278637044,1.2249309794680066,0.1209416443962235,0.2975627753514143
MICE,MNAR_RangeLimitation,MNAR,10,510,1.6977820093185134,1.1387572021863943,0.1034848767165591,0.485708255421941
MissForest,MNAR_RangeLimitation,MNAR,10,510,1.738425107330391,1.1036720040547523,0.1059621947491765,0.4607903326145679
KNN_SVR,MNAR_RangeLimitation,MNAR,10,510,1.288259449471716,0.7459627323934905,0.0785232553860288,0.7038904788025068
Mean,MNAR_RangeLimitation,MNAR,20,510,2.2960960244239588,1.5334871287347602,0.139953900272669,-0.0001403109672348
KNN,MNAR_RangeLimitation,MNAR,20,510,2.177937410752152,1.1695576666172938,0.1327517803881883,0.1001468763054685
SVR,MNAR_RangeLimitation,MNAR,20,510,1.954249745764521,1.2452277140941357,0.1191173501096205,0.2754957006150589
MICE,MNAR_RangeLimitation,MNAR,20,510,2.012166490340942,1.2344727036322412,0.1226475484150679,0.2319160977074271
MissForest,MNAR_RangeLimitation,MNAR,20,510,2.0958992236701475,1.2212268032661502,0.1277513082253109,0.1666611435066424
KNN_SVR,MNAR_RangeLimitation,MNAR,20,510,1.2270148433002364,0.7151353600428731,0.0747902139917724,0.7143853554055175
Mean,MNAR_RangeLimitation,MNAR,30,510,2.1207741395229376,1.4017246628224869,0.1292675085303159,-1.1917766233215945e-05
KNN,MNAR_RangeLimitation,MNAR,30,510,2.0856934010822474,1.1683950987468092,0.1271292329020343,0.0327978084461597
SVR,MNAR_RangeLimitation,MNAR,30,510,1.8752688417775607,1.227344107155499,0.1143032284690374,0.2181140427706566
MICE,MNAR_RangeLimitation,MNAR,30,510,2.0046223829903984,1.224109497934159,0.1221877125734684,0.1065268864087142
MissForest,MNAR_RangeLimitation,MNAR,30,510,2.089377827170155,1.2279999314357608,0.1273538096600549,0.0293776196849248
KNN_SVR,MNAR_RangeLimitation,MNAR,30,510,1.5855676919723785,0.8030792285869617,0.0966450794206395,0.4410333287494483
Mean,MCAR_RandomSensorFailures,MCAR,10,511,0.905293017408236,0.780252725844237,0.1174444756482178,-0.002084046398288
KNN,MCAR_RandomSensorFailures,MCAR,10,511,0.7241909753858062,0.4710963756628358,0.0939499451976924,0.3587431405585705
SVR,MCAR_RandomSensorFailures,MCAR,10,511,1.2108358871559537,0.8363467776972048,0.1570828263651002,-0.7926535902329965
MICE,MCAR_RandomSensorFailures,MCAR,10,511,0.7468240578662932,0.5673760498732301,0.0968861553010616,0.3180344977187508
MissForest,MCAR_RandomSensorFailures,MCAR,10,511,0.6734148397338868,0.435552362308825,0.0873627115480228,0.4455132512133812
KNN_SVR,MCAR_RandomSensorFailures,MCAR,10,511,0.6230349020848189,0.3523301811861099,0.0808268770208506,0.5253750555339899
Mean,MCAR_RandomSensorFailures,MCAR,20,511,0.9413269694514548,0.7890753990378674,0.1221191925872312,-1.95896582948496e-05
KNN,MCAR_RandomSensorFailures,MCAR,20,511,0.786099595103914,0.5043013113111801,0.1019814059966653,0.3025988654558996
SVR,MCAR_RandomSensorFailures,MCAR,20,511,1.2234436231570254,0.8445801539342049,0.1587184392719535,-0.6892558349151134
MICE,MCAR_RandomSensorFailures,MCAR,20,511,0.8548964422488092,0.6174832233687616,0.1109064827218945,0.175188848838503
MissForest,MCAR_RandomSensorFailures,MCAR,20,511,0.7054521067216277,0.4443026704978708,0.0915189349477671,0.4383541245602348
KNN_SVR,MCAR_RandomSensorFailures,MCAR,20,511,0.6254399910435254,0.3408725219062084,0.0811388913700292,0.558532438018839
Mean,MCAR_RandomSensorFailures,MCAR,30,511,0.9118997674710816,0.7588623054708665,0.1183015752634243,-4.829239124148899e-07
KNN,MCAR_RandomSensorFailures,MCAR,30,511,0.7759151751262804,0.4979806663081031,0.1006601720524571,0.276006793088509
SVR,MCAR_RandomSensorFailures,MCAR,30,511,1.306636218857641,0.917573614886854,0.1695110893774906,-1.0531249676469114
MICE,MCAR_RandomSensorFailures,MCAR,30,511,0.8195791744964016,0.5932877728450557,0.1063247418791517,0.1922297973601485
MissForest,MCAR_RandomSensorFailures,MCAR,30,511,0.7265174974880316,0.4653643349682007,0.0942517669980661,0.3652566545938036
KNN_SVR,MCAR_RandomSensorFailures,MCAR,30,511,0.650766130422071,0.3539967265428422,0.0844244741618003,0.4907208655298838
Mean,MCAR_ConnectionIssues,MCAR,10,511,0.9095483390951896,0.762225010316732,0.1179965223498145,-0.0304076339939973
KNN,MCAR_ConnectionIssues,MCAR,10,511,1.0748508648161588,0.815006400541001,0.1394413673704966,-0.4389772164996268
SVR,MCAR_ConnectionIssues,MCAR,10,511,1.5279358354375732,1.2304220386399378,0.1982204872526556,-1.9078214159853728
MICE,MCAR_ConnectionIssues,MCAR,10,511,0.9095483390951896,0.762225010316732,0.1179965223498145,-0.0304076339939973
MissForest,MCAR_ConnectionIssues,MCAR,10,511,0.998130680084396,0.7859800692430843,0.1294883889489331,-0.2408872069552285
KNN_SVR,MCAR_ConnectionIssues,MCAR,10,511,1.0082371342886731,0.7482501728003904,0.1307995083233895,-0.2661433403142725
Mean,MCAR_ConnectionIssues,MCAR,20,511,0.8982450311484477,0.7570538671915691,0.1165301340651727,-0.0084508358985035
KNN,MCAR_ConnectionIssues,MCAR,20,511,1.035172167974535,0.7804987857588702,0.1342938144176302,-0.3393382040790309
SVR,MCAR_ConnectionIssues,MCAR,20,511,1.5007067179878075,1.2056071659245111,0.1946880294077838,-1.8148595920731447
MICE,MCAR_ConnectionIssues,MCAR,20,511,0.8982450311484477,0.7570538671915691,0.1165301340651727,-0.0084508358985035
MissForest,MCAR_ConnectionIssues,MCAR,20,511,0.97980811711314,0.7748323663760562,0.1271113864101846,-0.1999057909874588
KNN_SVR,MCAR_ConnectionIssues,MCAR,20,511,0.9823512043839944,0.7350906420696541,0.1274413034042516,-0.2061425737237823
Mean,MCAR_ConnectionIssues,MCAR,30,511,0.8635074365088629,0.734930370929466,0.1120235947356126,-0.0065323949205005
KNN,MCAR_ConnectionIssues,MCAR,30,511,0.9898051934362684,0.7531712805074691,0.1284083160939531,-0.3224980774215575
SVR,MCAR_ConnectionIssues,MCAR,30,511,1.4906154103026426,1.184764470616352,0.1933788750048457,-1.999347645485933
MICE,MCAR_ConnectionIssues,MCAR,30,511,0.8635074365088627,0.7349303709294661,0.1120235947356126,-0.0065323949205005
MissForest,MCAR_ConnectionIssues,MCAR,30,511,0.932352597347957,0.743228887472105,0.1209549392397518,-0.1734266922480423
KNN_SVR,MCAR_ConnectionIssues,MCAR,30,511,0.9416115255554972,0.7120929822379373,0.1221561083059975,-0.1968483473624209
Mean,MAR_ActivityDependent,MAR,10,511,0.9766065066400216,0.8172480966672241,0.1266960386100638,-0.0054360796708579
KNN,MAR_ActivityDependent,MAR,10,511,0.7135919680818126,0.4034870822332786,0.0925749264675437,0.4631967394830977
SVR,MAR_ActivityDependent,MAR,10,511,0.8011281227124885,0.4824505395638961,0.1039310703714186,0.3234199409287509
MICE,MAR_ActivityDependent,MAR,10,511,0.6235197082680501,0.4037875988376114,0.0808897713621144,0.5901588049067168
MissForest,MAR_ActivityDependent,MAR,10,511,0.482989419438858,0.2558175348808338,0.0626586508664678,0.7540819124161378
KNN_SVR,MAR_ActivityDependent,MAR,10,511,0.3913738073660682,0.2281058122601597,0.0507732752873172,0.8385274316361322
Mean,MAR_ActivityDependent,MAR,20,511,0.960255667612504,0.8097631377923835,0.1245748295881574,-0.0033478209626125
KNN,MAR_ActivityDependent,MAR,20,511,0.7263314816116287,0.424744785277389,0.0942276349914712,0.4259529490106654
SVR,MAR_ActivityDependent,MAR,20,511,0.9144371246967056,0.5818863931172933,0.1186307488935808,0.0901172063435917
MICE,MAR_ActivityDependent,MAR,20,511,0.6742516390433284,0.4509691221013552,0.0874712702734635,0.5053229351327093
MissForest,MAR_ActivityDependent,MAR,20,511,0.5005116634775808,0.2765873768703031,0.064931827311813,0.727412360873847
KNN_SVR,MAR_ActivityDependent,MAR,20,511,0.3899783341114274,0.2305866109323935,0.0505922392895564,0.8345149699858632
Mean,MAR_ActivityDependent,MAR,30,511,0.960255667612504,0.8097631377923835,0.1245748295881574,-0.0033478209626125
KNN,MAR_ActivityDependent,MAR,30,511,0.7263314816116287,0.424744785277389,0.0942276349914712,0.4259529490106654
SVR,MAR_ActivityDependent,MAR,30,511,0.9144371246967056,0.5818863931172933,0.1186307488935808,0.0901172063435917
MICE,MAR_ActivityDependent,MAR,30,511,0.6742516390433284,0.4509691221013552,0.0874712702734635,0.5053229351327093
MissForest,MAR_ActivityDependent,MAR,30,511,0.5005116634775808,0.2765873768703031,0.064931827311813,0.727412360873847
KNN_SVR,MAR_ActivityDependent,MAR,30,511,0.3899783341114274,0.2305866109323935,0.0505922392895564,0.8345149699858632
Mean,MAR_BatteryDepletion,MAR,10,511,0.6915442905094032,0.6241144742736893,0.0897146614682999,-0.0509207100622759
KNN,MAR_BatteryDepletion,MAR,10,511,0.4608276867311726,0.3213586923468256,0.0597835893921602,0.53333301410567
SVR,MAR_BatteryDepletion,MAR,10,511,1.4318858325657948,1.0174592969970884,0.1857598341752897,-3.5055388061404944
MICE,MAR_BatteryDepletion,MAR,10,511,0.603933288749734,0.4643662440939213,0.0783488075792055,0.1984919519560232
MissForest,MAR_BatteryDepletion,MAR,10,511,0.6267925198249128,0.4313942219816233,0.0813143561427323,0.1366685532968319
KNN_SVR,MAR_BatteryDepletion,MAR,10,511,0.3805700546723062,0.223367499401714,0.049371694753995,0.6817274558655343
Mean,MAR_BatteryDepletion,MAR,20,511,0.831278753210186,0.7262181144027555,0.1078425387260546,-0.0223744302005215
KNN,MAR_BatteryDepletion,MAR,20,511,0.5811543574130471,0.3754018033263732,0.0753936763728222,0.5003112001861707
SVR,MAR_BatteryDepletion,MAR,20,511,1.669221115186175,1.1866994381469065,0.2165495533978811,-3.122345215129511
MICE,MAR_BatteryDepletion,MAR,20,511,0.6808503907312784,0.5354752800724308,0.0883273322523162,0.3141644381445768
MissForest,MAR_BatteryDepletion,MAR,20,511,0.6560199247226485,0.4435593143768203,0.0851060536116909,0.3632767941705854
KNN_SVR,MAR_BatteryDepletion,MAR,20,511,0.4564562579154144,0.2598335155356326,0.0592164800085376,0.6917415790948209
Mean,MAR_BatteryDepletion,MAR,30,511,0.8561001509587121,0.7501131070950227,0.111062640933158,-0.0346933501118971
KNN,MAR_BatteryDepletion,MAR,30,511,0.5726769538324324,0.3644374846954966,0.0742938951978453,0.5369990063394006
SVR,MAR_BatteryDepletion,MAR,30,511,1.726675886913805,1.2370641441625323,0.2240032124997238,-3.209050717688595
MICE,MAR_BatteryDepletion,MAR,30,511,0.6930157715079089,0.5370823933237531,0.0899055580188892,0.3219702540700501
MissForest,MAR_BatteryDepletion,MAR,30,511,0.6557789857501842,0.4481834505594773,0.0850747963825505,0.3928758588951599
KNN_SVR,MAR_BatteryDepletion,MAR,30,511,0.4596689668512025,0.2688646339709595,0.0596332676221814,0.7017002564451204
Mean,MNAR_ValueDependent,MNAR,10,511,1.783959495253685,1.6792179732268744,0.2314346664216547,-0.8230463342061904
KNN,MNAR_ValueDependent,MNAR,10,511,0.8598492333478934,0.5309744803704504,0.1115490127563053,0.5764815402897178
SVR,MNAR_ValueDependent,MNAR,10,511,1.0857492152246917,0.7397106552805142,0.1408552201502574,0.3247155083451684
MICE,MNAR_ValueDependent,MNAR,10,511,0.9438604706443552,0.6465083714870671,0.1224478659708017,0.4896791368306351
MissForest,MNAR_ValueDependent,MNAR,10,511,0.8637899708392295,0.530294458958933,0.1120602481678654,0.5725906266016418
KNN_SVR,MNAR_ValueDependent,MNAR,10,511,0.6445263225133413,0.3865485917098678,0.0836149782815776,0.7620372138891836
Mean,MNAR_ValueDependent,MNAR,20,511,1.728511784063086,1.6257952393375426,0.2242413850846165,-0.8184598078219016
KNN,MNAR_ValueDependent,MNAR,20,511,0.9440396615464494,0.6387106958963291,0.1224711125673541,0.4575752490404374
SVR,MNAR_ValueDependent,MNAR,20,511,1.2209176544205569,0.8810166291470231,0.1583907430807163,0.0927399983801297
MICE,MNAR_ValueDependent,MNAR,20,511,1.0625994687683369,0.7656390219747586,0.1378519827655933,0.3127761770079689
MissForest,MNAR_ValueDependent,MNAR,20,511,0.9413217991821132,0.6121403714711194,0.1221185218435492,0.4606940029134936
KNN_SVR,MNAR_ValueDependent,MNAR,20,511,0.5904859199594097,0.3673172034004437,0.0766042683570327,0.7877840070189546
Mean,MNAR_ValueDependent,MNAR,30,511,1.7173014496604195,1.6164334849722406,0.2227870583412913,-0.8237318518637997
KNN,MNAR_ValueDependent,MNAR,30,511,1.1310813690944632,0.8115551092408572,0.1467362011573591,0.2088558741408251
SVR,MNAR_ValueDependent,MNAR,30,511,1.3655152884071615,1.022933163353135,0.1771495239140734,-0.153084260091816
MICE,MNAR_ValueDependent,MNAR,30,511,1.216163774678047,0.8935316599937068,0.1577740179951167,0.0853561123747094
MissForest,MNAR_ValueDependent,MNAR,30,511,1.0768468086279042,0.7327188805159499,0.1397003029525525,0.2829065415324165
KNN_SVR,MNAR_ValueDependent,MNAR,30,511,0.5964424906522598,0.3795121701937205,0.0773770196190341,0.7800089258107052
Mean,MNAR_RangeLimitation,MNAR,10,511,1.5758795513702726,1.440608392231549,0.2044402685500561,-0.0721097811855353
KNN,MNAR_RangeLimitation,MNAR,10,511,1.293327729750487,0.9332832811676346,0.1677845671412599,0.2778782992007687
SVR,MNAR_RangeLimitation,MNAR,10,511,1.5481249807373614,1.1582607313339903,0.2008396431921409,-0.0346780954235461
MICE,MNAR_RangeLimitation,MNAR,10,511,1.3407319795578654,1.072902868065252,0.173934363014052,0.2239724227733179
MissForest,MNAR_RangeLimitation,MNAR,10,511,1.306976379473957,0.9915245238167394,0.1695552187195391,0.2625565958877677
KNN_SVR,MNAR_RangeLimitation,MNAR,10,511,0.8820300881789402,0.5922878722577537,0.1144265549608386,0.6641386584540494
Mean,MNAR_RangeLimitation,MNAR,20,511,1.4533695318101505,1.322875698028408,0.1885469337598649,-0.0644391020861563
KNN,MNAR_RangeLimitation,MNAR,20,511,1.3529403476052215,1.0205026883887336,0.1755181655578372,0.077585727568942
SVR,MNAR_RangeLimitation,MNAR,20,511,1.5893774181383322,1.2292916173887962,0.2061913589202024,-0.2729835557779805
MICE,MNAR_RangeLimitation,MNAR,20,511,1.3476990567740412,1.1016434135279922,0.1748382081942533,0.0847187497702444
MissForest,MNAR_RangeLimitation,MNAR,20,511,1.3099185343795896,1.0163533456320304,0.1699369071160288,0.1353162621601307
KNN_SVR,MNAR_RangeLimitation,MNAR,20,511,0.97391111442702,0.6697025497312752,0.1263463629591585,0.5220226014853387
Mean,MNAR_RangeLimitation,MNAR,30,511,1.359739246393312,1.22696586401703,0.1764001927996231,-0.053453999324917
KNN,MNAR_RangeLimitation,MNAR,30,511,1.3547035473736433,1.0524442411609285,0.1757469070462651,-0.0456656617225641
SVR,MNAR_RangeLimitation,MNAR,30,511,1.6204891293328088,1.2464200933199563,0.2102275091362008,-0.4962237858913989
MICE,MNAR_RangeLimitation,MNAR,30,511,1.3180772704271464,1.0859665056747,0.1709953472659383,0.0101120163341404
MissForest,MNAR_RangeLimitation,MNAR,30,511,1.2843163848167465,1.0087697391756223,0.1666155172753299,0.0601720494336129
KNN_SVR,MNAR_RangeLimitation,MNAR,30,511,1.1271187521883297,0.7713054996257185,0.1462221273096805,0.2761581961840965
Mean,MCAR_RandomSensorFailures,MCAR,10,512,0.6584501299455306,0.5478514893033994,0.0653996047902428,-0.0924788170370134
KNN,MCAR_RandomSensorFailures,MCAR,10,512,0.4622733890180301,0.2716553089969441,0.0459146343388622,0.4615256297786879
SVR,MCAR_RandomSensorFailures,MCAR,10,512,0.7275326101416754,0.4535861905953197,0.072261122006636,-0.33374307741319
MICE,MCAR_RandomSensorFailures,MCAR,10,512,0.4644298528804007,0.3325001130592454,0.046128821986384,0.456490042630739
MissForest,MCAR_RandomSensorFailures,MCAR,10,512,0.5294905556783672,0.3134916895192078,0.0525908819919222,0.2935463297861326
KNN_SVR,MCAR_RandomSensorFailures,MCAR,10,512,0.3008329615204443,0.1662955676329738,0.0298797978716215,0.7719562953791637
Mean,MCAR_RandomSensorFailures,MCAR,20,512,0.6789246600228578,0.5580799572696025,0.0674332078141102,-0.0843260626485886
KNN,MCAR_RandomSensorFailures,MCAR,20,512,0.5107043033155001,0.3036115426293358,0.0507249647050308,0.3864418006418575
SVR,MCAR_RandomSensorFailures,MCAR,20,512,0.7751416105561394,0.4969000702650903,0.0769898169676683,-0.4134447319084131
MICE,MCAR_RandomSensorFailures,MCAR,20,512,0.5135046781279844,0.3630928951593161,0.0510031078743793,0.3796946334445664
MissForest,MCAR_RandomSensorFailures,MCAR,20,512,0.6663720043278392,0.4162498098885574,0.0661864334811928,-0.0446004675549931
KNN_SVR,MCAR_RandomSensorFailures,MCAR,20,512,0.4152620319744181,0.2166832051320675,0.0412452994394073,0.5943409408849244
Mean,MCAR_RandomSensorFailures,MCAR,30,512,0.7343401821640209,0.5765461955176859,0.0729372742307678,-0.0723507696701439
KNN,MCAR_RandomSensorFailures,MCAR,30,512,0.624265634479198,0.3590810251803574,0.0620042793255232,0.2250366969087378
SVR,MCAR_RandomSensorFailures,MCAR,30,512,0.8497171843978509,0.5546393067419148,0.0843969277486426,-0.4357905307414391
MICE,MCAR_RandomSensorFailures,MCAR,30,512,0.6089236189171098,0.4100915057853087,0.0604804558667453,0.2626597843894371
MissForest,MCAR_RandomSensorFailures,MCAR,30,512,0.7486859313967633,0.4707786596015743,0.0743621449803854,-0.1146579727632477
KNN_SVR,MCAR_RandomSensorFailures,MCAR,30,512,0.5367710114846127,0.259194391062323,0.0533140027124856,0.4270451643543189
Mean,MCAR_ConnectionIssues,MCAR,10,512,0.7323147939715683,0.5716327056639287,0.0727361054841777,-0.0519541825266645
KNN,MCAR_ConnectionIssues,MCAR,10,512,0.898389728208745,0.6310615303048441,0.089231257616011,-0.5831817130977004
SVR,MCAR_ConnectionIssues,MCAR,10,512,1.0142411787915773,0.7601117068818222,0.1007380350284786,-1.0178258791416464
MICE,MCAR_ConnectionIssues,MCAR,10,512,0.7323147939715683,0.5716327056639287,0.0727361054841777,-0.0519541825266642
MissForest,MCAR_ConnectionIssues,MCAR,10,512,0.815422042896368,0.5951722124477188,0.0809906125268536,-0.3042657924270753
KNN_SVR,MCAR_ConnectionIssues,MCAR,10,512,0.8228162378770338,0.553714582411033,0.0817250302260612,-0.3280270366270228
Mean,MCAR_ConnectionIssues,MCAR,20,512,0.7878357123424126,0.6181376689416905,0.0782506402285856,-0.086532587255069
KNN,MCAR_ConnectionIssues,MCAR,20,512,0.9526767332528904,0.6713090149079165,0.0946232357076953,-0.5887755475354055
SVR,MCAR_ConnectionIssues,MCAR,20,512,1.0514174234178597,0.7920425824580762,0.1044305116422282,-0.935181790042326
MICE,MCAR_ConnectionIssues,MCAR,20,512,0.7878357123424126,0.6181376689416905,0.0782506402285856,-0.0865325872550688
MissForest,MCAR_ConnectionIssues,MCAR,20,512,0.8862928769986019,0.6549366285617386,0.0880297554029046,-0.3750736103701146
KNN_SVR,MCAR_ConnectionIssues,MCAR,20,512,0.9026937938240974,0.6087978749840545,0.0896587526948845,-0.4264361702345904
Mean,MCAR_ConnectionIssues,MCAR,30,512,0.7546287814544864,0.584221955160002,0.0749524099487208,-0.057897379489294
KNN,MCAR_ConnectionIssues,MCAR,30,512,0.9012180614874644,0.625503222395417,0.089512177719495,-0.5088170565497472
SVR,MCAR_ConnectionIssues,MCAR,30,512,1.0396870964405969,0.7786932743844013,0.1032654139173074,-1.00808512478606
MICE,MCAR_ConnectionIssues,MCAR,30,512,0.7546287814544862,0.584221955160002,0.0749524099487208,-0.0578973794892936
MissForest,MCAR_ConnectionIssues,MCAR,30,512,0.8567350491523964,0.6253013630980649,0.085093966993599,-0.3635462701079019
KNN_SVR,MCAR_ConnectionIssues,MCAR,30,512,0.8531268011543512,0.5636544919997247,0.084735582991037,-0.3520849613274297
Mean,MAR_ActivityDependent,MAR,10,512,0.796055782354444,0.6362682383230049,0.0790670867682491,-0.0034370417181583
KNN,MAR_ActivityDependent,MAR,10,512,0.6321778323549366,0.3660400829946871,0.0627901469114834,0.3671778785570324
SVR,MAR_ActivityDependent,MAR,10,512,0.7755505876618004,0.4946935790509349,0.0770304380259111,0.0475912234757701
MICE,MAR_ActivityDependent,MAR,10,512,0.5656001566426522,0.348100002202711,0.0561774157699518,0.493450176437225
MissForest,MAR_ActivityDependent,MAR,10,512,0.5790264446225437,0.3182367540819156,0.0575109623633096,0.4691156488744258
KNN_SVR,MAR_ActivityDependent,MAR,10,512,0.4976099791256902,0.274899072735731,0.0494243899339699,0.607914042300348
Mean,MAR_ActivityDependent,MAR,20,512,0.7882289676511006,0.6432968804589332,0.0782896997421315,-0.0028725092025276
KNN,MAR_ActivityDependent,MAR,20,512,0.6161929206099211,0.3672921973558768,0.0612024687211588,0.3871215473035304
SVR,MAR_ActivityDependent,MAR,20,512,0.8724835304063321,0.5804101750747096,0.0866581620680827,-0.2287270503915086
MICE,MAR_ActivityDependent,MAR,20,512,0.5618717880463534,0.3661112147062866,0.0558071009630727,0.4904164536383439
MissForest,MAR_ActivityDependent,MAR,20,512,0.5532501222640686,0.315840742278182,0.0549507665056072,0.5059351228696092
KNN_SVR,MAR_ActivityDependent,MAR,20,512,0.4637861420275359,0.2650080867783778,0.0460648863389265,0.6528025878430576
Mean,MAR_ActivityDependent,MAR,30,512,0.7882289676511006,0.6432968804589332,0.0782896997421315,-0.0028725092025276
KNN,MAR_ActivityDependent,MAR,30,512,0.6161929206099211,0.3672921973558768,0.0612024687211588,0.3871215473035304
SVR,MAR_ActivityDependent,MAR,30,512,0.8724835304063321,0.5804101750747096,0.0866581620680827,-0.2287270503915086
MICE,MAR_ActivityDependent,MAR,30,512,0.5618717880463534,0.3661112147062866,0.0558071009630727,0.4904164536383439
MissForest,MAR_ActivityDependent,MAR,30,512,0.5532501222640686,0.315840742278182,0.0549507665056072,0.5059351228696092
KNN_SVR,MAR_ActivityDependent,MAR,30,512,0.4637861420275359,0.2650080867783778,0.0460648863389265,0.6528025878430576
Mean,MAR_BatteryDepletion,MAR,10,512,0.5721529340494778,0.4564794660251374,0.0568282608881998,-0.0011136414855874
KNN,MAR_BatteryDepletion,MAR,10,512,0.4833124983319567,0.3087113667174209,0.048004313377096,0.2856432174802917
SVR,MAR_BatteryDepletion,MAR,10,512,0.8623183844378861,0.6197117351595292,0.085648523678268,-1.2740206860421477
MICE,MAR_BatteryDepletion,MAR,10,512,0.517954991156851,0.3726235722413817,0.0514451287656271,0.179566915425947
MissForest,MAR_BatteryDepletion,MAR,10,512,0.7724954884817649,0.5195920721494202,0.0767269947279565,-0.8249502261583628
KNN_SVR,MAR_BatteryDepletion,MAR,10,512,0.4039338890597317,0.2428549661338418,0.0401201480635709,0.5010239481268359
Mean,MAR_BatteryDepletion,MAR,20,512,0.5593355269570998,0.4576603562559395,0.055555190506474,-4.537531611892298e-05
KNN,MAR_BatteryDepletion,MAR,20,512,0.4579496428738591,0.2955301996419268,0.045485184519989,0.3296365225886936
SVR,MAR_BatteryDepletion,MAR,20,512,0.9362884455474908,0.6761483411921478,0.0929954927847642,-1.8021683509201616
MICE,MAR_BatteryDepletion,MAR,20,512,0.4937074265221849,0.3605861818267363,0.0490367745530397,0.2208623054618829
MissForest,MAR_BatteryDepletion,MAR,20,512,0.7660558739890697,0.5279274200278322,0.0760873893521346,-0.8758399887920265
KNN_SVR,MAR_BatteryDepletion,MAR,20,512,0.3871839572839979,0.236597276508086,0.0384564853675257,0.5208079499214417
Mean,MAR_BatteryDepletion,MAR,30,512,0.575339067353742,0.4773426475822898,0.0571447189606208,-0.0054151268127926
KNN,MAR_BatteryDepletion,MAR,30,512,0.4494448197315983,0.2930591348811608,0.0446404552883906,0.3864493177986352
SVR,MAR_BatteryDepletion,MAR,30,512,1.0138306034202915,0.742708272591836,0.1006972552248191,-2.121968223730579
MICE,MAR_BatteryDepletion,MAR,30,512,0.4841088612123071,0.3581385762093445,0.0480834109659276,0.2881577694375038
MissForest,MAR_BatteryDepletion,MAR,30,512,0.7686718640587581,0.5311412769803335,0.0763472187741547,-0.7946495505695739
KNN_SVR,MAR_BatteryDepletion,MAR,30,512,0.3702543036938407,0.2292290061126985,0.0367749720627541,0.5836122774065748
Mean,MNAR_ValueDependent,MNAR,10,512,1.3718193547484612,1.043328743246033,0.1362539690767119,-0.0052592225811889
KNN,MNAR_ValueDependent,MNAR,10,512,1.1591924411720664,0.5987092800602469,0.1151351090700844,0.282213484472877
SVR,MNAR_ValueDependent,MNAR,10,512,1.240504507095282,0.6627643682536383,0.1232113121630907,0.1779827953930405
MICE,MNAR_ValueDependent,MNAR,10,512,1.0458410073259925,0.6050962331090391,0.103876642196437,0.4157273636000669
MissForest,MNAR_ValueDependent,MNAR,10,512,0.9421669786939724,0.4522454242797512,0.0935793695691124,0.525823559657056
KNN_SVR,MNAR_ValueDependent,MNAR,10,512,0.8275732338970342,0.4097784539116888,0.0821975119608928,0.6341550319091294
Mean,MNAR_ValueDependent,MNAR,20,512,1.4456259738261,1.0802107454937868,0.1435847045402782,-0.0038951822943964
KNN,MNAR_ValueDependent,MNAR,20,512,1.2634709767768328,0.6983802273037247,0.1254924234762964,0.2331559979016917
SVR,MNAR_ValueDependent,MNAR,20,512,1.503260500411778,0.8508799416547986,0.1493091703571319,-0.0855378652931975
MICE,MNAR_ValueDependent,MNAR,20,512,1.184161377495046,0.7006151661475908,0.1176151124800475,0.3264059088227941
MissForest,MNAR_ValueDependent,MNAR,20,512,1.1508734380213557,0.5752150889303856,0.1143088361398167,0.3637443994596951
KNN_SVR,MNAR_ValueDependent,MNAR,20,512,0.9432284014041457,0.4803092020181983,0.0936847938413598,0.5726239082540219
Mean,MNAR_ValueDependent,MNAR,30,512,1.40860299374732,1.054164288857021,0.1399074507055656,-0.0026200796049242
KNN,MNAR_ValueDependent,MNAR,30,512,1.2511791211882444,0.6976936203144601,0.1242715527359429,0.2089605167639792
SVR,MNAR_ValueDependent,MNAR,30,512,1.6777530976774266,0.9743148492773483,0.1666403946685926,-0.4223788388905134
MICE,MNAR_ValueDependent,MNAR,30,512,1.147045662232602,0.6793790676827612,0.1139286478576291,0.3351547080998477
MissForest,MNAR_ValueDependent,MNAR,30,512,1.124012353471043,0.5607230691522338,0.1116408978496791,0.3615875429136173
KNN_SVR,MNAR_ValueDependent,MNAR,30,512,0.9690586226340674,0.4833490414926772,0.0962503431263469,0.5254747962186035
Mean,MNAR_RangeLimitation,MNAR,10,512,1.390775651159193,1.13217760834001,0.1381367757421933,-0.0013705315210499
KNN,MNAR_RangeLimitation,MNAR,10,512,1.242573688241404,0.7782040454256361,0.1234168305813298,0.2006721302983501
SVR,MNAR_RangeLimitation,MNAR,10,512,1.4323733174958004,0.9296214822562876,0.142268403658852,-0.0621677081503593
MICE,MNAR_RangeLimitation,MNAR,10,512,1.2357158559280577,0.8544111389634292,0.1227356863266424,0.2094708514754677
MissForest,MNAR_RangeLimitation,MNAR,10,512,1.2980150697928008,0.8383823689871787,0.1289234654464279,0.1277517264264975
KNN_SVR,MNAR_RangeLimitation,MNAR,10,512,1.094796889866018,0.6329563516164681,0.1087391142724013,0.379491465332982
Mean,MNAR_RangeLimitation,MNAR,20,512,1.2039912572281215,0.9786804327165072,0.1195846865428372,-0.0087204869646144
KNN,MNAR_RangeLimitation,MNAR,20,512,1.08619484201606,0.7113074467454792,0.1078847283376297,0.1790066355104044
SVR,MNAR_RangeLimitation,MNAR,20,512,1.340859230938765,0.8829536874419299,0.1331788996533394,-0.2510957451809332
MICE,MNAR_RangeLimitation,MNAR,20,512,1.070208052938616,0.7728845516647408,0.1062968636839826,0.2029958112532955
MissForest,MNAR_RangeLimitation,MNAR,20,512,1.1387110765036996,0.7668806271072829,0.1131008272103681,0.0976993607222854
KNN_SVR,MNAR_RangeLimitation,MNAR,20,512,0.9997777851363172,0.5467004630614587,0.0993014794171099,0.304445539662482
Mean,MNAR_RangeLimitation,MNAR,30,512,1.0867740938510262,0.8865374851961823,0.1079422616865622,-0.0132410810580279
KNN,MNAR_RangeLimitation,MNAR,30,512,1.037305300486112,0.6898186741717978,0.1030288454863357,0.0769028095158071
SVR,MNAR_RangeLimitation,MNAR,30,512,1.2464033074468772,0.8458009085510427,0.1237972019582112,-0.3327583757258787
MICE,MNAR_RangeLimitation,MNAR,30,512,0.9957279829546488,0.7410093004131619,0.0988992386852542,0.1494190348692996
MissForest,MNAR_RangeLimitation,MNAR,30,512,1.0429349183572447,0.7343161221558465,0.1035879991217411,0.0668560353463587
KNN_SVR,MNAR_RangeLimitation,MNAR,30,512,0.900823226528492,0.4982896133185782,0.0894729613094742,0.3038330755377498
Mean,MCAR_RandomSensorFailures,MCAR,10,513,1.062746547880371,0.7467866600929483,0.0842712424315271,-0.0024824215323731
KNN,MCAR_RandomSensorFailures,MCAR,10,513,0.7490545722562209,0.4507627589621747,0.0593968143946899,0.5019828727288231
SVR,MCAR_RandomSensorFailures,MCAR,10,513,0.9041210511543954,0.6411284688505089,0.0716929209897144,0.2744446935153256
MICE,MCAR_RandomSensorFailures,MCAR,10,513,0.700387889302355,0.4987931395168056,0.0555377551996982,0.5645937928935352
MissForest,MCAR_RandomSensorFailures,MCAR,10,513,0.8648014472364868,0.4967979419018467,0.0685750450665355,0.3361802404679971
KNN_SVR,MCAR_RandomSensorFailures,MCAR,10,513,0.6231721592326439,0.3459629219386642,0.0494148790339649,0.65530622097746
Mean,MCAR_RandomSensorFailures,MCAR,20,513,0.9019217554768216,0.6586648866340926,0.0715185262767012,-0.0115241153906431
KNN,MCAR_RandomSensorFailures,MCAR,20,513,0.7245715103595521,0.4539995063483247,0.0574554126101578,0.347168617614372
SVR,MCAR_RandomSensorFailures,MCAR,20,513,0.8889015836846086,0.651184691891141,0.0704860825056157,0.0174698740082356
MICE,MCAR_RandomSensorFailures,MCAR,20,513,0.6558131848724299,0.4772901881693793,0.0520031723484813,0.4651908819285483
MissForest,MCAR_RandomSensorFailures,MCAR,20,513,0.7623481487291363,0.4450370965197535,0.0604509379841435,0.2773213650698251
KNN_SVR,MCAR_RandomSensorFailures,MCAR,20,513,0.5745094334828474,0.3166581959623114,0.0455561336282808,0.5895759099435476
Mean,MCAR_RandomSensorFailures,MCAR,30,513,0.9367140165619512,0.6724820029503312,0.0742774033339767,-0.0114658657947981
KNN,MCAR_RandomSensorFailures,MCAR,30,513,0.8710238972021968,0.5185835499846414,0.0690684586566566,0.1254244454557089
SVR,MCAR_RandomSensorFailures,MCAR,30,513,1.021258580152684,0.7315256375099517,0.0809814245597641,-0.2022883253677214
MICE,MCAR_RandomSensorFailures,MCAR,30,513,0.8034547061755914,0.5307109776093636,0.0637105116567232,0.2558508478730072
MissForest,MCAR_RandomSensorFailures,MCAR,30,513,0.8604402956235939,0.498130063641909,0.0682292244514663,0.1465488361150728
KNN_SVR,MCAR_RandomSensorFailures,MCAR,30,513,0.6920580515673863,0.3572039763731683,0.0548772347994401,0.4478942823260997
Mean,MCAR_ConnectionIssues,MCAR,10,513,1.2650364287577829,0.8253482357101528,0.1003119622314319,-0.0096767969010971
KNN,MCAR_ConnectionIssues,MCAR,10,513,1.4674983296664983,0.9260893090781924,0.1163663224819126,-0.358724928197174
SVR,MCAR_ConnectionIssues,MCAR,10,513,1.47189891001159,1.0780989878660907,0.1167152696263096,-0.3668859502019854
MICE,MCAR_ConnectionIssues,MCAR,10,513,1.2650364287577829,0.8253482357101528,0.1003119622314319,-0.0096767969010971
MissForest,MCAR_ConnectionIssues,MCAR,10,513,1.3995796195389356,0.8717011198439593,0.1109806601165894,-0.2358664187065955
KNN_SVR,MCAR_ConnectionIssues,MCAR,10,513,1.3340482379871492,0.7723568198308249,0.1057843026665108,-0.1228438879248188
Mean,MCAR_ConnectionIssues,MCAR,20,513,1.0905787993604237,0.7264776598156539,0.0864782205831558,-0.0142896153726159
KNN,MCAR_ConnectionIssues,MCAR,20,513,1.2668843062615045,0.8033723416230247,0.1004584909907212,-0.3687426181212878
SVR,MCAR_ConnectionIssues,MCAR,20,513,1.3627473447174443,1.0039691960429695,0.1080600187209743,-0.5837206021665389
MICE,MCAR_ConnectionIssues,MCAR,20,513,1.0905787993604237,0.7264776598156539,0.0864782205831558,-0.0142896153726155
MissForest,MCAR_ConnectionIssues,MCAR,20,513,1.2051085505981367,0.7567923362958342,0.0955599385632572,-0.2385119839462184
KNN_SVR,MCAR_ConnectionIssues,MCAR,20,513,1.153281522258485,0.6734186824976002,0.091450277535962,-0.1342754832180586
Mean,MCAR_ConnectionIssues,MCAR,30,513,1.1160573190331895,0.7313258804526039,0.0884985578991626,-0.0089789688948995
KNN,MCAR_ConnectionIssues,MCAR,30,513,1.2930367561652676,0.8026701208053738,0.1025322680831183,-0.3543498218955907
SVR,MCAR_ConnectionIssues,MCAR,30,513,1.2916051974051508,0.9340273992099766,0.1024187516143333,-0.3513526014776125
MICE,MCAR_ConnectionIssues,MCAR,30,513,1.1160573190331895,0.7313258804526038,0.0884985578991626,-0.0089789688948993
MissForest,MCAR_ConnectionIssues,MCAR,30,513,1.2289862673889416,0.7548789020740354,0.0974533390776155,-0.2234977482768083
KNN_SVR,MCAR_ConnectionIssues,MCAR,30,513,1.1746374290435064,0.6732964655741092,0.0931437093345551,-0.1176782112904717
Mean,MAR_ActivityDependent,MAR,10,513,0.6671365277581945,0.5253032871381141,0.052901064866095,-0.1591035116005221
KNN,MAR_ActivityDependent,MAR,10,513,0.6032236384741998,0.3818557445603227,0.0478330469100798,0.0523466880131165
SVR,MAR_ActivityDependent,MAR,10,513,0.8234937083065841,0.509271328513281,0.0652995185653176,-0.766092116253223
MICE,MAR_ActivityDependent,MAR,10,513,0.48313421254507,0.296421252553561,0.038310470576032,0.3921052869819872
MissForest,MAR_ActivityDependent,MAR,10,513,0.560165919259562,0.3219937073412613,0.0444187544790929,0.1828041615886534
KNN_SVR,MAR_ActivityDependent,MAR,10,513,0.415527561205751,0.2503877527112825,0.0329495531339922,0.550331514940709
Mean,MAR_ActivityDependent,MAR,20,513,0.6602515387964394,0.5218689865226123,0.0523551147756509,-0.1867303663624608
KNN,MAR_ActivityDependent,MAR,20,513,0.6446911062560019,0.4045111136792939,0.0511212392240718,-0.1314531327572932
SVR,MAR_ActivityDependent,MAR,20,513,0.9412843594114002,0.6110688851017968,0.0746398119167468,-1.4119866297116737
MICE,MAR_ActivityDependent,MAR,20,513,0.5087549668576999,0.3231826859586262,0.0403420864888425,0.2953871882157498
MissForest,MAR_ActivityDependent,MAR,20,513,0.6000428649137692,0.3397915260384638,0.0475808252111569,0.0198382216123595
KNN_SVR,MAR_ActivityDependent,MAR,20,513,0.4135824697545992,0.2411833333151443,0.0327953157256859,0.5343523067316318
Mean,MAR_ActivityDependent,MAR,30,513,0.6602515387964394,0.5218689865226123,0.0523551147756509,-0.1867303663624608
KNN,MAR_ActivityDependent,MAR,30,513,0.6446911062560019,0.4045111136792939,0.0511212392240718,-0.1314531327572932
SVR,MAR_ActivityDependent,MAR,30,513,0.9412843594114002,0.6110688851017968,0.0746398119167468,-1.4119866297116737
MICE,MAR_ActivityDependent,MAR,30,513,0.5087549668576999,0.3231826859586262,0.0403420864888425,0.2953871882157498
MissForest,MAR_ActivityDependent,MAR,30,513,0.6000428649137691,0.3397915260384638,0.0475808252111569,0.0198382216123597
KNN_SVR,MAR_ActivityDependent,MAR,30,513,0.4135824697545992,0.2411833333151443,0.0327953157256859,0.5343523067316318
Mean,MAR_BatteryDepletion,MAR,10,513,0.7833306322829795,0.6612041696972067,0.0621147589223608,-0.1440835805981732
KNN,MAR_BatteryDepletion,MAR,10,513,0.8096832857181151,0.5462248615623749,0.0642044112959917,-0.2223564858136224
SVR,MAR_BatteryDepletion,MAR,10,513,0.9007584866310664,0.6831746221851691,0.0714262840472541,-0.5128095517064659
MICE,MAR_BatteryDepletion,MAR,10,513,0.7081983829819117,0.541894417833869,0.0561570938441686,0.064858362851415
MissForest,MAR_BatteryDepletion,MAR,10,513,0.8113590130100489,0.5103645595747808,0.0643372892819512,-0.2274213198955263
KNN_SVR,MAR_BatteryDepletion,MAR,10,513,0.7465016833568845,0.4432112961302283,0.0591943812559836,-0.0390324603813287
Mean,MAR_BatteryDepletion,MAR,20,513,0.6986975620732727,0.582996716380244,0.0554037195013515,-0.0185426738331835
KNN,MAR_BatteryDepletion,MAR,20,513,0.7185912368928534,0.4759685832038661,0.0569812025775549,-0.0773693273241953
SVR,MAR_BatteryDepletion,MAR,20,513,1.0534831448225572,0.7928751098684271,0.08353669430584,-1.315559561746931
MICE,MAR_BatteryDepletion,MAR,20,513,0.6480988343864362,0.4982967926216666,0.0513914574468394,0.1236385721603894
MissForest,MAR_BatteryDepletion,MAR,20,513,0.6422499118261314,0.3973791025717158,0.0509276629776635,0.139385061701213
KNN_SVR,MAR_BatteryDepletion,MAR,20,513,0.5903235795246088,0.333625145191296,0.0468101275721716,0.2729219478597992
Mean,MAR_BatteryDepletion,MAR,30,513,0.6609085117182858,0.5432787664213584,0.0524072099101665,-0.0016742991380489
KNN,MAR_BatteryDepletion,MAR,30,513,0.6476628534550186,0.4234969129525502,0.0513568860291855,0.0380736567647951
SVR,MAR_BatteryDepletion,MAR,30,513,1.144673179225423,0.8559154134446668,0.0907676728602566,-2.0047396966405246
MICE,MAR_BatteryDepletion,MAR,30,513,0.6101041724319698,0.4614104530130565,0.0483786437378183,0.1464050623113404
MissForest,MAR_BatteryDepletion,MAR,30,513,0.5690367568682514,0.3512115159003877,0.0451221738486346,0.2574520872831772
KNN_SVR,MAR_BatteryDepletion,MAR,30,513,0.5187927239969059,0.2902040809239072,0.0411380375714727,0.382791933058065
Mean,MNAR_ValueDependent,MNAR,10,513,2.149241604777206,1.551946658048026,0.1704256397551642,-0.055521116241578
KNN,MNAR_ValueDependent,MNAR,10,513,1.5016752404137537,0.8954495493262362,0.119076404897035,0.4847138276325868
SVR,MNAR_ValueDependent,MNAR,10,513,1.4727975527860768,0.8486530349861907,0.1167865281434595,0.5043415028575515
MICE,MNAR_ValueDependent,MNAR,10,513,1.250382578904966,0.7903186999661908,0.0991499747980548,0.6427417418858548
MissForest,MNAR_ValueDependent,MNAR,10,513,1.539345248737361,0.8841390976815161,0.1220634749657808,0.4585373316796451
KNN_SVR,MNAR_ValueDependent,MNAR,10,513,1.1989953207349089,0.6302847581769302,0.0950751856587464,0.671502987372594
Mean,MNAR_ValueDependent,MNAR,20,513,2.187729580861243,1.6014289325741924,0.173477571158513,-0.0621466944107487
KNN,MNAR_ValueDependent,MNAR,20,513,1.6013594403209663,0.9587499070035912,0.126980934338912,0.4309179693943301
SVR,MNAR_ValueDependent,MNAR,20,513,1.5329005312769597,0.9686780711586036,0.1215524365167814,0.4785349895409675
MICE,MNAR_ValueDependent,MNAR,20,513,1.4269186873791346,0.9152273040297214,0.113148530921165,0.5481485554459214
MissForest,MNAR_ValueDependent,MNAR,20,513,1.69270558847344,0.9897986280725328,0.1342242920439985,0.3641420876984872
KNN_SVR,MNAR_ValueDependent,MNAR,20,513,1.1827306012829553,0.6584034012974563,0.0937854631762316,0.6895662786864061
Mean,MNAR_ValueDependent,MNAR,30,513,2.212831424651892,1.6048168064715458,0.1754680396928773,-0.0438129327816381
KNN,MNAR_ValueDependent,MNAR,30,513,1.7768474942769497,1.0428688884100423,0.1408963842345218,0.3269825554382946
SVR,MNAR_ValueDependent,MNAR,30,513,1.5773084570888003,1.0072456934875869,0.1250737945390069,0.469654025605224
MICE,MNAR_ValueDependent,MNAR,30,513,1.5381909803494282,0.9698704957283238,0.1219719464340302,0.4956331508143021
MissForest,MNAR_ValueDependent,MNAR,30,513,1.859380360505624,1.0595718282308588,0.1474408864889844,0.2630084782612137
KNN_SVR,MNAR_ValueDependent,MNAR,30,513,1.1262928939717685,0.6301049208538498,0.089310195084713,0.7295862934725574
Mean,MNAR_RangeLimitation,MNAR,10,513,1.7974049395112766,1.336550370921431,0.1425265014572689,-0.0024744313801017
KNN,MNAR_RangeLimitation,MNAR,10,513,1.6416348524442632,0.9756341075380208,0.1301746017526913,0.1637530047358449
SVR,MNAR_RangeLimitation,MNAR,10,513,1.551263900454206,1.0309448582904603,0.12300857292003,0.2532885426932882
MICE,MNAR_RangeLimitation,MNAR,10,513,1.4954207516443263,1.0324258131944166,0.1185804507672146,0.3060818471466129
MissForest,MNAR_RangeLimitation,MNAR,10,513,1.7127366287080643,1.0541982500968885,0.1358126676083647,0.0897459620370917
KNN_SVR,MNAR_RangeLimitation,MNAR,10,513,1.0593593285656202,0.6371453269513475,0.0840026504698676,0.6517685161894344
Mean,MNAR_RangeLimitation,MNAR,20,513,1.6415118977846794,1.1960226538351486,0.1301648519756194,-0.0007979260297446
KNN,MNAR_RangeLimitation,MNAR,20,513,1.5919347287131884,0.9574301160545942,0.1262335951371707,0.058741651374663
SVR,MNAR_RangeLimitation,MNAR,20,513,1.585961167497654,1.0581282167448722,0.1257599173572919,0.0657923363643561
MICE,MNAR_RangeLimitation,MNAR,20,513,1.5584650065079124,1.035689467348457,0.1235795897398328,0.0979046643953907
MissForest,MNAR_RangeLimitation,MNAR,20,513,1.6029945946701634,1.0020265321996795,0.1271105950645563,0.0456175539465525
KNN_SVR,MNAR_RangeLimitation,MNAR,20,513,1.189283231240104,0.7036366518648451,0.0943050586233157,0.4746739735229407
Mean,MNAR_RangeLimitation,MNAR,30,513,1.4569608295991912,1.0510014754641914,0.1155307439288085,-5.378818794010698e-05
KNN,MNAR_RangeLimitation,MNAR,30,513,1.4640536895110656,0.9111294357508858,0.1160931772939025,-0.0098145273114427
SVR,MNAR_RangeLimitation,MNAR,30,513,1.4956219378955535,1.0080330520124083,0.1185964039739174,-0.0538317065996731
MICE,MNAR_RangeLimitation,MNAR,30,513,1.424453656371267,0.9383126654835235,0.1129530645363722,0.0440740394581599
MissForest,MNAR_RangeLimitation,MNAR,30,513,1.443426318646137,0.9081974017424054,0.1144575152686055,0.0184400114180017
KNN_SVR,MNAR_RangeLimitation,MNAR,30,513,1.2232876755502855,0.7079004329177874,0.0970014651897995,0.2950069947628159
Mean,MCAR_RandomSensorFailures,MCAR,10,514,1.0848788983995818,0.860359093218717,0.1389826071883525,-0.0693768957109481
KNN,MCAR_RandomSensorFailures,MCAR,10,514,0.9859193498905012,0.5818586446826315,0.1263050114877967,0.1168162832804445
SVR,MCAR_RandomSensorFailures,MCAR,10,514,1.027803114404832,0.7049230614160331,0.131670693131759,0.0401836768744069
MICE,MCAR_RandomSensorFailures,MCAR,10,514,0.8905007371480484,0.580512407292312,0.1140810410586499,0.2794952646851748
MissForest,MCAR_RandomSensorFailures,MCAR,10,514,1.04631458323962,0.6352798434865868,0.1340421764423296,0.0052983697960761
KNN_SVR,MCAR_RandomSensorFailures,MCAR,10,514,0.8863546470139538,0.5101041607322712,0.1135498901464841,0.2861888544925673
Mean,MCAR_RandomSensorFailures,MCAR,20,514,1.0076195204155327,0.8360368431510041,0.1290849957611104,-0.103188851706796
KNN,MCAR_RandomSensorFailures,MCAR,20,514,0.9705349752262258,0.6405245784069742,0.1243341366703792,-0.0234793885621806
SVR,MCAR_RandomSensorFailures,MCAR,20,514,1.044485698143243,0.7350857493965467,0.1338078800436096,-0.1853912440132623
MICE,MCAR_RandomSensorFailures,MCAR,20,514,0.8879880019335373,0.6362440354793055,0.1137591373956679,0.1432168530308796
MissForest,MCAR_RandomSensorFailures,MCAR,20,514,1.0068426965615844,0.681326355677293,0.128985477736834,-0.1014885014206936
KNN_SVR,MCAR_RandomSensorFailures,MCAR,20,514,0.7904914372518168,0.4474804778570385,0.1012689628965944,0.3210292591334389
Mean,MCAR_RandomSensorFailures,MCAR,30,514,1.0519986091628482,0.8392247161520341,0.1347703505669271,-0.0577847547505434
KNN,MCAR_RandomSensorFailures,MCAR,30,514,1.02222896562196,0.671825634528635,0.1309565952431908,0.0012349469516897
SVR,MCAR_RandomSensorFailures,MCAR,30,514,1.1332270038945984,0.7669045748311043,0.145176428235317,-0.2274414976436127
MICE,MCAR_RandomSensorFailures,MCAR,30,514,0.9309929235243652,0.6490466181432161,0.1192684492031343,0.171562533120485
MissForest,MCAR_RandomSensorFailures,MCAR,30,514,1.0699236085718582,0.7173425263645742,0.1370667019434623,-0.0941390376420359
KNN_SVR,MCAR_RandomSensorFailures,MCAR,30,514,0.914096114984934,0.5393011098674302,0.1171038181946071,0.2013606613017265
Mean,MCAR_ConnectionIssues,MCAR,10,514,1.0573883821022807,0.8469355521196831,0.1354608282749742,-0.0529144312620326
KNN,MCAR_ConnectionIssues,MCAR,10,514,1.1563891279932808,0.8741408843583335,0.1481437017254769,-0.2593081362909106
SVR,MCAR_ConnectionIssues,MCAR,10,514,1.234658264623433,0.8484934045392514,0.1581706721894497,-0.4355474272907835
MICE,MCAR_ConnectionIssues,MCAR,10,514,1.057388382102281,0.8469355521196835,0.1354608282749742,-0.0529144312620331
MissForest,MCAR_ConnectionIssues,MCAR,10,514,1.1148665254426438,0.8840522625603311,0.142824288131714,-0.1704955336519906
KNN_SVR,MCAR_ConnectionIssues,MCAR,10,514,1.1433764964560753,0.8285524456559182,0.1464766682343747,-0.2311260772662577
Mean,MCAR_ConnectionIssues,MCAR,20,514,1.0603595673275992,0.8281676463145863,0.1358414634497051,-0.0262524003559985
KNN,MCAR_ConnectionIssues,MCAR,20,514,1.1340674238892907,0.8289227943236788,0.1452840934891696,-0.1738851762856119
SVR,MCAR_ConnectionIssues,MCAR,20,514,1.2874748777250944,0.8583224681138225,0.1649369486858921,-0.5129528520901234
MICE,MCAR_ConnectionIssues,MCAR,20,514,1.0603595673275994,0.8281676463145866,0.1358414634497052,-0.0262524003559989
MissForest,MCAR_ConnectionIssues,MCAR,20,514,1.0893332753515583,0.8476192415051168,0.1395532523756621,-0.0831021239163878
KNN_SVR,MCAR_ConnectionIssues,MCAR,20,514,1.0751549433047518,0.7690431424199448,0.1377368823122805,-0.0550911482197746
Mean,MCAR_ConnectionIssues,MCAR,30,514,1.056934159017252,0.8328769498076717,0.1354026382699003,-0.0420437972465188
KNN,MCAR_ConnectionIssues,MCAR,30,514,1.1582239294181025,0.8615107489179664,0.1483787560583346,-0.2513395509093008
SVR,MCAR_ConnectionIssues,MCAR,30,514,1.2442101276323183,0.8631346901981459,0.1593943505432635,-0.4440344986196505
MICE,MCAR_ConnectionIssues,MCAR,30,514,1.056934159017252,0.832876949807672,0.1354026382699003,-0.0420437972465193
MissForest,MCAR_ConnectionIssues,MCAR,30,514,1.114316792378157,0.8740906328656127,0.1427538624513245,-0.1582637249900527
KNN_SVR,MCAR_ConnectionIssues,MCAR,30,514,1.149528480134271,0.840558123965163,0.1472647918970592,-0.2326210379622848
Mean,MAR_ActivityDependent,MAR,10,514,1.0502363722576626,0.8206886201392967,0.1345445923925101,-0.3739865650660363
KNN,MAR_ActivityDependent,MAR,10,514,0.9168155122691384,0.5965352553171278,0.1174521971013193,-0.0470617193803077
SVR,MAR_ActivityDependent,MAR,10,514,1.1931344247031008,0.725169630260076,0.1528511000776563,-0.7733200685606108
MICE,MAR_ActivityDependent,MAR,10,514,0.897665609526969,0.5791908637945444,0.1149989247458183,-0.0037777179111551
MissForest,MAR_ActivityDependent,MAR,10,514,0.8919397864644206,0.5388722331293443,0.1142653960370324,0.0089867754103528
KNN_SVR,MAR_ActivityDependent,MAR,10,514,0.7209066600889544,0.4023910055630689,0.0923545358900576,0.3526093065338364
Mean,MAR_ActivityDependent,MAR,20,514,1.0423599349155968,0.8199909006904025,0.1335355509236688,-0.3896745723377253
KNN,MAR_ActivityDependent,MAR,20,514,0.9129473013772544,0.6131254853264099,0.1169566449842107,-0.0660292209014403
SVR,MAR_ActivityDependent,MAR,20,514,1.162915409429689,0.7483597795652444,0.1489797762501221,-0.7297125695945568
MICE,MAR_ActivityDependent,MAR,20,514,0.8634271214239198,0.5663878894157739,0.1106126708056144,0.0464816318730865
MissForest,MAR_ActivityDependent,MAR,20,514,0.9120474972609685,0.5727777459562748,0.1168413720977855,-0.063928892053287
KNN_SVR,MAR_ActivityDependent,MAR,20,514,0.6831229977518118,0.3870469381579458,0.0875141136931772,0.4031358371299228
Mean,MAR_ActivityDependent,MAR,30,514,1.0423599349155968,0.8199909006904025,0.1335355509236688,-0.3896745723377253
KNN,MAR_ActivityDependent,MAR,30,514,0.9129473013772544,0.6131254853264099,0.1169566449842107,-0.0660292209014403
SVR,MAR_ActivityDependent,MAR,30,514,1.162915409429689,0.7483597795652444,0.1489797762501221,-0.7297125695945568
MICE,MAR_ActivityDependent,MAR,30,514,0.8634271214239198,0.5663878894157739,0.1106126708056144,0.0464816318730865
MissForest,MAR_ActivityDependent,MAR,30,514,0.9120474972609685,0.5727777459562748,0.1168413720977855,-0.0639288920532867
KNN_SVR,MAR_ActivityDependent,MAR,30,514,0.6831229977518118,0.3870469381579458,0.0875141136931772,0.4031358371299228
Mean,MAR_BatteryDepletion,MAR,10,514,0.928666806452086,0.7671239343434114,0.1189704529790325,-0.0036128954132501
KNN,MAR_BatteryDepletion,MAR,10,514,0.9404597892041566,0.6425157673721916,0.1204812386453663,-0.0292641592636442
SVR,MAR_BatteryDepletion,MAR,10,514,1.3773361093646757,0.9223619526109306,0.1764489693149684,-1.207629833209085
MICE,MAR_BatteryDepletion,MAR,10,514,0.9872726225864034,0.7142903436526838,0.1264783777204617,-0.1342807861639423
MissForest,MAR_BatteryDepletion,MAR,10,514,0.9019776344842122,0.5736744672878028,0.1155513333802779,0.0532443072113441
KNN_SVR,MAR_BatteryDepletion,MAR,10,514,1.048105925884102,0.6370121646407947,0.1342716633200494,-0.2783705004239711
Mean,MAR_BatteryDepletion,MAR,20,514,0.8716659886361546,0.7116468369528277,0.1116681427547179,-9.617730945366e-05
KNN,MAR_BatteryDepletion,MAR,20,514,0.8643606342927318,0.5944499587222303,0.1107322620821549,0.0165970087138901
SVR,MAR_BatteryDepletion,MAR,20,514,1.4123114044398772,0.9778998250578256,0.1809296147620357,-1.625442420500273
MICE,MAR_BatteryDepletion,MAR,20,514,0.924756743954306,0.6757575859452517,0.1184695393000841,-0.1256323870764559
MissForest,MAR_BatteryDepletion,MAR,20,514,0.8551909572973336,0.5479107660817881,0.1095575451457525,0.0373514388943707
KNN_SVR,MAR_BatteryDepletion,MAR,20,514,1.0035789953530363,0.5902987335529543,0.1285673686707282,-0.325698277724465
Mean,MAR_BatteryDepletion,MAR,30,514,0.8646728529901956,0.7046570664817076,0.1107722600659395,-0.0002260697274309
KNN,MAR_BatteryDepletion,MAR,30,514,0.8419438883714351,0.5778696078933998,0.107860478146255,0.05166709719567
SVR,MAR_BatteryDepletion,MAR,30,514,1.4683689846244494,1.042723379425072,0.188111087881492,-1.8844626949298755
MICE,MAR_BatteryDepletion,MAR,30,514,0.9066321245540614,0.6736895564209611,0.1161476148325157,-0.0996556953879956
MissForest,MAR_BatteryDepletion,MAR,30,514,0.843814726818563,0.5426737624757904,0.108100149141233,0.0474479352482426
KNN_SVR,MAR_BatteryDepletion,MAR,30,514,0.9574505457548595,0.5635584844024057,0.1226579052272335,-0.2263861109046685
Mean,MNAR_ValueDependent,MNAR,10,514,1.4422249368729534,1.108131772093886,0.1847618035288145,-0.0382169068331452
KNN,MNAR_ValueDependent,MNAR,10,514,1.4122386675593868,0.9047825081233728,0.1809202965226412,0.0045068114812969
SVR,MNAR_ValueDependent,MNAR,10,514,1.7502976957783558,1.0746159780524331,0.2242286558194665,-0.5291353841962749
MICE,MNAR_ValueDependent,MNAR,10,514,1.33610477529109,0.8931396108140852,0.1711668697959765,0.1089478380434683
MissForest,MNAR_ValueDependent,MNAR,10,514,1.4533905919842791,0.8265977810153081,0.1861922229614602,-0.0543548135968423
KNN_SVR,MNAR_ValueDependent,MNAR,10,514,1.2376942422614197,0.7368217420813894,0.1585596078467986,0.2353743950191059
Mean,MNAR_ValueDependent,MNAR,20,514,1.4545189706025765,1.1172453375032096,0.1863367782685068,-0.0491171497444395
KNN,MNAR_ValueDependent,MNAR,20,514,1.3952907749870278,0.8770693259940151,0.1787491211965017,0.0345836439037757
SVR,MNAR_ValueDependent,MNAR,20,514,1.6800272590961192,1.0365811777112743,0.2152263897483237,-0.3996448914261745
MICE,MNAR_ValueDependent,MNAR,20,514,1.3576642811779744,0.9057271155698272,0.1739288336817817,0.0859499196411243
MissForest,MNAR_ValueDependent,MNAR,20,514,1.4542222478398412,0.8540286837033355,0.1862987654513731,-0.048689152319844
KNN_SVR,MNAR_ValueDependent,MNAR,20,514,1.1897912455815682,0.7151193687145576,0.1524228091861166,0.2980167577631528
Mean,MNAR_ValueDependent,MNAR,30,514,1.4546480519740417,1.117846140144394,0.1863533147368371,-0.035131426004948
KNN,MNAR_ValueDependent,MNAR,30,514,1.3901510082832982,0.852630448278284,0.1780906715042106,0.0546261341410466
SVR,MNAR_ValueDependent,MNAR,30,514,1.6225620123888689,1.0019525058711976,0.2078645820646481,-0.2879002940108868
MICE,MNAR_ValueDependent,MNAR,30,514,1.346689505831809,0.885604034496553,0.1725228676397039,0.1128141917581584
MissForest,MNAR_ValueDependent,MNAR,30,514,1.4211847427250364,0.8356074841536586,0.1820663680818347,0.0119459397015286
KNN_SVR,MNAR_ValueDependent,MNAR,30,514,1.1603007134545786,0.6966705824199991,0.1486448105095571,0.3414014762572653
Mean,MNAR_RangeLimitation,MNAR,10,514,1.4635374405084334,1.171869230724896,0.1874921242358906,-0.0160438025697846
KNN,MNAR_RangeLimitation,MNAR,10,514,1.342150532888588,0.8245767439496988,0.1719413849557502,0.1455095500975645
SVR,MNAR_RangeLimitation,MNAR,10,514,1.8053435990493767,1.067652859051106,0.2312805241551216,-0.5460534275567546
MICE,MNAR_RangeLimitation,MNAR,10,514,1.2880162699248547,0.8886845536330561,0.1650063058275465,0.2130494289220399
MissForest,MNAR_RangeLimitation,MNAR,10,514,1.384901282384958,0.903124282096354,0.1774181350640127,0.0902074174156214
KNN_SVR,MNAR_RangeLimitation,MNAR,10,514,1.2183709340773077,0.6899115094655439,0.1560841207164896,0.2958522166765194
Mean,MNAR_RangeLimitation,MNAR,20,514,1.3194178919887016,1.045165755421473,0.1690291320718535,-0.0230980415047881
KNN,MNAR_RangeLimitation,MNAR,20,514,1.2360268359465505,0.7712338384954966,0.1583459983119235,0.1021406382937434
SVR,MNAR_RangeLimitation,MNAR,20,514,1.63602042630597,1.0239499972344177,0.2095887242316477,-0.5730044766977949
MICE,MNAR_RangeLimitation,MNAR,20,514,1.217305017214679,0.8614150905555132,0.1559475673142318,0.1291339922070858
MissForest,MNAR_RangeLimitation,MNAR,20,514,1.2686023469405714,0.8448669440887623,0.1625192101377972,0.0541907953852942
KNN_SVR,MNAR_RangeLimitation,MNAR,20,514,1.158978697425062,0.6679420139888167,0.1484754485330286,0.2105885483612538
Mean,MNAR_RangeLimitation,MNAR,30,514,1.2260136126074488,0.966958460687686,0.157063215608637,-0.0306918276989547
KNN,MNAR_RangeLimitation,MNAR,30,514,1.1829373958277196,0.7533376536225257,0.1515447702552531,0.0404629014182253
SVR,MNAR_RangeLimitation,MNAR,30,514,1.6178376722628365,1.0359312901760782,0.2072593522008088,-0.794767249608396
MICE,MNAR_RangeLimitation,MNAR,30,514,1.1624884732544167,0.8404101541254413,0.1489250819401582,0.0733503657099575
MissForest,MNAR_RangeLimitation,MNAR,30,514,1.2170004784096584,0.8375283843548513,0.1559085531927716,-0.0155931102705204
KNN_SVR,MNAR_RangeLimitation,MNAR,30,514,1.101694144441644,0.6157590412562277,0.1411367893177008,0.1677374929464764
Mean,MCAR_RandomSensorFailures,MCAR,10,515,0.9264390206333332,0.8121541117470016,0.1185390781126327,-0.037573081868236
KNN,MCAR_RandomSensorFailures,MCAR,10,515,0.7619242317358027,0.4843951453670502,0.0974891968171794,0.2982077140164678
SVR,MCAR_RandomSensorFailures,MCAR,10,515,1.0734284121079007,0.7636524134174637,0.1373465620049031,-0.3929360909215784
MICE,MCAR_RandomSensorFailures,MCAR,10,515,0.8212996373431923,0.5950709516358638,0.1050863572200866,0.1845670044507334
MissForest,MCAR_RandomSensorFailures,MCAR,10,515,0.827874405029355,0.5517907714783429,0.105927607300194,0.1714591406216791
KNN_SVR,MCAR_RandomSensorFailures,MCAR,10,515,0.5730993598167615,0.2975516060717207,0.0733288087684145,0.6029503063852708
Mean,MCAR_RandomSensorFailures,MCAR,20,515,0.9288636822109534,0.8056300150952282,0.1188493167163022,-0.016909279494623
KNN,MCAR_RandomSensorFailures,MCAR,20,515,0.6850870597069023,0.4434523780736266,0.0876577806805177,0.4468157916744788
SVR,MCAR_RandomSensorFailures,MCAR,20,515,1.2249891234629833,0.8744789335811451,0.1567389522237914,-0.7686533066929564
MICE,MCAR_RandomSensorFailures,MCAR,20,515,0.8354705441619797,0.6234797694422564,0.1068995431858188,0.1773018313237688
MissForest,MCAR_RandomSensorFailures,MCAR,20,515,0.8646945185163227,0.5991913583595826,0.1106387887288043,0.1187408142832373
KNN_SVR,MCAR_RandomSensorFailures,MCAR,20,515,0.565973585086234,0.2841906738505155,0.0724170566200458,0.6224533945002846
Mean,MCAR_RandomSensorFailures,MCAR,30,515,0.9240127744243885,0.803060606499482,0.1182286367533234,-0.0205724787751939
KNN,MCAR_RandomSensorFailures,MCAR,30,515,0.7418972336540784,0.4846626494695104,0.0949267163547868,0.3420764901839133
SVR,MCAR_RandomSensorFailures,MCAR,30,515,1.2955175448772231,0.9329183651708362,0.1657631555107686,-1.00620126475544
MICE,MCAR_RandomSensorFailures,MCAR,30,515,0.8475531769894877,0.6372732937460721,0.1084455317772397,0.1413388488657277
MissForest,MCAR_RandomSensorFailures,MCAR,30,515,0.8956478980085613,0.6272776605743008,0.1145993139093738,0.0411238335924498
KNN_SVR,MCAR_RandomSensorFailures,MCAR,30,515,0.6028443099043743,0.3062652530935242,0.0771347138343318,0.5655915802586955
Mean,MCAR_ConnectionIssues,MCAR,10,515,0.9485323785082084,0.8099139808603826,0.1213659519991729,-0.0043901206915686
KNN,MCAR_ConnectionIssues,MCAR,10,515,1.0590755391947042,0.8347010138276606,0.1355100932406287,-0.2521373974661618
SVR,MCAR_ConnectionIssues,MCAR,10,515,1.490161489167618,1.1678043767703052,0.1906681014408493,-1.4789329653294243
MICE,MCAR_ConnectionIssues,MCAR,10,515,0.9485323785082084,0.8099139808603826,0.1213659519991729,-0.0043901206915686
MissForest,MCAR_ConnectionIssues,MCAR,10,515,1.040564953956485,0.8389317468857731,0.1331416397746209,-0.2087500398565687
KNN_SVR,MCAR_ConnectionIssues,MCAR,10,515,1.0061722883447997,0.7660705972385063,0.1287410534600914,-0.1301675037104177
Mean,MCAR_ConnectionIssues,MCAR,20,515,0.9539771877484496,0.8346205395647364,0.1220626224258957,-0.0139807328290362
KNN,MCAR_ConnectionIssues,MCAR,20,515,1.1517803672379503,0.9387869202865868,0.1473717966102948,-0.4780634115351583
SVR,MCAR_ConnectionIssues,MCAR,20,515,1.437116308979533,1.1428790526191384,0.1838809016168225,-1.3011109522557769
MICE,MCAR_ConnectionIssues,MCAR,20,515,0.9539771877484496,0.8346205395647363,0.1220626224258957,-0.0139807328290362
MissForest,MCAR_ConnectionIssues,MCAR,20,515,1.028072255845954,0.8549529754606883,0.1315431827966869,-0.1776086902596489
KNN_SVR,MCAR_ConnectionIssues,MCAR,20,515,1.0418916622191732,0.8177331135829651,0.133311393823059,-0.2094804385347162
Mean,MCAR_ConnectionIssues,MCAR,30,515,0.9726943575009566,0.8406270692793563,0.124457508649301,-0.0018655314962923
KNN,MCAR_ConnectionIssues,MCAR,30,515,1.147130546097711,0.9236798749979588,0.1467768459453543,-0.3934209342698773
SVR,MCAR_ConnectionIssues,MCAR,30,515,1.4457940139917071,1.1427764140813332,0.1849912252639993,-1.2134488309759708
MICE,MCAR_ConnectionIssues,MCAR,30,515,0.9726943575009566,0.8406270692793563,0.124457508649301,-0.0018655314962923
MissForest,MCAR_ConnectionIssues,MCAR,30,515,1.0465558127244776,0.8624079174535256,0.133908177948904,-0.1597955295969366
KNN_SVR,MCAR_ConnectionIssues,MCAR,30,515,1.0608259754026994,0.8169526255286612,0.1357340638309961,-0.1916396156400726
Mean,MAR_ActivityDependent,MAR,10,515,0.9760273391332556,0.855635767867466,0.124883967985814,-0.0004805281971083
KNN,MAR_ActivityDependent,MAR,10,515,0.6343928167617845,0.3909938021108918,0.0811713863356163,0.5773302286995754
SVR,MAR_ActivityDependent,MAR,10,515,0.7197968570422761,0.4447318058707197,0.0920989444117246,0.4558676240954833
MICE,MAR_ActivityDependent,MAR,10,515,0.730018415661004,0.5023566073005209,0.0934068061366225,0.4403038661010365
MissForest,MAR_ActivityDependent,MAR,10,515,0.5998317851972034,0.3671303306482241,0.0767492573783468,0.6221289451398955
KNN_SVR,MAR_ActivityDependent,MAR,10,515,0.3912082033970899,0.2206312856210751,0.0500555986394965,0.8392686540629779
Mean,MAR_ActivityDependent,MAR,20,515,0.981481693131581,0.854502748531812,0.1255818596767528,-8.244425319037241e-05
KNN,MAR_ActivityDependent,MAR,20,515,0.6957627153138475,0.4290076501837873,0.0890237447058997,0.4974333095324881
SVR,MAR_ActivityDependent,MAR,20,515,0.9308916436245904,0.5909952510345606,0.1191087970178294,0.1003581286156988
MICE,MAR_ActivityDependent,MAR,20,515,0.7749263810874257,0.5423928984605962,0.0991528387442763,0.3765634086695398
MissForest,MAR_ActivityDependent,MAR,20,515,0.6323167589423737,0.3972375089581157,0.0809057520363904,0.584911423211026
KNN_SVR,MAR_ActivityDependent,MAR,20,515,0.4161311342971973,0.2290147678093323,0.0532445200762727,0.8202239569156432
Mean,MAR_ActivityDependent,MAR,30,515,0.981481693131581,0.854502748531812,0.1255818596767528,-8.244425319037241e-05
KNN,MAR_ActivityDependent,MAR,30,515,0.6957627153138475,0.4290076501837873,0.0890237447058997,0.4974333095324881
SVR,MAR_ActivityDependent,MAR,30,515,0.9308916436245904,0.5909952510345606,0.1191087970178294,0.1003581286156988
MICE,MAR_ActivityDependent,MAR,30,515,0.7749263810874257,0.5423928984605962,0.0991528387442763,0.3765634086695398
MissForest,MAR_ActivityDependent,MAR,30,515,0.6323167589423737,0.3972375089581157,0.0809057520363904,0.584911423211026
KNN_SVR,MAR_ActivityDependent,MAR,30,515,0.4161311342971973,0.2290147678093323,0.0532445200762727,0.8202239569156432
Mean,MAR_BatteryDepletion,MAR,10,515,0.8733897712586794,0.7481453193358757,0.1117513576308899,-0.006438983875042
KNN,MAR_BatteryDepletion,MAR,10,515,0.6183032182264233,0.4224168930076692,0.0791127012682707,0.4956009477992028
SVR,MAR_BatteryDepletion,MAR,10,515,1.6194084371604838,1.1599961573802084,0.2072054166043147,-2.460063292758392
MICE,MAR_BatteryDepletion,MAR,10,515,0.79937603646553,0.6157578033618218,0.1022812039622167,0.156910854900658
MissForest,MAR_BatteryDepletion,MAR,10,515,0.9197667965609352,0.6270037745191421,0.1176853583611025,-0.1161606384316713
KNN_SVR,MAR_BatteryDepletion,MAR,10,515,0.8193616825243571,0.456782808835287,0.104838393379475,0.1142267747923878
Mean,MAR_BatteryDepletion,MAR,20,515,0.8901356177617513,0.7696763697743698,0.1138940104795715,-0.0129834495155998
KNN,MAR_BatteryDepletion,MAR,20,515,0.6674009385510866,0.4570028381501725,0.0853948184665929,0.4305394837289545
SVR,MAR_BatteryDepletion,MAR,20,515,1.788959817633744,1.3113975153649828,0.2288997363451702,-3.0915810932150976
MICE,MAR_BatteryDepletion,MAR,20,515,0.7580893991799216,0.5967810323638085,0.0969985250020181,0.2652648134440455
MissForest,MAR_BatteryDepletion,MAR,20,515,0.937741369603111,0.640531261930015,0.1199852283692021,-0.1242325184521668
KNN_SVR,MAR_BatteryDepletion,MAR,20,515,0.6873935451655441,0.3714917520203357,0.0879528984960008,0.3959110513392001
Mean,MAR_BatteryDepletion,MAR,30,515,0.966449364185849,0.8285227505132318,0.1236584536290512,-0.0542061252928249
KNN,MAR_BatteryDepletion,MAR,30,515,0.6885467173662098,0.4871176255966312,0.0881004483795091,0.4649009866534345
SVR,MAR_BatteryDepletion,MAR,30,515,1.7502445533762037,1.2741614956576557,0.2239460679096174,-2.457520753306903
MICE,MAR_BatteryDepletion,MAR,30,515,0.8165315662011347,0.6362952235223038,0.1044762763135542,0.2474882537536465
MissForest,MAR_BatteryDepletion,MAR,30,515,0.9503479905378492,0.6590904179823243,0.1215982619207225,-0.0193718759951939
KNN_SVR,MAR_BatteryDepletion,MAR,30,515,0.7165847480172839,0.4145802799278656,0.0916879508825881,0.4204346049980356
Mean,MNAR_ValueDependent,MNAR,10,515,1.592367069493924,1.459076046830384,0.2037454384268979,-0.5411418780940065
KNN,MNAR_ValueDependent,MNAR,10,515,1.1429535753507625,0.7136496371300063,0.1462423971034777,0.2060129346260968
SVR,MNAR_ValueDependent,MNAR,10,515,1.1872619891325071,0.7909562932323595,0.1519117162980973,0.1432593486573236
MICE,MNAR_ValueDependent,MNAR,10,515,1.206119786860716,0.8014823960997717,0.1543245960539696,0.1158272395515646
MissForest,MNAR_ValueDependent,MNAR,10,515,1.151473845501915,0.6928486099113906,0.1473325767553427,0.1941310881699571
KNN_SVR,MNAR_ValueDependent,MNAR,10,515,0.7867977190767422,0.4504451786138617,0.1006717918862274,0.6237448691644965
Mean,MNAR_ValueDependent,MNAR,20,515,1.6007677230208657,1.4616167027637903,0.2048203129760577,-0.6340762133269675
KNN,MNAR_ValueDependent,MNAR,20,515,1.1804162477643168,0.7525146100176925,0.1510357947828009,0.1114414956367289
SVR,MNAR_ValueDependent,MNAR,20,515,1.3352036358316688,0.9514152659858784,0.1708410424853674,-0.1368696771432191
MICE,MNAR_ValueDependent,MNAR,20,515,1.2484883726095446,0.8987821791397964,0.1597457117277987,0.006003913406276
MissForest,MNAR_ValueDependent,MNAR,20,515,1.1575838150882398,0.7367473907944728,0.1481143553138107,0.1454832845753364
KNN_SVR,MNAR_ValueDependent,MNAR,20,515,0.7972406230572553,0.4675128747333353,0.102007975038166,0.5946832886365876
Mean,MNAR_ValueDependent,MNAR,30,515,1.6001491181026304,1.4660649207028178,0.2047411616718807,-0.5588457559782583
KNN,MNAR_ValueDependent,MNAR,30,515,1.2540683062653262,0.8421349886775477,0.1604596714993051,0.0425312324263456
SVR,MNAR_ValueDependent,MNAR,30,515,1.429635130887469,1.0780814506705958,0.1829236751459173,-0.2443216437053961
MICE,MNAR_ValueDependent,MNAR,30,515,1.2828312720923891,0.9589153593048662,0.1641399304013906,-0.0018929223420194
MissForest,MNAR_ValueDependent,MNAR,30,515,1.1967572758951843,0.7927423348664576,0.1531266505940355,0.1280443723410869
KNN_SVR,MNAR_ValueDependent,MNAR,30,515,0.8030795578647886,0.4823536004339137,0.1027550743440346,0.6073556302383651
Mean,MNAR_RangeLimitation,MNAR,10,515,1.4950297353207298,1.352882784442912,0.1912909998703873,-0.0602684660917347
KNN,MNAR_RangeLimitation,MNAR,10,515,1.3278823813725011,0.9395538980688676,0.1699042784513736,0.1635588295590881
SVR,MNAR_RangeLimitation,MNAR,10,515,1.4305002897483623,1.0553960969425626,0.1830343733478575,0.0292842324499194
MICE,MNAR_RangeLimitation,MNAR,10,515,1.324886453495192,1.064061979887973,0.1695209455813641,0.1673288781236288
MissForest,MNAR_RangeLimitation,MNAR,10,515,1.3270093485938748,0.9896979737089808,0.1697925727714145,0.164658325292387
KNN_SVR,MNAR_RangeLimitation,MNAR,10,515,0.9507178841495868,0.619878053561605,0.121645590289626,0.5712348181206632
Mean,MNAR_RangeLimitation,MNAR,20,515,1.35669817150141,1.2335944835020765,0.1735912962916118,-0.0452791374517866
KNN,MNAR_RangeLimitation,MNAR,20,515,1.19677212665008,0.8512855326140455,0.1531285507674472,0.1866289052289367
SVR,MNAR_RangeLimitation,MNAR,20,515,1.4477315399037176,1.05787183036047,0.1852391342254246,-0.1902600988828522
MICE,MNAR_RangeLimitation,MNAR,20,515,1.2307843993805645,1.0061552570155012,0.1574804653178845,0.1397399228681376
MissForest,MNAR_RangeLimitation,MNAR,20,515,1.2240796415346404,0.9292251826790752,0.1566225828277008,0.1490870111517407
KNN_SVR,MNAR_RangeLimitation,MNAR,20,515,0.928859634156178,0.6354218669812257,0.1188487987624267,0.5100339562319925
Mean,MNAR_RangeLimitation,MNAR,30,515,1.2587956170706136,1.140837110414745,0.161064537067713,-0.0329891083825173
KNN,MNAR_RangeLimitation,MNAR,30,515,1.1397761923035323,0.8220832352187982,0.1458358468083791,0.1531149612856006
SVR,MNAR_RangeLimitation,MNAR,30,515,1.4552094207581283,1.0567155855406192,0.1861959388104818,-0.3804996264284614
MICE,MNAR_RangeLimitation,MNAR,30,515,1.1779703634632626,0.9708352585895904,0.1507228407040544,0.0954053256106094
MissForest,MNAR_RangeLimitation,MNAR,30,515,1.140150688929462,0.8788803549083739,0.1458837641389376,0.1525583472842774
KNN_SVR,MNAR_RangeLimitation,MNAR,30,515,0.9164437985803988,0.6342623521221845,0.1172601764458226,0.4524838024039394
Mean,MCAR_RandomSensorFailures,MCAR,10,516,0.9262468430273956,0.7576009067845049,0.1047296400686813,-0.0151751718699133
KNN,MCAR_RandomSensorFailures,MCAR,10,516,0.7361424532762564,0.4955302535863619,0.0832347605298322,0.3587738361121476
SVR,MCAR_RandomSensorFailures,MCAR,10,516,0.9830438335992804,0.6741910888035594,0.1111516089254236,-0.1434923744038758
MICE,MCAR_RandomSensorFailures,MCAR,10,516,0.7503272108866229,0.5448879296887832,0.0848386143730903,0.3338241276257695
MissForest,MCAR_RandomSensorFailures,MCAR,10,516,0.7330645318988633,0.501360979474038,0.0828867435833339,0.3641247506245583
KNN_SVR,MCAR_RandomSensorFailures,MCAR,10,516,0.557040889172311,0.3281443983313947,0.0629839575332607,0.6328346773973481
Mean,MCAR_RandomSensorFailures,MCAR,20,516,0.9023414533752444,0.7497656137205573,0.1020266858045799,-0.0007243621762231
KNN,MCAR_RandomSensorFailures,MCAR,20,516,0.7108036766102092,0.4568180117047223,0.0803697348835992,0.3790280469311157
SVR,MCAR_RandomSensorFailures,MCAR,20,516,1.0288793544405024,0.7045505166852503,0.116334177304682,-0.3010726860011419
MICE,MCAR_RandomSensorFailures,MCAR,20,516,0.7432721422030639,0.5400866639752911,0.0840409060629881,0.3210022022168398
MissForest,MCAR_RandomSensorFailures,MCAR,20,516,0.7499872581944371,0.4832237644766443,0.0848001763224119,0.308677925802876
KNN_SVR,MCAR_RandomSensorFailures,MCAR,20,516,0.5435159791300128,0.3094968556890342,0.0614547118776841,0.6369242129042538
Mean,MCAR_RandomSensorFailures,MCAR,30,516,0.8824888902714068,0.7339545215143776,0.0997819798668948,-9.090060346395036e-05
KNN,MCAR_RandomSensorFailures,MCAR,30,516,0.7384510992983512,0.4868633142398439,0.0834957964175765,0.2997317030910086
SVR,MCAR_RandomSensorFailures,MCAR,30,516,1.0677701409920797,0.7247436465509609,0.1207315127538611,-0.4641195060204508
MICE,MCAR_RandomSensorFailures,MCAR,30,516,0.7419517536092041,0.5443828480161897,0.0838916112791767,0.2930766714888895
MissForest,MCAR_RandomSensorFailures,MCAR,30,516,0.7453276633494065,0.4895584407992542,0.0842733214190355,0.286628978105881
KNN_SVR,MCAR_RandomSensorFailures,MCAR,30,516,0.5372029761104605,0.31005303264464,0.0607409080585756,0.6294064960596544
Mean,MCAR_ConnectionIssues,MCAR,10,516,0.8645567903603897,0.7176744616933354,0.0977544184414564,-0.0198224355488423
KNN,MCAR_ConnectionIssues,MCAR,10,516,0.8614935419294852,0.6354802245999792,0.097408060547743,-0.0126084845977614
SVR,MCAR_ConnectionIssues,MCAR,10,516,1.3305256733796262,1.028726776623061,0.1504409714582603,-1.4153720007518196
MICE,MCAR_ConnectionIssues,MCAR,10,516,0.8645567903603897,0.717674461693335,0.0977544184414564,-0.0198224355488425
MissForest,MCAR_ConnectionIssues,MCAR,10,516,0.8271535716354809,0.6182650887917278,0.0935252805351218,0.0665097024016239
KNN_SVR,MCAR_ConnectionIssues,MCAR,10,516,0.762711971493701,0.5234703946063035,0.086238944674327,0.2062958777781254
Mean,MCAR_ConnectionIssues,MCAR,20,516,0.8612159515047925,0.7180681409682805,0.0973766737252309,-0.0020175047488497
KNN,MCAR_ConnectionIssues,MCAR,20,516,0.9046686131354774,0.6825985128593413,0.1022898150188992,-0.1056819605474073
SVR,MCAR_ConnectionIssues,MCAR,20,516,1.352266929446526,1.063769306418396,0.1528992296857165,-1.4704497945701325
MICE,MCAR_ConnectionIssues,MCAR,20,516,0.8612159515047925,0.7180681409682805,0.0973766737252309,-0.0020175047488499
MissForest,MCAR_ConnectionIssues,MCAR,20,516,0.8827046323380521,0.6715433916524651,0.0998063735683768,-0.0526451393766407
KNN_SVR,MCAR_ConnectionIssues,MCAR,20,516,0.8612439701609208,0.6269097046661404,0.0973798417616929,-0.0020827047501916
Mean,MCAR_ConnectionIssues,MCAR,30,516,0.8528575245737784,0.7105201391928102,0.0964315962325353,-0.0005300007050668
KNN,MCAR_ConnectionIssues,MCAR,30,516,0.8925133765509311,0.6730431141552559,0.100915436728671,-0.0957377196965649
SVR,MCAR_ConnectionIssues,MCAR,30,516,1.3794273019253225,1.0740718564698128,0.1559702210259283,-1.6174282122586496
MICE,MCAR_ConnectionIssues,MCAR,30,516,0.8528575245737784,0.7105201391928102,0.0964315962325353,-0.0005300007050668
MissForest,MCAR_ConnectionIssues,MCAR,30,516,0.868581036777527,0.6589690422206443,0.098209435246088,-0.0377621608295828
KNN_SVR,MCAR_ConnectionIssues,MCAR,30,516,0.8668137363645771,0.6181847989268403,0.0980096086690424,-0.0335433912243163
Mean,MAR_ActivityDependent,MAR,10,516,0.8826521245853831,0.7170258987557665,0.0998004365786,-0.0571333877259716
KNN,MAR_ActivityDependent,MAR,10,516,0.577389480918987,0.3208687866335812,0.065284748845616,0.5476356385658736
SVR,MAR_ActivityDependent,MAR,10,516,1.0327536986777035,0.4826012618767314,0.1167722448463084,-0.4472520243072631
MICE,MAR_ActivityDependent,MAR,10,516,0.6008243203779156,0.3625189572511664,0.0679344985533495,0.5101696897031601
MissForest,MAR_ActivityDependent,MAR,10,516,0.5423717069158661,0.2999310483675451,0.0613253303655847,0.6008421265778519
KNN_SVR,MAR_ActivityDependent,MAR,10,516,0.4635188742174009,0.2531026351686004,0.052409533405981,0.7084684955782021
Mean,MAR_ActivityDependent,MAR,20,516,0.8879555090071706,0.7205144541296494,0.1004000840114854,-0.0516810605635591
KNN,MAR_ActivityDependent,MAR,20,516,0.5868880607048955,0.323290522952479,0.06635874207931,0.5405775747945569
SVR,MAR_ActivityDependent,MAR,20,516,1.1318399118899989,0.5999891145634686,0.127975806319808,-0.7087229382779165
MICE,MAR_ActivityDependent,MAR,20,516,0.6406101869346764,0.3924869133179192,0.0724330396449351,0.4526195000816333
MissForest,MAR_ActivityDependent,MAR,20,516,0.5751219971512402,0.3237147751231054,0.0650283671255105,0.5588141263139914
KNN_SVR,MAR_ActivityDependent,MAR,20,516,0.4755014666266123,0.2602298154815918,0.0537643910225584,0.6984180378457367
Mean,MAR_ActivityDependent,MAR,30,516,0.8879555090071706,0.7205144541296494,0.1004000840114854,-0.0516810605635591
KNN,MAR_ActivityDependent,MAR,30,516,0.5868880607048955,0.323290522952479,0.06635874207931,0.5405775747945569
SVR,MAR_ActivityDependent,MAR,30,516,1.1318399118899989,0.5999891145634686,0.127975806319808,-0.7087229382779165
MICE,MAR_ActivityDependent,MAR,30,516,0.6406101869346764,0.3924869133179192,0.0724330396449351,0.4526195000816333
MissForest,MAR_ActivityDependent,MAR,30,516,0.5751219971512402,0.3237147751231054,0.0650283671255105,0.5588141263139914
KNN_SVR,MAR_ActivityDependent,MAR,30,516,0.4755014666266123,0.2602298154815918,0.0537643910225584,0.6984180378457367
Mean,MAR_BatteryDepletion,MAR,10,516,0.8113833988568463,0.6675956437064555,0.0917421656653004,-0.0716665186447744
KNN,MAR_BatteryDepletion,MAR,10,516,0.823612364355703,0.5752226538297469,0.0931248803970684,-0.1042137295814287
SVR,MAR_BatteryDepletion,MAR,10,516,1.2285284801525602,0.8527826930715985,0.1389082689015937,-1.456845717785774
MICE,MAR_BatteryDepletion,MAR,10,516,0.7063149145854435,0.5347502405266943,0.0798621958460883,0.1879099655382545
MissForest,MAR_BatteryDepletion,MAR,10,516,0.7519341817474304,0.4836239692634502,0.0850203126764315,0.0796201914775209
KNN_SVR,MAR_BatteryDepletion,MAR,10,516,0.6857581265155565,0.3833684810158222,0.0775378640205776,0.2344926710635277
Mean,MAR_BatteryDepletion,MAR,20,516,0.7949150234187075,0.6540364619296664,0.0898801058427643,-0.0045178449702683
KNN,MAR_BatteryDepletion,MAR,20,516,0.7578288607467014,0.5055379567120664,0.0856868170910607,0.0870257519395679
SVR,MAR_BatteryDepletion,MAR,20,516,1.1060226345452568,0.8015789653278301,0.1250566771651749,-0.9446626630940588
MICE,MAR_BatteryDepletion,MAR,20,516,0.6679780711182361,0.5060557832119496,0.0755274940893005,0.2906825288334285
MissForest,MAR_BatteryDepletion,MAR,20,516,0.6724767421692093,0.4317590474543366,0.0760361535287388,0.2810961924789401
KNN_SVR,MAR_BatteryDepletion,MAR,20,516,0.6136407212034275,0.3443743592618739,0.0693836339059135,0.4013891425465831
Mean,MAR_BatteryDepletion,MAR,30,516,0.7812916188511224,0.6492646747299434,0.0883397235271713,-0.0002138167152181
KNN,MAR_BatteryDepletion,MAR,30,516,0.7165861076808027,0.4655143256752381,0.0810235475570826,0.1585984899722803
SVR,MAR_BatteryDepletion,MAR,30,516,1.1228915309696574,0.8390852102434674,0.1269640234240933,-1.0660562011891614
MICE,MAR_BatteryDepletion,MAR,30,516,0.6455883055060279,0.4910797983474653,0.0729959096510479,0.3170674258220295
MissForest,MAR_BatteryDepletion,MAR,30,516,0.636014928698478,0.4082948873215095,0.0719134592061757,0.3371715550034545
KNN_SVR,MAR_BatteryDepletion,MAR,30,516,0.5456268648476614,0.3182371795184438,0.0616933872406283,0.5121817889385725
Mean,MNAR_ValueDependent,MNAR,10,516,1.5973534716371496,1.423679027331892,0.1806108764702902,-0.0658212277659902
KNN,MNAR_ValueDependent,MNAR,10,516,1.084651819377909,0.6677693765282706,0.1226403042541101,0.5085684849472152
SVR,MNAR_ValueDependent,MNAR,10,516,1.5175301394697065,0.8801074084674395,0.1715853462783003,0.03804012686236
MICE,MNAR_ValueDependent,MNAR,10,516,1.0975288074626404,0.6965745643376807,0.1240962901367446,0.4968306689965653
MissForest,MNAR_ValueDependent,MNAR,10,516,0.9821835559600094,0.6098115846547898,0.111054338345558,0.5970347247059566
KNN_SVR,MNAR_ValueDependent,MNAR,10,516,1.0151895918469378,0.5433612143706852,0.114786291965215,0.5694965671494064
Mean,MNAR_ValueDependent,MNAR,20,516,1.5918811241763913,1.4232546349420614,0.1799921245855089,-0.0710631071168426
KNN,MNAR_ValueDependent,MNAR,20,516,1.1423657036058472,0.6969965476929695,0.1291659451970815,0.4484255935609536
SVR,MNAR_ValueDependent,MNAR,20,516,1.578837625755185,0.9295573798739496,0.1785173115751622,-0.0535829390143607
MICE,MNAR_ValueDependent,MNAR,20,516,1.1691515366368548,0.7562153731964427,0.1321945878028779,0.4222560535904954
MissForest,MNAR_ValueDependent,MNAR,20,516,1.015426187885423,0.6504952994360503,0.1148130436007415,0.564196701077742
KNN_SVR,MNAR_ValueDependent,MNAR,20,516,1.018105033874475,0.5382684568551535,0.1151159375629124,0.56189423953611
Mean,MNAR_ValueDependent,MNAR,30,516,1.6086608694209108,1.446245227348387,0.1818893906254761,-0.0784885032331397
KNN,MNAR_ValueDependent,MNAR,30,516,1.1940903545159398,0.7666956576438103,0.1350143905799414,0.4057613370857176
SVR,MNAR_ValueDependent,MNAR,30,516,1.705379268393616,1.0471606626012426,0.192825226130538,-0.2120721782653742
MICE,MNAR_ValueDependent,MNAR,30,516,1.2454939546201482,0.8393122222268252,0.1408265351261539,0.3534981497646734
MissForest,MNAR_ValueDependent,MNAR,30,516,1.0862820724846145,0.7253662533844184,0.1228246350535847,0.5082189966037627
KNN_SVR,MNAR_ValueDependent,MNAR,30,516,1.0026189667745882,0.5793537694560557,0.1133649461877087,0.5810537027779091
Mean,MNAR_RangeLimitation,MNAR,10,516,1.5252711963582837,1.3707111183889478,0.1724606184671286,-0.0081466228094146
KNN,MNAR_RangeLimitation,MNAR,10,516,1.286932433228008,0.902062019692402,0.1455119351167334,0.2823031273683042
SVR,MNAR_RangeLimitation,MNAR,10,516,1.5841152729851773,1.1471790839530505,0.1791140489340719,-0.0874345416052526
MICE,MNAR_RangeLimitation,MNAR,10,516,1.323354168338307,1.01231534325133,0.1496300978262668,0.2411049135478564
MissForest,MNAR_RangeLimitation,MNAR,10,516,1.3319461938667632,0.9914970960918588,0.150601588037359,0.2312184999535507
KNN_SVR,MNAR_RangeLimitation,MNAR,10,516,1.0346343428247762,0.6647188296143388,0.1169848870659315,0.5361224641589221
Mean,MNAR_RangeLimitation,MNAR,20,516,1.3464433989702844,1.2005892237332456,0.152240769950823,-0.0029128328784076
KNN,MNAR_RangeLimitation,MNAR,20,516,1.1661664002825802,0.8333563765074082,0.1318570619497076,0.2476705995399938
SVR,MNAR_RangeLimitation,MNAR,20,516,1.3566464458168224,1.0152416186004634,0.1533944164456918,-0.0181701209794369
MICE,MNAR_RangeLimitation,MNAR,20,516,1.1641428018628488,0.9088904832011936,0.1316282560587754,0.2502793039186566
MissForest,MNAR_RangeLimitation,MNAR,20,516,1.1831894589569716,0.904319111240366,0.133781839152737,0.2255461035372218
KNN_SVR,MNAR_RangeLimitation,MNAR,20,516,0.9900151420316672,0.6430860738683499,0.111939846562537,0.4577860840911346
Mean,MNAR_RangeLimitation,MNAR,30,516,1.2319242963209664,1.090175378927122,0.1392922298378537,-0.0009257537230109
KNN,MNAR_RangeLimitation,MNAR,30,516,1.181365470958996,0.8915209692453933,0.1335756029771909,0.0795454076930051
SVR,MNAR_RangeLimitation,MNAR,30,516,1.5377826571698323,1.065397604947393,0.1738752746113204,-0.5596377555873211
MICE,MNAR_RangeLimitation,MNAR,30,516,1.125031950372047,0.8953530070407109,0.1272060381260011,0.1652363384202249
MissForest,MNAR_RangeLimitation,MNAR,30,516,1.1419382728937433,0.8910814332117221,0.129117616109679,0.139959148702614
KNN_SVR,MNAR_RangeLimitation,MNAR,30,516,0.9518708206118636,0.628489991088234,0.1076269130469925,0.4024285360858973
Mean,MCAR_RandomSensorFailures,MCAR,10,517,1.0580986829694226,0.8458716784759651,0.1195469517230884,-0.0340489483495227
KNN,MCAR_RandomSensorFailures,MCAR,10,517,0.7937657801207131,0.4693707774101472,0.0896818802658624,0.4180663188429041
SVR,MCAR_RandomSensorFailures,MCAR,10,517,1.3015791147946798,0.8910003235428517,0.1470560526202227,-0.5646957112265591
MICE,MCAR_RandomSensorFailures,MCAR,10,517,0.8835953371589732,0.6182573982537066,0.0998310751296364,0.2788998591433946
MissForest,MCAR_RandomSensorFailures,MCAR,10,517,0.816127230874607,0.4504539493613123,0.0922083395808215,0.3848167712361398
KNN_SVR,MCAR_RandomSensorFailures,MCAR,10,517,0.6398986902428496,0.3219520482338511,0.0722975456461655,0.6218089977188839
Mean,MCAR_RandomSensorFailures,MCAR,20,517,1.0322136371468724,0.8406187290753898,0.1166223867717229,-0.0165525327428806
KNN,MCAR_RandomSensorFailures,MCAR,20,517,0.7494101945076528,0.4592572575041364,0.0846704620141614,0.4641665331089356
SVR,MCAR_RandomSensorFailures,MCAR,20,517,1.3941245979657289,1.00412583274048,0.1575121004226742,-0.8543590225359201
MICE,MCAR_RandomSensorFailures,MCAR,20,517,0.8507591333474916,0.6219096840805904,0.0961211488864581,0.3094360828952543
MissForest,MCAR_RandomSensorFailures,MCAR,20,517,0.7698772964114592,0.447613837740239,0.0869828924921384,0.4344986229123244
KNN_SVR,MCAR_RandomSensorFailures,MCAR,20,517,0.6217376279477808,0.3213032054461273,0.0702456579797565,0.6311880828405889
Mean,MCAR_RandomSensorFailures,MCAR,30,517,1.0103335310886048,0.8243737281714159,0.1141503111281704,-0.0210634616291769
KNN,MCAR_RandomSensorFailures,MCAR,30,517,0.7348274513709072,0.4594359198006251,0.0830228628650288,0.4598754141095131
SVR,MCAR_RandomSensorFailures,MCAR,30,517,1.467613047225364,1.0731147781917971,0.1658150311769129,-1.154499165169565
MICE,MCAR_RandomSensorFailures,MCAR,30,517,0.8914900781027421,0.66615921732833,0.1007230450655808,0.2050199500528448
MissForest,MCAR_RandomSensorFailures,MCAR,30,517,0.7337508694111832,0.4326809296552276,0.0829012276209475,0.4614569076158012
KNN_SVR,MCAR_RandomSensorFailures,MCAR,30,517,0.6155281187061087,0.3366132169389627,0.0695440902399168,0.6210176393573097
Mean,MCAR_ConnectionIssues,MCAR,10,517,1.124213747875975,0.9479053651022102,0.1270168168687205,-0.0380988296342597
KNN,MCAR_ConnectionIssues,MCAR,10,517,1.237408077020162,0.9569993397171838,0.1398058291029589,-0.2576703156910047
SVR,MCAR_ConnectionIssues,MCAR,10,517,1.7950333849605804,1.469136672736164,0.202807897663186,-1.646585800043392
MICE,MCAR_ConnectionIssues,MCAR,10,517,1.124213747875975,0.9479053651022102,0.1270168168687205,-0.0380988296342594
MissForest,MCAR_ConnectionIssues,MCAR,10,517,1.183993661445213,0.9368559505743768,0.1337709188787677,-0.1514356517408241
KNN_SVR,MCAR_ConnectionIssues,MCAR,10,517,1.165777761838804,0.9033218996699665,0.131712835539387,-0.1162782186047872
Mean,MCAR_ConnectionIssues,MCAR,20,517,1.0945776700437329,0.8988687949583317,0.1236684498185602,-0.0208405685431507
KNN,MCAR_ConnectionIssues,MCAR,20,517,1.2285074296169325,0.9165969304318328,0.1388002090388341,-0.2859388797217488
SVR,MCAR_ConnectionIssues,MCAR,20,517,1.7051366474460872,1.386414751548194,0.1926511125611117,-1.4773258229800077
MICE,MCAR_ConnectionIssues,MCAR,20,517,1.094577670043733,0.8988687949583317,0.1236684498185603,-0.0208405685431507
MissForest,MCAR_ConnectionIssues,MCAR,20,517,1.1665064621584058,0.892502988422634,0.1317951661417497,-0.1594153627042169
KNN_SVR,MCAR_ConnectionIssues,MCAR,20,517,1.1604902472451248,0.8647897574668922,0.1311154373363274,-0.1474869168476074
Mean,MCAR_ConnectionIssues,MCAR,30,517,1.0231381282938312,0.8311532832631058,0.115597010371412,-0.0288868357399452
KNN,MCAR_ConnectionIssues,MCAR,30,517,1.1313724957614344,0.8182084598223213,0.1278256322482643,-0.2580859290173107
SVR,MCAR_ConnectionIssues,MCAR,30,517,1.658241842116321,1.32852406087265,0.1873528061563742,-1.7026811376533613
MICE,MCAR_ConnectionIssues,MCAR,30,517,1.0231381282938312,0.8311532832631058,0.115597010371412,-0.0288868357399454
MissForest,MCAR_ConnectionIssues,MCAR,30,517,1.07615293578309,0.8017913010489915,0.1215867717552378,-0.1382746432315464
KNN_SVR,MCAR_ConnectionIssues,MCAR,30,517,1.0638347070939955,0.762660161558021,0.1201950237887094,-0.1123651690129579
Mean,MAR_ActivityDependent,MAR,10,517,0.9075131066774924,0.773008489803049,0.1025333716960872,-0.0035946327233529
KNN,MAR_ActivityDependent,MAR,10,517,0.5018262258726298,0.2818905898552467,0.0566977320389582,0.6931266132615019
SVR,MAR_ActivityDependent,MAR,10,517,1.034087558166937,0.5997183979320717,0.116834107615274,-0.3030681918702369
MICE,MAR_ActivityDependent,MAR,10,517,0.5832787925126486,0.3813407290804109,0.0659004710731938,0.5854232999480444
MissForest,MAR_ActivityDependent,MAR,10,517,0.4083393200959715,0.2211018883257219,0.0461353196746796,0.7968134666812242
KNN_SVR,MAR_ActivityDependent,MAR,10,517,0.3636941454061301,0.208254492908513,0.0410911828382769,0.8388148090591795
Mean,MAR_ActivityDependent,MAR,20,517,0.9225152110812684,0.7819892719600834,0.104228351455319,-0.0038568295010352
KNN,MAR_ActivityDependent,MAR,20,517,0.5350244154341242,0.2983699950315616,0.06044855644568,0.6623459924715841
SVR,MAR_ActivityDependent,MAR,20,517,1.245372022717809,0.796787433012657,0.1407056179857595,-0.829459991826232
MICE,MAR_ActivityDependent,MAR,20,517,0.6464252766207605,0.4342187727881409,0.073034937648627,0.5070971081408641
MissForest,MAR_ActivityDependent,MAR,20,517,0.4715660383935927,0.2468051991711587,0.0532788513334876,0.7376930808093388
KNN_SVR,MAR_ActivityDependent,MAR,20,517,0.3889097704298184,0.2134400555292855,0.0439401147535068,0.8215886768587047
Mean,MAR_ActivityDependent,MAR,30,517,0.9225152110812684,0.7819892719600834,0.104228351455319,-0.0038568295010352
KNN,MAR_ActivityDependent,MAR,30,517,0.5350244154341242,0.2983699950315616,0.06044855644568,0.6623459924715841
SVR,MAR_ActivityDependent,MAR,30,517,1.245372022717809,0.796787433012657,0.1407056179857595,-0.829459991826232
MICE,MAR_ActivityDependent,MAR,30,517,0.6464252766207605,0.4342187727881409,0.073034937648627,0.5070971081408641
MissForest,MAR_ActivityDependent,MAR,30,517,0.4715660383935927,0.2468051991711587,0.0532788513334876,0.7376930808093388
KNN_SVR,MAR_ActivityDependent,MAR,30,517,0.3889097704298184,0.2134400555292855,0.0439401147535068,0.8215886768587047
Mean,MAR_BatteryDepletion,MAR,10,517,1.0824242615323674,0.9173103580532987,0.1222953236971839,-0.0023317514220577
KNN,MAR_BatteryDepletion,MAR,10,517,0.7377093369768373,0.5065746810535025,0.083348466369644,0.5344278296214624
SVR,MAR_BatteryDepletion,MAR,10,517,1.4159448538444126,1.0039925409185153,0.1599774140253657,-0.7151777365057685
MICE,MAR_BatteryDepletion,MAR,10,517,0.7690460538198084,0.6412995689735121,0.0868889763767763,0.4940342167196094
MissForest,MAR_BatteryDepletion,MAR,10,517,0.5671806610307641,0.3435351504824772,0.0640816591059622,0.724793123782113
KNN_SVR,MAR_BatteryDepletion,MAR,10,517,0.6619487584077542,0.365655686095773,0.0747888240843949,0.6251433706314924
Mean,MAR_BatteryDepletion,MAR,20,517,1.0640866044935786,0.9105483541810157,0.12022348386219,-0.0415565874513177
KNN,MAR_BatteryDepletion,MAR,20,517,0.6666825833890255,0.469064277161943,0.075323664884795,0.5911470484894414
SVR,MAR_BatteryDepletion,MAR,20,517,1.53213485097286,1.103906779929065,0.1731048852158971,-1.159349303257156
MICE,MAR_BatteryDepletion,MAR,20,517,0.8668592743066805,0.6886408533419124,0.0979401878900618,0.3087643668430569
MissForest,MAR_BatteryDepletion,MAR,20,517,0.5349262987510304,0.3401172986404104,0.0604374709481117,0.7367812529214687
KNN_SVR,MAR_BatteryDepletion,MAR,20,517,0.5717640569243354,0.3207341117249797,0.0645995040068545,0.6992797877477507
Mean,MAR_BatteryDepletion,MAR,30,517,1.0498937235428718,0.9045491379985656,0.1186199324343931,-0.0748286627147254
KNN,MAR_BatteryDepletion,MAR,30,517,0.6273970225566742,0.435104692285003,0.0708850722281445,0.6161748156869422
SVR,MAR_BatteryDepletion,MAR,30,517,1.6182446485224082,1.182404849009759,0.1828338112378552,-1.5535062164324422
MICE,MAR_BatteryDepletion,MAR,30,517,0.9169355471028252,0.7012204472332387,0.1035979453967933,0.1801655203366832
MissForest,MAR_BatteryDepletion,MAR,30,517,0.4880727676836486,0.3105918275501079,0.0551438278251003,0.7677168463576146
KNN_SVR,MAR_BatteryDepletion,MAR,30,517,0.4978899595953206,0.2869994103901734,0.0562530016539793,0.7582784906922095
Mean,MNAR_ValueDependent,MNAR,10,517,2.1295250573228826,1.9603886623936373,0.2405997033343276,-0.4085954136940661
KNN,MNAR_ValueDependent,MNAR,10,517,1.2830635186836468,0.8287661226910303,0.1449641087306433,0.488651396156495
SVR,MNAR_ValueDependent,MNAR,10,517,1.4452021779765112,0.9699607105245226,0.1632829884220289,0.351249096675574
MICE,MNAR_ValueDependent,MNAR,10,517,1.3399845347599129,0.8927747579321454,0.1513952044974407,0.4422747165590945
MissForest,MNAR_ValueDependent,MNAR,10,517,1.3085704834145822,0.7952959535894041,0.1478459570217065,0.4681183581197181
KNN_SVR,MNAR_ValueDependent,MNAR,10,517,0.957072832081102,0.5876041222497678,0.1081327682321531,0.7154813512779482
Mean,MNAR_ValueDependent,MNAR,20,517,2.0793826834869256,1.914260825419372,0.2349344775470449,-0.3647125004226368
KNN,MNAR_ValueDependent,MNAR,20,517,1.3273519003335177,0.84403784217788,0.149967934090422,0.4439107808781042
SVR,MNAR_ValueDependent,MNAR,20,517,1.7187366276486558,1.1111190709420615,0.1941876764023488,0.0676242100421272
MICE,MNAR_ValueDependent,MNAR,20,517,1.4562539117292546,1.009749042294482,0.1645316442446482,0.3306603788376504
MissForest,MNAR_ValueDependent,MNAR,20,517,1.3645243780682808,0.8581520264649511,0.154167784702384,0.4123281045863302
KNN_SVR,MNAR_ValueDependent,MNAR,20,517,1.047359259779773,0.6116504022681635,0.1183335816223112,0.653770812136599
Mean,MNAR_ValueDependent,MNAR,30,517,2.052590655615057,1.8913610108049803,0.2319074392243306,-0.3955050758181797
KNN,MNAR_ValueDependent,MNAR,30,517,1.4341788184102806,0.9660750007528954,0.1620375383944453,0.3187079304077745
SVR,MNAR_ValueDependent,MNAR,30,517,1.8435985782826585,1.24951389168785,0.2082949291801364,-0.1257953607039046
MICE,MNAR_ValueDependent,MNAR,30,517,1.5543419378217114,1.1109745824693833,0.1756139040646681,0.1997607378578093
MissForest,MNAR_ValueDependent,MNAR,30,517,1.469967421940117,0.974813331419858,0.1660810350240898,0.2842816612499895
KNN_SVR,MNAR_ValueDependent,MNAR,30,517,1.087362037442933,0.6305013141232384,0.1228532074446084,0.6083708060327556
Mean,MNAR_RangeLimitation,MNAR,10,517,1.8532962807154896,1.6274601666988084,0.2093906027531429,-0.0737170247552538
KNN,MNAR_RangeLimitation,MNAR,10,517,1.6160403708516589,1.1201090359818846,0.1825847657749595,0.1835970927253646
SVR,MNAR_RangeLimitation,MNAR,10,517,1.8452662499751809,1.3169421351357646,0.2084833473971938,-0.0644327004018612
MICE,MNAR_RangeLimitation,MNAR,10,517,1.6126354798422828,1.2121035658248152,0.1822000716555245,0.1870336832710818
MissForest,MNAR_RangeLimitation,MNAR,10,517,1.6089269659866288,1.1634883491836086,0.1817810733768176,0.1907684767418378
KNN_SVR,MNAR_RangeLimitation,MNAR,10,517,1.3135864942407454,0.8172689798496657,0.1484126799689415,0.4605918797189851
Mean,MNAR_RangeLimitation,MNAR,20,517,1.654130153363445,1.4524154482892948,0.1868882560489485,-0.0678163911088376
KNN,MNAR_RangeLimitation,MNAR,20,517,1.4512186638612494,1.0030377349822437,0.1639627478425651,0.1780925136288259
SVR,MNAR_RangeLimitation,MNAR,20,517,1.7097873140250324,1.2428501003184242,0.1931765578923856,-0.1408837829019578
MICE,MNAR_RangeLimitation,MNAR,20,517,1.514117862050715,1.156111179602332,0.1710692753625453,0.1053017421404263
MissForest,MNAR_RangeLimitation,MNAR,20,517,1.470645150371036,1.0822469301054192,0.1661576066797553,0.1559405894229707
KNN_SVR,MNAR_RangeLimitation,MNAR,20,517,1.1273821143686913,0.714455561614432,0.1273747877860293,0.5039796355423506
Mean,MNAR_RangeLimitation,MNAR,30,517,1.521276885187426,1.3327753891918157,0.1718781218407463,-0.0609281447624747
KNN,MNAR_RangeLimitation,MNAR,30,517,1.4099389590794866,1.0344974463736942,0.1592988512191994,0.0886817662690131
SVR,MNAR_RangeLimitation,MNAR,30,517,1.674299002839829,1.2770511124096449,0.1891669891326123,-0.2850957132423832
MICE,MNAR_RangeLimitation,MNAR,30,517,1.4071295618993531,1.1070070319723704,0.1589814376598877,0.0923098724653693
MissForest,MNAR_RangeLimitation,MNAR,30,517,1.4199572999855206,1.0763609327877706,0.1604307514246491,0.0756849865366652
KNN_SVR,MNAR_RangeLimitation,MNAR,30,517,1.1539229498957926,0.7366095189781064,0.13037344569433,0.3895880044358442
Mean,MCAR_RandomSensorFailures,MCAR,10,518,0.840725517947521,0.7179979786319481,0.1150675380592709,-0.0403008195845309
KNN,MCAR_RandomSensorFailures,MCAR,10,518,0.5794574189404809,0.3904895160499458,0.0793085700199036,0.5058104735689499
SVR,MCAR_RandomSensorFailures,MCAR,10,518,1.014133440769259,0.7106803034259552,0.1388013516917899,-0.513703060888526
MICE,MCAR_RandomSensorFailures,MCAR,10,518,0.6625010861622976,0.5151474391545006,0.0906745035316592,0.3540131595081297
MissForest,MCAR_RandomSensorFailures,MCAR,10,518,0.6171851951649019,0.4353191143127905,0.084472255710322,0.4393633548455098
KNN_SVR,MCAR_RandomSensorFailures,MCAR,10,518,0.5069900547535182,0.3223522414259371,0.0693901828547374,0.6216886578141632
Mean,MCAR_RandomSensorFailures,MCAR,20,518,0.8727403984171647,0.7565234987011976,0.1194493171277798,-0.035115197770227
KNN,MCAR_RandomSensorFailures,MCAR,20,518,0.6538166239854974,0.4397785111208934,0.089485887674616,0.4190611194875484
SVR,MCAR_RandomSensorFailures,MCAR,20,518,1.1176253383564498,0.7829967974829228,0.1529659721418897,-0.6975047752003567
MICE,MCAR_RandomSensorFailures,MCAR,20,518,0.6975984767645818,0.5482165818598599,0.0954781763626788,0.3386527177837564
MissForest,MCAR_RandomSensorFailures,MCAR,20,518,0.7045060988426293,0.5061069632779475,0.0964236015334352,0.3254905476123715
KNN_SVR,MCAR_RandomSensorFailures,MCAR,20,518,0.5092297083427941,0.3161703437106264,0.0696967174122381,0.6475918118388825
Mean,MCAR_RandomSensorFailures,MCAR,30,518,0.8802193794092216,0.7617055566935131,0.1204729424508805,-0.0161130258475423
KNN,MCAR_RandomSensorFailures,MCAR,30,518,0.6856081313984693,0.4683420509079635,0.0938370943539785,0.3835298022181955
SVR,MCAR_RandomSensorFailures,MCAR,30,518,1.17235889274924,0.8289053523823648,0.1604571868353454,-0.8025251411153946
MICE,MCAR_RandomSensorFailures,MCAR,30,518,0.7356228261707718,0.5737994318424046,0.1006824531201602,0.2903069366987202
MissForest,MCAR_RandomSensorFailures,MCAR,30,518,0.7201755186565232,0.5177102677056425,0.098568227243386,0.3197996127318401
KNN_SVR,MCAR_RandomSensorFailures,MCAR,30,518,0.5504279321711222,0.3426928186150134,0.0753353926839412,0.6026610900894845
Mean,MCAR_ConnectionIssues,MCAR,10,518,0.8712363985697457,0.7530181943329795,0.1192434692547349,-0.0188282682804978
KNN,MCAR_ConnectionIssues,MCAR,10,518,1.053218201149272,0.8456974489307665,0.1441507636658003,-0.4889004994621648
SVR,MCAR_ConnectionIssues,MCAR,10,518,1.400989044932341,1.102749481637831,0.1917490986141764,-1.6345014550114991
MICE,MCAR_ConnectionIssues,MCAR,10,518,0.8712363985697459,0.7530181943329795,0.119243469254735,-0.0188282682804983
MissForest,MCAR_ConnectionIssues,MCAR,10,518,0.958394942708815,0.7675266178135823,0.1311725934228668,-0.2328720041930263
KNN_SVR,MCAR_ConnectionIssues,MCAR,10,518,0.873515724606729,0.7038590025436972,0.1195554336591821,-0.0241661525193044
Mean,MCAR_ConnectionIssues,MCAR,20,518,0.8376433700205199,0.7215093384588935,0.1146456938707415,-0.0218817143050602
KNN,MCAR_ConnectionIssues,MCAR,20,518,1.0014058405913813,0.7900311628336839,0.1370593638650774,-0.4605033491564325
SVR,MCAR_ConnectionIssues,MCAR,20,518,1.382488342096375,1.0766077736497206,0.1892169638302841,-1.7835900324030352
MICE,MCAR_ConnectionIssues,MCAR,20,518,0.8376433700205199,0.7215093384588935,0.1146456938707415,-0.0218817143050602
MissForest,MCAR_ConnectionIssues,MCAR,20,518,0.9079761519891878,0.7169595024510018,0.1242719272765643,-0.2006908497293429
KNN_SVR,MCAR_ConnectionIssues,MCAR,20,518,0.8457491377392504,0.6742810004135094,0.1157551055818927,-0.0417546424097787
Mean,MCAR_ConnectionIssues,MCAR,30,518,0.8469953348567518,0.7293068304568501,0.1159256687813987,-0.0100846054234633
KNN,MCAR_ConnectionIssues,MCAR,30,518,1.0016507756317283,0.79115853879796,0.1370928873771816,-0.4126298495050948
SVR,MCAR_ConnectionIssues,MCAR,30,518,1.3941966718421213,1.0821286525871443,0.190819447220961,-1.7368046488167097
MICE,MCAR_ConnectionIssues,MCAR,30,518,0.8469953348567519,0.7293068304568501,0.1159256687813987,-0.0100846054234637
MissForest,MCAR_ConnectionIssues,MCAR,30,518,0.9083387920960744,0.7186710984589186,0.1243215607222136,-0.1616931786137982
KNN_SVR,MCAR_ConnectionIssues,MCAR,30,518,0.8419349886723593,0.6777383464678034,0.115233074629401,0.0019487758450826
Mean,MAR_ActivityDependent,MAR,10,518,0.8919659942339028,0.7811744921716851,0.1220806658035705,-0.080477967631402
KNN,MAR_ActivityDependent,MAR,10,518,0.4856984393013208,0.3074100586561905,0.0664760643712515,0.6796293395598134
SVR,MAR_ActivityDependent,MAR,10,518,0.9252918186694288,0.5859310950632983,0.1266418697752939,-0.1627243429754268
MICE,MAR_ActivityDependent,MAR,10,518,0.5585214461755748,0.3772612484608957,0.0764431272665838,0.5763579817706013
MissForest,MAR_ActivityDependent,MAR,10,518,0.5934124526416065,0.3696998242687683,0.0812185529301914,0.5217746078750969
KNN_SVR,MAR_ActivityDependent,MAR,10,518,0.5491407130462221,0.3300261877214716,0.0751592149273689,0.5904691646683311
Mean,MAR_ActivityDependent,MAR,20,518,0.880216864866487,0.7667175279933596,0.1204725982930839,-0.0812524355727617
KNN,MAR_ActivityDependent,MAR,20,518,0.4855846098566579,0.3099717870779032,0.0664604848822549,0.670938134451076
SVR,MAR_ActivityDependent,MAR,20,518,0.9234541498158398,0.6189960975804232,0.1263903536428148,-0.1900861543942116
MICE,MAR_ActivityDependent,MAR,20,518,0.6116697158453239,0.4305772555628046,0.0837173688739261,0.4778663468853248
MissForest,MAR_ActivityDependent,MAR,20,518,0.6297707366881832,0.4084259961274714,0.0861948004021522,0.4465063010086698
KNN_SVR,MAR_ActivityDependent,MAR,20,518,0.5392492846860738,0.3247987537070343,0.0738054052891524,0.5941861327548236
Mean,MAR_ActivityDependent,MAR,30,518,0.880216864866487,0.7667175279933596,0.1204725982930839,-0.0812524355727617
KNN,MAR_ActivityDependent,MAR,30,518,0.4855846098566579,0.3099717870779032,0.0664604848822549,0.670938134451076
SVR,MAR_ActivityDependent,MAR,30,518,0.9234541498158398,0.6189960975804232,0.1263903536428148,-0.1900861543942116
MICE,MAR_ActivityDependent,MAR,30,518,0.6116697158453239,0.4305772555628046,0.0837173688739261,0.4778663468853248
MissForest,MAR_ActivityDependent,MAR,30,518,0.6297707366881832,0.4084259961274714,0.0861948004021522,0.4465063010086698
KNN_SVR,MAR_ActivityDependent,MAR,30,518,0.5392492846860738,0.3247987537070343,0.0738054052891524,0.5941861327548236
Mean,MAR_BatteryDepletion,MAR,10,518,0.9131998244501178,0.7731807744656042,0.1249868753980091,-0.0299747976500541
KNN,MAR_BatteryDepletion,MAR,10,518,0.7586860146726598,0.5472018465422712,0.1038390414049883,0.289082644840454
SVR,MAR_BatteryDepletion,MAR,10,518,1.7598349775657485,1.2682073502900812,0.2408632472027847,-2.82506526768845
MICE,MAR_BatteryDepletion,MAR,10,518,0.8058140214524411,0.645323150751579,0.1102893079878667,0.1980180396235584
MissForest,MAR_BatteryDepletion,MAR,10,518,0.6731867326669594,0.4541815199534244,0.0921370153855456,0.4402861470259602
KNN_SVR,MAR_BatteryDepletion,MAR,10,518,0.6085371906920758,0.3874815379497844,0.0832886297080531,0.5426283832620081
Mean,MAR_BatteryDepletion,MAR,20,518,0.9240163828136064,0.7840472732024805,0.1264673047588302,-0.0859408699924924
KNN,MAR_BatteryDepletion,MAR,20,518,0.7319927234352863,0.525557039435357,0.1001856120278447,0.3185086255210984
SVR,MAR_BatteryDepletion,MAR,20,518,1.791529124406544,1.2919975239286838,0.2452011284375101,-3.082202846690934
MICE,MAR_BatteryDepletion,MAR,20,518,0.7961532091960511,0.6658956713282511,0.1089670620725655,0.1938049342680261
MissForest,MAR_BatteryDepletion,MAR,20,518,0.626050879076461,0.4399630907636546,0.0856856748336112,0.5014989296998843
KNN_SVR,MAR_BatteryDepletion,MAR,20,518,0.5368812906887546,0.363272427054217,0.0734813051713448,0.6333907863889783
Mean,MAR_BatteryDepletion,MAR,30,518,0.9206824923102492,0.7886668486478443,0.126011005331501,-0.0861719192400836
KNN,MAR_BatteryDepletion,MAR,30,518,0.7298565321725394,0.5154270318906924,0.0998932380434936,0.3174196212951207
SVR,MAR_BatteryDepletion,MAR,30,518,1.808295602353592,1.304091515916425,0.2474959051489412,-3.1900350286312644
MICE,MAR_BatteryDepletion,MAR,30,518,0.7970682318893675,0.6596954952488137,0.1090922984384668,0.1859149080832537
MissForest,MAR_BatteryDepletion,MAR,30,518,0.6159799307724073,0.4315395293278903,0.0843072948480736,0.5138033896286134
KNN_SVR,MAR_BatteryDepletion,MAR,30,518,0.5605588796571042,0.3659086918808384,0.0767219845745569,0.5973559605214822
Mean,MNAR_ValueDependent,MNAR,10,518,1.444806501298414,1.3165111141400778,0.1977462602566262,-0.3485725220137399
KNN,MNAR_ValueDependent,MNAR,10,518,1.0077477985563297,0.7794881458255991,0.1379273683135252,0.3439172062442094
SVR,MNAR_ValueDependent,MNAR,10,518,1.027543182435277,0.7036767765306773,0.1406367021439643,0.3178889323415693
MICE,MNAR_ValueDependent,MNAR,10,518,0.8921160204010049,0.679985168535611,0.1221011994275945,0.4858408027982219
MissForest,MNAR_ValueDependent,MNAR,10,518,0.8330141984422534,0.5575037834314206,0.1140121132723252,0.5517092892219349
KNN_SVR,MNAR_ValueDependent,MNAR,10,518,0.6496073273373425,0.4147220859862912,0.0889097740775805,0.7273805973172295
Mean,MNAR_ValueDependent,MNAR,20,518,1.4449491973339863,1.2983684536061022,0.1977657906278991,-0.3984988164246865
KNN,MNAR_ValueDependent,MNAR,20,518,1.04732461051243,0.7976948863604854,0.1433441258863665,0.2652838864020084
SVR,MNAR_ValueDependent,MNAR,20,518,1.073658517208845,0.7266452017758975,0.1469483673972423,0.2278720132468014
MICE,MNAR_ValueDependent,MNAR,20,518,0.9337083710914976,0.7096671480945019,0.1277938176411308,0.4160449051545656
MissForest,MNAR_ValueDependent,MNAR,20,518,0.8668886732055342,0.5714311696062429,0.1186484093414365,0.4966343172533909
KNN_SVR,MNAR_ValueDependent,MNAR,20,518,0.70102119757256,0.4252840701333206,0.0959466337229357,0.6708307576865802
Mean,MNAR_ValueDependent,MNAR,30,518,1.4430602180477592,1.301399205793657,0.1975072517929631,-0.3984586527331808
KNN,MNAR_ValueDependent,MNAR,30,518,1.0894054451071735,0.827471724722451,0.1491036014023681,0.2029972772276158
SVR,MNAR_ValueDependent,MNAR,30,518,1.1711156408628354,0.8126787094203565,0.1602870267406388,0.0789561982904087
MICE,MNAR_ValueDependent,MNAR,30,518,1.0395673903921283,0.7983322108694031,0.1422824188222035,0.2742517161103897
MissForest,MNAR_ValueDependent,MNAR,30,518,0.9208944446694444,0.6244076067431754,0.1260400146046083,0.4304912147170907
KNN_SVR,MNAR_ValueDependent,MNAR,30,518,0.7006907822722259,0.4438133861273942,0.0959014107882978,0.6702889287819023
Mean,MNAR_RangeLimitation,MNAR,10,518,1.2617346952031825,1.134655018009353,0.1726897803880592,-0.011562362928323
KNN,MNAR_RangeLimitation,MNAR,10,518,1.01537983557377,0.7197160551049655,0.1389719419481141,0.3448908877292929
SVR,MNAR_RangeLimitation,MNAR,10,518,1.1982458347701883,0.8633429265448634,0.1640002536539971,0.087677412555374
MICE,MNAR_RangeLimitation,MNAR,10,518,1.0086477505266298,0.7804953534830802,0.1380505419955217,0.3535489876281337
MissForest,MNAR_RangeLimitation,MNAR,10,518,0.9830200119910348,0.7211863546307457,0.1345429515675341,0.3859817357789963
KNN_SVR,MNAR_RangeLimitation,MNAR,10,518,0.8044619510905168,0.5289238181052325,0.1101042542402305,0.5887862886200799
Mean,MNAR_RangeLimitation,MNAR,20,518,1.162509117269236,1.0481122829098808,0.1591090780998242,-0.0068891042440573
KNN,MNAR_RangeLimitation,MNAR,20,518,0.9538678666232752,0.676087445235243,0.1305529863232254,0.3221004532536627
SVR,MNAR_RangeLimitation,MNAR,20,518,1.2266600121610285,0.9050954519866202,0.1678892154715536,-0.1210818510512763
MICE,MNAR_RangeLimitation,MNAR,20,518,1.0020156452098283,0.7971026309209854,0.1371428259637576,0.2519374538725474
MissForest,MNAR_RangeLimitation,MNAR,20,518,0.9620372431368998,0.7333137991379846,0.1316711039761746,0.3104390231330871
KNN_SVR,MNAR_RangeLimitation,MNAR,20,518,0.7290015311436729,0.481834750763612,0.0997762166597844,0.6040450405718156
Mean,MNAR_RangeLimitation,MNAR,30,518,1.103386861900437,0.9939578053214622,0.1510171952860282,-0.0041065107736182
KNN,MNAR_RangeLimitation,MNAR,30,518,0.9127443851710396,0.6550102563259728,0.1249245408126298,0.3128959534788142
SVR,MNAR_RangeLimitation,MNAR,30,518,1.2447516062440416,0.9303148242730672,0.1703653567879041,-0.2778784811418979
MICE,MNAR_RangeLimitation,MNAR,30,518,1.0070107828521415,0.8089663362559021,0.137826495221438,0.1636416291622779
MissForest,MNAR_RangeLimitation,MNAR,30,518,0.9345906565370948,0.7240533773247267,0.1279145733597609,0.2796110609904184
KNN_SVR,MNAR_RangeLimitation,MNAR,30,518,0.7173032164832045,0.4819036350542213,0.098175104003291,0.5756446100838439
Hybrid,MCAR_RandomSensorFailures,MCAR,10,501,0.3664718338850876,0.2332491500021817,,0.899619968074554
Hybrid,MCAR_RandomSensorFailures,MCAR,20,501,0.3920077824166129,0.2434477600307874,,0.8798861075389326
Hybrid,MCAR_RandomSensorFailures,MCAR,30,501,0.6071658023255013,0.4439957036043686,,0.726530718096389
Hybrid,MCAR_ConnectionIssues,MCAR,10,501,1.0268445946981446,0.8223788182580077,,0.2345703574104575
Hybrid,MCAR_ConnectionIssues,MCAR,20,501,0.970049994823531,0.7830790486128918,,0.2267253159860909
Hybrid,MCAR_ConnectionIssues,MCAR,30,501,1.0682707574201715,0.8570724778297606,,0.196192065033211
Hybrid,MAR_ActivityDependent,MAR,10,501,0.366617566678394,0.2159094651984813,,0.9216849985498824
Hybrid,MAR_ActivityDependent,MAR,20,501,0.4800794218934094,0.2643450001283328,,0.861403841002979
Hybrid,MAR_ActivityDependent,MAR,30,501,0.4800794218934094,0.2643450001283328,,0.861403841002979
Hybrid,MAR_BatteryDepletion,MAR,10,501,0.6101755946570162,0.3660996974889704,,0.6486650773145984
Hybrid,MAR_BatteryDepletion,MAR,20,501,0.4647967571645253,0.2657377951446497,,0.8177848696101852
Hybrid,MAR_BatteryDepletion,MAR,30,501,0.4151865968659843,0.2358236171765276,,0.8556746595629945
Hybrid,MNAR_ValueDependent,MNAR,10,501,0.7414607579745426,0.3163953769040226,,0.8603296993553606
Hybrid,MNAR_ValueDependent,MNAR,20,501,0.735196632139858,0.339035290897469,,0.8615805256672622
Hybrid,MNAR_ValueDependent,MNAR,30,501,0.7879720087691845,0.3946528219830606,,0.8354902414088696
Hybrid,MNAR_RangeLimitation,MNAR,10,501,1.016035500810509,0.6978178210380442,,0.7001405692587097
Hybrid,MNAR_RangeLimitation,MNAR,20,501,1.0898781802631985,0.7819690136334712,,0.5977042713995883
Hybrid,MNAR_RangeLimitation,MNAR,30,501,1.0759702577407506,0.7875147027503553,,0.5483814207910036
Hybrid,MCAR_RandomSensorFailures,MCAR,10,502,0.4450900064900617,0.2386334146986206,,0.7997984489998615
Hybrid,MCAR_RandomSensorFailures,MCAR,20,502,0.4334067970950098,0.2769721638594749,,0.8047834885049354
Hybrid,MCAR_RandomSensorFailures,MCAR,30,502,0.6616446543630656,0.464929881975848,,0.5359390101259529
Hybrid,MCAR_ConnectionIssues,MCAR,10,502,0.7448086383039922,0.6181904809890567,,0.0577366115144356
Hybrid,MCAR_ConnectionIssues,MCAR,20,502,0.8295580133253754,0.6789589788698809,,0.0582735668163569
Hybrid,MCAR_ConnectionIssues,MCAR,30,502,0.853503007740761,0.7098425016274537,,0.0371245141106981
Hybrid,MAR_ActivityDependent,MAR,10,502,0.31211538424304,0.1514708739056617,,0.8966337201821619
Hybrid,MAR_ActivityDependent,MAR,20,502,0.3270549101872019,0.1679568566314747,,0.8900244696785663
Hybrid,MAR_ActivityDependent,MAR,30,502,0.3270549101872019,0.1679568566314747,,0.8900244696785663
Hybrid,MAR_BatteryDepletion,MAR,10,502,0.4978360155587363,0.3045922947113176,,0.5556057311875622
Hybrid,MAR_BatteryDepletion,MAR,20,502,0.4397079946418626,0.2588610136444224,,0.6484196955541344
Hybrid,MAR_BatteryDepletion,MAR,30,502,0.4204450775075628,0.2538077868404209,,0.7039776400024338
Hybrid,MNAR_ValueDependent,MNAR,10,502,0.5927969202360729,0.2752209196268131,,0.7873385442749246
Hybrid,MNAR_ValueDependent,MNAR,20,502,0.6056191717246021,0.2882787168324561,,0.7969707920066997
Hybrid,MNAR_ValueDependent,MNAR,30,502,0.6088623016517308,0.3011832447098919,,0.7898422438751893
Hybrid,MNAR_RangeLimitation,MNAR,10,502,0.8575977937987451,0.5341477656049161,,0.7162503507961747
Hybrid,MNAR_RangeLimitation,MNAR,20,502,1.2582920839161291,0.8266528609837605,,0.2934197204398867
Hybrid,MNAR_RangeLimitation,MNAR,30,502,1.1601536082734545,0.8002684076774556,,0.2660664847948107
Hybrid,MCAR_RandomSensorFailures,MCAR,10,503,0.3512802553401384,0.2058199757714666,,0.9140007461683264
Hybrid,MCAR_RandomSensorFailures,MCAR,20,503,0.4319793077717309,0.2726505867682924,,0.8714854109332028
Hybrid,MCAR_RandomSensorFailures,MCAR,30,503,0.8036876000889198,0.6346614247945827,,0.5475993299339589
Hybrid,MCAR_ConnectionIssues,MCAR,10,503,1.0497441940046557,0.9065498839082669,,-0.0292493259560819
Hybrid,MCAR_ConnectionIssues,MCAR,20,503,1.140660648207788,0.9745047595846932,,0.0133004439172483
Hybrid,MCAR_ConnectionIssues,MCAR,30,503,1.152814125026001,0.98099376939581,,-0.0041026907419428
Hybrid,MAR_ActivityDependent,MAR,10,503,0.3025906415846114,0.1540975971550605,,0.9198595340037636
Hybrid,MAR_ActivityDependent,MAR,20,503,0.3343562089993478,0.180971626680585,,0.9019165017452588
Hybrid,MAR_ActivityDependent,MAR,30,503,0.3343562089993478,0.180971626680585,,0.9019165017452588
Hybrid,MAR_BatteryDepletion,MAR,10,503,0.3838823629990899,0.2374761608330554,,0.6365841124334263
Hybrid,MAR_BatteryDepletion,MAR,20,503,0.4614640768429408,0.2892378157315588,,0.7967193830273576
Hybrid,MAR_BatteryDepletion,MAR,30,503,0.4353244859796354,0.2786958236364155,,0.8651307147226098
Hybrid,MNAR_ValueDependent,MNAR,10,503,0.4274127056044027,0.1973983041859867,,0.9246362785798884
Hybrid,MNAR_ValueDependent,MNAR,20,503,0.4786580418936711,0.2246636327872254,,0.9057952349776384
Hybrid,MNAR_ValueDependent,MNAR,30,503,0.5611808417734221,0.2769429815371791,,0.8722180215720929
Hybrid,MNAR_RangeLimitation,MNAR,10,503,0.829413566717025,0.4948545608338361,,0.7699461302364706
Hybrid,MNAR_RangeLimitation,MNAR,20,503,0.8079587325917443,0.5275350004942603,,0.7516192323656956
Hybrid,MNAR_RangeLimitation,MNAR,30,503,1.0146975607932631,0.6416331183117,,0.5724852636504214
Hybrid,MCAR_RandomSensorFailures,MCAR,10,504,0.3557630675675684,0.1998968099790186,,0.8448493770946751
Hybrid,MCAR_RandomSensorFailures,MCAR,20,504,0.4625238274711032,0.2627890409741367,,0.7683465476745961
Hybrid,MCAR_RandomSensorFailures,MCAR,30,504,0.5432745743545389,0.3727787603251378,,0.6772990150745863
Hybrid,MCAR_ConnectionIssues,MCAR,10,504,1.0427097193871508,0.8240657405732091,,0.0320705366932957
Hybrid,MCAR_ConnectionIssues,MCAR,20,504,0.9312667745151748,0.7513563477448769,,0.0558915983255404
Hybrid,MCAR_ConnectionIssues,MCAR,30,504,0.9175710967969628,0.7569716360134271,,0.0584441106551959
Hybrid,MAR_ActivityDependent,MAR,10,504,0.3405751769850054,0.1968231776930469,,0.85236560931629
Hybrid,MAR_ActivityDependent,MAR,20,504,0.3472595460322332,0.2078303442034639,,0.8498498534684218
Hybrid,MAR_ActivityDependent,MAR,30,504,0.3472595460322332,0.2078303442034639,,0.8498498534684218
Hybrid,MAR_BatteryDepletion,MAR,10,504,0.3851349687816062,0.2282728834993085,,0.8363280222064783
Hybrid,MAR_BatteryDepletion,MAR,20,504,0.3577071216057751,0.2154681524572536,,0.8547615560795192
Hybrid,MAR_BatteryDepletion,MAR,30,504,0.3445619069822735,0.2086474963204444,,0.8669577849165289
Hybrid,MNAR_ValueDependent,MNAR,10,504,0.9280236194624588,0.2480977049834662,,0.4865049857110135
Hybrid,MNAR_ValueDependent,MNAR,20,504,0.702639731415091,0.2440461927048059,,0.7036463159434081
Hybrid,MNAR_ValueDependent,MNAR,30,504,0.5051851367046216,0.2595862253111057,,0.8376024800143819
Hybrid,MNAR_RangeLimitation,MNAR,10,504,0.9838190275006344,0.6159703333412534,,0.6100293083443161
Hybrid,MNAR_RangeLimitation,MNAR,20,504,0.9346923679613468,0.6149395530161809,,0.5498422581580136
Hybrid,MNAR_RangeLimitation,MNAR,30,504,0.9100538768075542,0.6230686541750282,,0.5055994470341711
Hybrid,MCAR_RandomSensorFailures,MCAR,10,505,0.4553840603136448,0.2200801293528683,,0.7767149181205556
Hybrid,MCAR_RandomSensorFailures,MCAR,20,505,0.483537295521745,0.2247557177919509,,0.7426954546726374
Hybrid,MCAR_RandomSensorFailures,MCAR,30,505,0.5562437516765144,0.2979597722402952,,0.6562916499476699
Hybrid,MCAR_ConnectionIssues,MCAR,10,505,0.8213697325852285,0.6063589796197212,,0.3550882840934948
Hybrid,MCAR_ConnectionIssues,MCAR,20,505,0.8072511398450065,0.5978810165029311,,0.3719942965285945
Hybrid,MCAR_ConnectionIssues,MCAR,30,505,0.7770664959463596,0.5827344394790609,,0.3194683340870021
Hybrid,MAR_ActivityDependent,MAR,10,505,0.3631886554138433,0.1681506355364848,,0.8460198003477875
Hybrid,MAR_ActivityDependent,MAR,20,505,0.4036080660766171,0.192355326184343,,0.81187450599714
Hybrid,MAR_ActivityDependent,MAR,30,505,0.4036080660766171,0.192355326184343,,0.81187450599714
Hybrid,MAR_BatteryDepletion,MAR,10,505,0.4635597318800967,0.226204899035196,,0.5164405189168044
Hybrid,MAR_BatteryDepletion,MAR,20,505,0.4126273542990591,0.2056646979096514,,0.5949469479909439
Hybrid,MAR_BatteryDepletion,MAR,30,505,0.4631299369416912,0.2510220009264078,,0.5446914196923165
Hybrid,MNAR_ValueDependent,MNAR,10,505,0.7063822670270067,0.3102932351613476,,0.6889478521631927
Hybrid,MNAR_ValueDependent,MNAR,20,505,0.8292264516301375,0.3556477794590862,,0.616766418338349
Hybrid,MNAR_ValueDependent,MNAR,30,505,0.8425272512251694,0.3645610771874135,,0.6000561038704769
Hybrid,MNAR_RangeLimitation,MNAR,10,505,0.8850652363778978,0.4885642580803012,,0.6181556163861764
Hybrid,MNAR_RangeLimitation,MNAR,20,505,0.8870359518535536,0.5409891648771894,,0.5478438330269709
Hybrid,MNAR_RangeLimitation,MNAR,30,505,0.9695553681273672,0.6410109876486857,,0.3766658523583224
Hybrid,MCAR_RandomSensorFailures,MCAR,10,506,0.266725407713702,0.1587833441208057,,0.9218318228794908
Hybrid,MCAR_RandomSensorFailures,MCAR,20,506,0.4168490644585397,0.2347717917678531,,0.8307282570579905
Hybrid,MCAR_RandomSensorFailures,MCAR,30,506,0.4832838741978113,0.3332111405941156,,0.7701506772400011
Hybrid,MCAR_ConnectionIssues,MCAR,10,506,0.879300725262212,0.7302540461182405,,0.0747679340923417
Hybrid,MCAR_ConnectionIssues,MCAR,20,506,0.9772404524453542,0.8215112539197893,,0.0614519893433592
Hybrid,MCAR_ConnectionIssues,MCAR,30,506,0.9906379465942704,0.8263567958700901,,0.056979568596269
Hybrid,MAR_ActivityDependent,MAR,10,506,0.3028480348329133,0.1486827827872702,,0.916740758091421
Hybrid,MAR_ActivityDependent,MAR,20,506,0.3089230641370181,0.1546245818800356,,0.9115209337482356
Hybrid,MAR_ActivityDependent,MAR,30,506,0.3089230641370181,0.1546245818800356,,0.9115209337482356
Hybrid,MAR_BatteryDepletion,MAR,10,506,0.4618838819106687,0.2824390036093291,,0.6035948860809421
Hybrid,MAR_BatteryDepletion,MAR,20,506,0.386312512208431,0.2400090885425493,,0.7839846997167044
Hybrid,MAR_BatteryDepletion,MAR,30,506,0.3670962683584379,0.2294981479677474,,0.8129570366284833
Hybrid,MNAR_ValueDependent,MNAR,10,506,0.3871552173136615,0.2166861644982999,,0.9293880664956904
Hybrid,MNAR_ValueDependent,MNAR,20,506,0.4600491709751699,0.2396236558482241,,0.900556524725795
Hybrid,MNAR_ValueDependent,MNAR,30,506,0.4843743081597045,0.2804438857766111,,0.8846011432732861
Hybrid,MNAR_RangeLimitation,MNAR,10,506,0.7071361588813475,0.4681868626448715,,0.7883608309925593
Hybrid,MNAR_RangeLimitation,MNAR,20,506,0.9089047684307616,0.5764640814414456,,0.6203281430634039
Hybrid,MNAR_RangeLimitation,MNAR,30,506,0.8908595558941705,0.5759860643111887,,0.5838667566439505
Hybrid,MCAR_RandomSensorFailures,MCAR,10,507,0.3545321009999267,0.2111958797980586,,0.8665278366748559
Hybrid,MCAR_RandomSensorFailures,MCAR,20,507,0.4418877285788151,0.2803514719148615,,0.7881788655396514
Hybrid,MCAR_RandomSensorFailures,MCAR,30,507,0.6014437232148809,0.4417216368000088,,0.6075945249864725
Hybrid,MCAR_ConnectionIssues,MCAR,10,507,0.926567010479498,0.7511875684050213,,-0.0635755396654118
Hybrid,MCAR_ConnectionIssues,MCAR,20,507,0.931756201291124,0.7640540947447503,,-0.0596444211030131
Hybrid,MCAR_ConnectionIssues,MCAR,30,507,0.9251248023270316,0.7493985437021672,,0.0287192203245063
Hybrid,MAR_ActivityDependent,MAR,10,507,0.4455636099643319,0.2171148589808906,,0.8040916463360387
Hybrid,MAR_ActivityDependent,MAR,20,507,0.4616557985481028,0.2415684436372801,,0.7914613175018035
Hybrid,MAR_ActivityDependent,MAR,30,507,0.4616557985481028,0.2415684436372801,,0.7914613175018035
Hybrid,MAR_BatteryDepletion,MAR,10,507,0.4551556564444302,0.2366683897573849,,0.634606120646383
Hybrid,MAR_BatteryDepletion,MAR,20,507,0.4844219395492233,0.2636647990561557,,0.6127612427491903
Hybrid,MAR_BatteryDepletion,MAR,30,507,0.453624544864847,0.2485872149883046,,0.6563433331817594
Hybrid,MNAR_ValueDependent,MNAR,10,507,0.7476862299265975,0.3741738410852139,,0.7766630845548952
Hybrid,MNAR_ValueDependent,MNAR,20,507,0.7648991421180378,0.371888530769228,,0.7717832456274418
Hybrid,MNAR_ValueDependent,MNAR,30,507,0.7891436632071663,0.3979913556508305,,0.7571259877490248
Hybrid,MNAR_RangeLimitation,MNAR,10,507,1.01429430142998,0.6443630694678022,,0.5905554250760771
Hybrid,MNAR_RangeLimitation,MNAR,20,507,0.9867540308617552,0.6698112637974435,,0.52798402101031
Hybrid,MNAR_RangeLimitation,MNAR,30,507,0.9502842399633488,0.6683914401183104,,0.4812890463248079
Hybrid,MCAR_RandomSensorFailures,MCAR,10,508,0.5057878978092828,0.2561613598984572,,0.660243491292751
Hybrid,MCAR_RandomSensorFailures,MCAR,20,508,0.5125206658400616,0.2665379880273498,,0.6226534673490773
Hybrid,MCAR_RandomSensorFailures,MCAR,30,508,0.5246193145167362,0.3160515565356057,,0.625582635799046
Hybrid,MCAR_ConnectionIssues,MCAR,10,508,0.8254478255512675,0.6878752809918441,,0.1047296198554389
Hybrid,MCAR_ConnectionIssues,MCAR,20,508,0.8691605534257264,0.7153967006578589,,0.0750494582108693
Hybrid,MCAR_ConnectionIssues,MCAR,30,508,0.862672903982059,0.7167448928604545,,0.0830953020111544
Hybrid,MAR_ActivityDependent,MAR,10,508,0.2558504335965387,0.137767009771889,,0.9274623131662182
Hybrid,MAR_ActivityDependent,MAR,20,508,0.2997272731031385,0.1765996917856332,,0.9026559806196476
Hybrid,MAR_ActivityDependent,MAR,30,508,0.2997272731031385,0.1765996917856332,,0.9026559806196476
Hybrid,MAR_BatteryDepletion,MAR,10,508,0.330796117749361,0.1894967828200443,,0.6912446921009314
Hybrid,MAR_BatteryDepletion,MAR,20,508,0.2928556506599967,0.1728197664698942,,0.7591022524866963
Hybrid,MAR_BatteryDepletion,MAR,30,508,0.2771921218636093,0.1710503187879924,,0.8026661686350788
Hybrid,MNAR_ValueDependent,MNAR,10,508,0.7656893890370002,0.4056427027383255,,0.6675104930778125
Hybrid,MNAR_ValueDependent,MNAR,20,508,0.7883486413691891,0.4246244165517711,,0.664525770508394
Hybrid,MNAR_ValueDependent,MNAR,30,508,0.838489602629704,0.4532661108907656,,0.6209469019211461
Hybrid,MNAR_RangeLimitation,MNAR,10,508,1.0245717301947062,0.6941222999175763,,0.5407346679169984
Hybrid,MNAR_RangeLimitation,MNAR,20,508,0.9858703901455642,0.6772217890268956,,0.4628016831721585
Hybrid,MNAR_RangeLimitation,MNAR,30,508,0.9055360114293036,0.6380244465753283,,0.4682017859959797
Hybrid,MCAR_RandomSensorFailures,MCAR,10,509,0.5451840732515915,0.3782388901169806,,0.8816053844504536
Hybrid,MCAR_RandomSensorFailures,MCAR,20,509,0.9199045722243008,0.7175390109757314,,0.6502678290514166
Hybrid,MCAR_RandomSensorFailures,MCAR,30,509,1.209830230050478,1.0627651979118131,,0.3942517775191836
Hybrid,MCAR_ConnectionIssues,MCAR,10,509,1.3713721106549024,1.193816165775036,,0.0761489832212772
Hybrid,MCAR_ConnectionIssues,MCAR,20,509,1.356126561095858,1.1911491024072205,,0.0697074925558938
Hybrid,MCAR_ConnectionIssues,MCAR,30,509,1.3445352248230509,1.174261627324486,,0.0900432996902391
Hybrid,MAR_ActivityDependent,MAR,10,509,0.3286847043620926,0.1729605724722741,,0.9335368632100296
Hybrid,MAR_ActivityDependent,MAR,20,509,0.3667700367379387,0.1994601724032539,,0.916039730835362
Hybrid,MAR_ActivityDependent,MAR,30,509,0.3667700367379387,0.1994601724032539,,0.916039730835362
Hybrid,MAR_BatteryDepletion,MAR,10,509,0.3554566391131002,0.2347156599463561,,0.9269150709053268
Hybrid,MAR_BatteryDepletion,MAR,20,509,0.3750334602223892,0.2615588994664584,,0.930282722660357
Hybrid,MAR_BatteryDepletion,MAR,30,509,0.3732159824941654,0.2576938187029545,,0.9333547111279862
Hybrid,MNAR_ValueDependent,MNAR,10,509,0.4344391808311761,0.2363817849550396,,0.9508441072820786
Hybrid,MNAR_ValueDependent,MNAR,20,509,0.5512200618203438,0.2805074689974602,,0.9201769788247984
Hybrid,MNAR_ValueDependent,MNAR,30,509,0.6069665547671103,0.3496561558158679,,0.9033658304083454
Hybrid,MNAR_RangeLimitation,MNAR,10,509,0.8110110037899634,0.5153186405042055,,0.8419512208768392
Hybrid,MNAR_RangeLimitation,MNAR,20,509,0.9977570655731371,0.6962154550252904,,0.7338096829277454
Hybrid,MNAR_RangeLimitation,MNAR,30,509,0.9429624679932488,0.6618279710578865,,0.7418829082358217
Hybrid,MCAR_RandomSensorFailures,MCAR,10,510,0.2929433087741581,0.1369005223607544,,0.9697797422289336
Hybrid,MCAR_RandomSensorFailures,MCAR,20,510,0.4745482598258191,0.2663330137319643,,0.8846572369496338
Hybrid,MCAR_RandomSensorFailures,MCAR,30,510,0.7016667523563552,0.4722313053941193,,0.6950918139762405
Hybrid,MCAR_ConnectionIssues,MCAR,10,510,1.29237132092544,0.8328735786251159,,0.1315027441789115
Hybrid,MCAR_ConnectionIssues,MCAR,20,510,1.1570941131389278,0.8059597201312887,,0.1223922450344602
Hybrid,MCAR_ConnectionIssues,MCAR,30,510,1.2359003157771375,0.8226583679612307,,0.1350509070597623
Hybrid,MAR_ActivityDependent,MAR,10,510,0.2906919814744897,0.1474254149198089,,0.910649701362204
Hybrid,MAR_ActivityDependent,MAR,20,510,0.3107315053250225,0.1669470852715605,,0.8998692298862103
Hybrid,MAR_ActivityDependent,MAR,30,510,0.3107315053250225,0.1669470852715605,,0.8998692298862103
Hybrid,MAR_BatteryDepletion,MAR,10,510,0.5460910646256427,0.3416221648224851,,0.7635143899046002
Hybrid,MAR_BatteryDepletion,MAR,20,510,0.5274683418293417,0.3189802593013138,,0.700323623959838
Hybrid,MAR_BatteryDepletion,MAR,30,510,0.4727528944159552,0.2875184528791859,,0.7124041510411476
Hybrid,MNAR_ValueDependent,MNAR,10,510,0.6474714177776094,0.2811879018143479,,0.973291402423146
Hybrid,MNAR_ValueDependent,MNAR,20,510,0.6395164903392633,0.2910121135684135,,0.9726647250507512
Hybrid,MNAR_ValueDependent,MNAR,30,510,0.7232234630796123,0.3344141705635065,,0.9631004660001214
Hybrid,MNAR_RangeLimitation,MNAR,10,510,0.813842412889262,0.4706960580648617,,0.8818248024998431
Hybrid,MNAR_RangeLimitation,MNAR,20,510,1.142039220230629,0.6693022880569326,,0.7525754002351577
Hybrid,MNAR_RangeLimitation,MNAR,30,510,1.841178707600175,0.9449286743314546,,0.2462831482672601
Hybrid,MCAR_RandomSensorFailures,MCAR,10,511,0.4767561283619542,0.3019488122405905,,0.722080912379685
Hybrid,MCAR_RandomSensorFailures,MCAR,20,511,0.5236100887922994,0.3656396679781385,,0.6905834666396923
Hybrid,MCAR_RandomSensorFailures,MCAR,30,511,0.6063291811698356,0.4382858641197777,,0.557897530926899
Hybrid,MCAR_ConnectionIssues,MCAR,10,511,0.9297292742797668,0.7680456522720988,,-0.0766399946927174
Hybrid,MCAR_ConnectionIssues,MCAR,20,511,0.8949993101939501,0.7384701831817844,,-0.0011761251192887
Hybrid,MCAR_ConnectionIssues,MCAR,30,511,0.8690536950865293,0.7258654072103289,,-0.0195037179105006
Hybrid,MAR_ActivityDependent,MAR,10,511,0.2850484690312586,0.1623748169399414,,0.9143450108617394
Hybrid,MAR_ActivityDependent,MAR,20,511,0.3142294038227749,0.1797800693833193,,0.8925586648830641
Hybrid,MAR_ActivityDependent,MAR,30,511,0.3142294038227749,0.1797800693833193,,0.8925586648830641
Hybrid,MAR_BatteryDepletion,MAR,10,511,0.3557951742433868,0.2302014334818479,,0.7218173390270841
Hybrid,MAR_BatteryDepletion,MAR,20,511,0.3958471184586921,0.2447354406927009,,0.7681689543730588
Hybrid,MAR_BatteryDepletion,MAR,30,511,0.3714604877705011,0.2328449697437732,,0.805200534901683
Hybrid,MNAR_ValueDependent,MNAR,10,511,0.5462633883972867,0.2225953393368942,,0.8290646379249125
Hybrid,MNAR_ValueDependent,MNAR,20,511,0.4726584734935034,0.2196545177749947,,0.8640266137379025
Hybrid,MNAR_ValueDependent,MNAR,30,511,0.460893189241408,0.2328525866720633,,0.8686383813896259
Hybrid,MNAR_RangeLimitation,MNAR,10,511,0.877966031597355,0.5673886906957567,,0.667226568739116
Hybrid,MNAR_RangeLimitation,MNAR,20,511,1.0262560164667636,0.7520010981959048,,0.4692620417232976
Hybrid,MNAR_RangeLimitation,MNAR,30,511,1.195678233420106,0.8786306330066197,,0.1854214738973373
Hybrid,MCAR_RandomSensorFailures,MCAR,10,512,0.2411429902221293,0.1337224053617992,,0.8534733794385053
Hybrid,MCAR_RandomSensorFailures,MCAR,20,512,0.3177985678916962,0.1811581102065513,,0.7624141338484491
Hybrid,MCAR_RandomSensorFailures,MCAR,30,512,0.4533770971029989,0.2701497522003304,,0.5912465447007432
Hybrid,MCAR_ConnectionIssues,MCAR,10,512,0.6732837831199012,0.5147598367765539,,0.1108039650580156
Hybrid,MCAR_ConnectionIssues,MCAR,20,512,0.718474446329361,0.5342075362572924,,0.0963628394107342
Hybrid,MCAR_ConnectionIssues,MCAR,30,512,0.6930494819757057,0.5172456071442173,,0.1077114962132063
Hybrid,MAR_ActivityDependent,MAR,10,512,0.4242170977382159,0.2015373465486919,,0.7150429125886778
Hybrid,MAR_ActivityDependent,MAR,20,512,0.5196515656084066,0.2560614913514061,,0.5641215236076925
Hybrid,MAR_ActivityDependent,MAR,30,512,0.5196515656084066,0.2560614913514061,,0.5641215236076925
Hybrid,MAR_BatteryDepletion,MAR,10,512,0.4052067931236101,0.2286560225503882,,0.4978741782098557
Hybrid,MAR_BatteryDepletion,MAR,20,512,0.3479006164536457,0.1960646334611021,,0.6131119707641461
Hybrid,MAR_BatteryDepletion,MAR,30,512,0.3441593602792825,0.1975061240701205,,0.6402367013480141
Hybrid,MNAR_ValueDependent,MNAR,10,512,0.7903935879146997,0.3309130495336886,,0.6662886091833586
Hybrid,MNAR_ValueDependent,MNAR,20,512,0.9279054650136296,0.4150718189141189,,0.5863967431943571
Hybrid,MNAR_ValueDependent,MNAR,30,512,0.9014939916888184,0.4256949889337942,,0.5893376793530483
Hybrid,MNAR_RangeLimitation,MNAR,10,512,1.0410479261395318,0.6043256040725918,,0.4389234782651302
Hybrid,MNAR_RangeLimitation,MNAR,20,512,0.9628382365897488,0.5645154994965511,,0.3548943695996084
Hybrid,MNAR_RangeLimitation,MNAR,30,512,0.8968266240251427,0.5695765690450013,,0.3099966166055387
Hybrid,MCAR_RandomSensorFailures,MCAR,10,513,0.4557671470214752,0.2941772603589856,,0.8156244224251923
Hybrid,MCAR_RandomSensorFailures,MCAR,20,513,0.4667381333683913,0.3012847618929258,,0.7291149198628086
Hybrid,MCAR_RandomSensorFailures,MCAR,30,513,0.5419832850112123,0.3409810016049432,,0.6613828273050066
Hybrid,MCAR_ConnectionIssues,MCAR,10,513,1.1539411519544966,0.7317410530375421,,0.1598755286464762
Hybrid,MCAR_ConnectionIssues,MCAR,20,513,1.000907993985269,0.6482853574553327,,0.1456492734230614
Hybrid,MCAR_ConnectionIssues,MCAR,30,513,1.0382691140071385,0.6512244781144485,,0.1267693232764759
Hybrid,MAR_ActivityDependent,MAR,10,513,0.3353942193088973,0.1803255773746654,,0.7070429679384258
Hybrid,MAR_ActivityDependent,MAR,20,513,0.3744561132253549,0.2144274101398436,,0.6182886607520823
Hybrid,MAR_ActivityDependent,MAR,30,513,0.3744561132253549,0.2144274101398436,,0.6182886607520823
Hybrid,MAR_BatteryDepletion,MAR,10,513,0.5707145343077182,0.3802212799618782,,0.3926970393097649
Hybrid,MAR_BatteryDepletion,MAR,20,513,0.4596834704473757,0.2899735842206557,,0.5591218776633204
Hybrid,MAR_BatteryDepletion,MAR,30,513,0.4158104799768384,0.2560617170906332,,0.6035077502413827
Hybrid,MNAR_ValueDependent,MNAR,10,513,0.8212921022545668,0.4072059680793555,,0.845868380689343
Hybrid,MNAR_ValueDependent,MNAR,20,513,0.9060610487029886,0.4527066549494683,,0.8178151979962633
Hybrid,MNAR_ValueDependent,MNAR,30,513,0.8797977712089686,0.4420782725397762,,0.8349970427888029
Hybrid,MNAR_RangeLimitation,MNAR,10,513,0.9485135722334668,0.5681221180768915,,0.7208301315256864
Hybrid,MNAR_RangeLimitation,MNAR,20,513,1.034759691889783,0.671943306326401,,0.6023167195359068
Hybrid,MNAR_RangeLimitation,MNAR,30,513,1.368232774202993,0.7984570464211309,,0.1180426461446814
Hybrid,MCAR_RandomSensorFailures,MCAR,10,514,0.3822115227881109,0.1834554816521904,,0.8672679430846895
Hybrid,MCAR_RandomSensorFailures,MCAR,20,514,0.4659418949101939,0.2663989639654405,,0.7641041814568816
Hybrid,MCAR_RandomSensorFailures,MCAR,30,514,0.5583549365473345,0.360406224674701,,0.7020196042639363
Hybrid,MCAR_ConnectionIssues,MCAR,10,514,0.7628736048916959,0.5296237835506618,,0.4519386363314894
Hybrid,MCAR_ConnectionIssues,MCAR,20,514,0.713236546008139,0.5197793840322339,,0.5356825092312931
Hybrid,MCAR_ConnectionIssues,MCAR,30,514,0.7843315019563477,0.5457597547413447,,0.4261618450457327
Hybrid,MAR_ActivityDependent,MAR,10,514,0.3628302810689917,0.1504376253773269,,0.8360107321750561
Hybrid,MAR_ActivityDependent,MAR,20,514,0.4596183346351863,0.1856822349575488,,0.7298080656710936
Hybrid,MAR_ActivityDependent,MAR,30,514,0.4596183346351863,0.1856822349575488,,0.7298080656710936
Hybrid,MAR_BatteryDepletion,MAR,10,514,0.5187756113824394,0.2919793029845043,,0.6868117289974953
Hybrid,MAR_BatteryDepletion,MAR,20,514,0.4203369636386603,0.2253844876808242,,0.7674390829109231
Hybrid,MAR_BatteryDepletion,MAR,30,514,0.3812080147736847,0.2054324500115771,,0.8055900147835896
Hybrid,MNAR_ValueDependent,MNAR,10,514,0.6886187175297006,0.30422831785827,,0.7633100912052964
Hybrid,MNAR_ValueDependent,MNAR,20,514,0.6417123052994848,0.2926684799391989,,0.7957952024251427
Hybrid,MNAR_ValueDependent,MNAR,30,514,0.6665807876462326,0.3029186082897905,,0.7826372006195224
Hybrid,MNAR_RangeLimitation,MNAR,10,514,1.0900155904405766,0.5730296075229977,,0.4364010487541935
Hybrid,MNAR_RangeLimitation,MNAR,20,514,1.116555744422938,0.5483528995707301,,0.2673216887893345
Hybrid,MNAR_RangeLimitation,MNAR,30,514,0.95578150413788,0.4763949078597063,,0.3735946012928054
Hybrid,MCAR_RandomSensorFailures,MCAR,10,515,0.422309585675871,0.2539031031375392,,0.7844009230938774
Hybrid,MCAR_RandomSensorFailures,MCAR,20,515,0.4933354737942106,0.3061483932684103,,0.7131446626203826
Hybrid,MCAR_RandomSensorFailures,MCAR,30,515,0.5837801939239121,0.3916286198072554,,0.5926322775098882
Hybrid,MCAR_ConnectionIssues,MCAR,10,515,0.9682838316554716,0.7895058376316467,,-0.0466548058459725
Hybrid,MCAR_ConnectionIssues,MCAR,20,515,0.8751773062956621,0.7223055309218681,,0.1466134005308945
Hybrid,MCAR_ConnectionIssues,MCAR,30,515,0.920961882855772,0.7380088552747025,,0.1018684480444863
Hybrid,MAR_ActivityDependent,MAR,10,515,0.369979299232936,0.2122370193730313,,0.8562395160254395
Hybrid,MAR_ActivityDependent,MAR,20,515,0.4292603583872509,0.2638409338762925,,0.8087008834479044
Hybrid,MAR_ActivityDependent,MAR,30,515,0.4292603583872509,0.2638409338762925,,0.8087008834479044
Hybrid,MAR_BatteryDepletion,MAR,10,515,0.710384667845405,0.4310554283448584,,0.3341775921871567
Hybrid,MAR_BatteryDepletion,MAR,20,515,0.6891037700120527,0.4723929581040366,,0.3929013834708162
Hybrid,MAR_BatteryDepletion,MAR,30,515,0.8812100235169151,0.5893269118562234,,0.1235519423874622
Hybrid,MNAR_ValueDependent,MNAR,10,515,0.6094166323755308,0.3227970137365468,,0.7742723021344071
Hybrid,MNAR_ValueDependent,MNAR,20,515,0.6028861626989607,0.3339673560452972,,0.768214479276188
Hybrid,MNAR_ValueDependent,MNAR,30,515,0.6482844459378636,0.3715089457215279,,0.7441334957725165
Hybrid,MNAR_RangeLimitation,MNAR,10,515,0.9432669875441044,0.6380751111514745,,0.5779290573169757
Hybrid,MNAR_RangeLimitation,MNAR,20,515,0.9477531866705682,0.6675103240645414,,0.4898988415634335
Hybrid,MNAR_RangeLimitation,MNAR,30,515,1.057185492225141,0.7736554872858947,,0.2714024818101086
Hybrid,MCAR_RandomSensorFailures,MCAR,10,516,0.4509332938657858,0.2685364103400969,,0.7593908660688836
Hybrid,MCAR_RandomSensorFailures,MCAR,20,516,0.4329607763469684,0.2438344961566207,,0.7696067444888861
Hybrid,MCAR_RandomSensorFailures,MCAR,30,516,0.4746285582141354,0.2938217596202825,,0.7107131354521166
Hybrid,MCAR_ConnectionIssues,MCAR,10,516,0.7528487813261358,0.6138112929032448,,0.2266910917741611
Hybrid,MCAR_ConnectionIssues,MCAR,20,516,0.7793580205859397,0.635664268607556,,0.1794119344363516
Hybrid,MCAR_ConnectionIssues,MCAR,30,516,0.7711241320032913,0.6332928477736982,,0.1820519277042602
Hybrid,MAR_ActivityDependent,MAR,10,516,0.3754311636802865,0.1988451488659718,,0.8087456654085566
Hybrid,MAR_ActivityDependent,MAR,20,516,0.4162092702422468,0.2271306165464023,,0.7689398031714181
Hybrid,MAR_ActivityDependent,MAR,30,516,0.4162092702422468,0.2271306165464023,,0.7689398031714181
Hybrid,MAR_BatteryDepletion,MAR,10,516,0.4535628161644615,0.2712041726747281,,0.6651253185142689
Hybrid,MAR_BatteryDepletion,MAR,20,516,0.3851909478827308,0.2355316192862236,,0.7641323438911312
Hybrid,MAR_BatteryDepletion,MAR,30,516,0.3685992736033777,0.2314212325282248,,0.7773742126194616
Hybrid,MNAR_ValueDependent,MNAR,10,516,0.7351859094871155,0.3263420580756258,,0.7742245817841592
Hybrid,MNAR_ValueDependent,MNAR,20,516,0.7340778443096532,0.3453375075140882,,0.7722396995025469
Hybrid,MNAR_ValueDependent,MNAR,30,516,0.761630958433222,0.3971317132805729,,0.758244868153096
Hybrid,MNAR_RangeLimitation,MNAR,10,516,1.0096369383982584,0.6627808258796624,,0.5582668176629784
Hybrid,MNAR_RangeLimitation,MNAR,20,516,0.9609482412097224,0.6373142524705366,,0.4891575514398293
Hybrid,MNAR_RangeLimitation,MNAR,30,516,0.9821412438325514,0.6837341782918035,,0.3638174965406554
Hybrid,MCAR_RandomSensorFailures,MCAR,10,517,0.5387539698236908,0.3014578678036463,,0.7319167275539585
Hybrid,MCAR_RandomSensorFailures,MCAR,20,517,0.538379678397178,0.3250284876683863,,0.7234536319151073
Hybrid,MCAR_RandomSensorFailures,MCAR,30,517,0.56507587339604,0.3712105745893804,,0.6805986613255954
Hybrid,MCAR_ConnectionIssues,MCAR,10,517,1.056797606509964,0.8902044727094824,,0.0826721907648682
Hybrid,MCAR_ConnectionIssues,MCAR,20,517,1.0531801247816013,0.8607207129785335,,0.0549167590503891
Hybrid,MCAR_ConnectionIssues,MCAR,30,517,0.9744869581832254,0.7817997046524904,,0.0666358104954891
Hybrid,MAR_ActivityDependent,MAR,10,517,0.3504289076520696,0.2011456883102661,,0.8503583915112887
Hybrid,MAR_ActivityDependent,MAR,20,517,0.4639247491970777,0.2563113440137296,,0.7461250858576134
Hybrid,MAR_ActivityDependent,MAR,30,517,0.4639247491970777,0.2563113440137296,,0.7461250858576134
Hybrid,MAR_BatteryDepletion,MAR,10,517,0.4625583014136343,0.3065700821935392,,0.8169585653667707
Hybrid,MAR_BatteryDepletion,MAR,20,517,0.4003464224828288,0.2635357888528558,,0.8525649226534326
Hybrid,MAR_BatteryDepletion,MAR,30,517,0.3760850804046011,0.2519135852984188,,0.8620820572489012
Hybrid,MNAR_ValueDependent,MNAR,10,517,0.8179580061379785,0.4408250126512008,,0.7921821841923175
Hybrid,MNAR_ValueDependent,MNAR,20,517,0.8173250917562961,0.45087084714277,,0.7891556404142256
Hybrid,MNAR_ValueDependent,MNAR,30,517,0.9257321296172736,0.5380164846653125,,0.7161444435806446
Hybrid,MNAR_RangeLimitation,MNAR,10,517,1.2593307288132691,0.8441047293149097,,0.5042305832774863
Hybrid,MNAR_RangeLimitation,MNAR,20,517,1.131642982789302,0.7863886381905312,,0.5002231959886677
Hybrid,MNAR_RangeLimitation,MNAR,30,517,1.1714864498272002,0.8415633635624381,,0.3708648109765826
Hybrid,MCAR_RandomSensorFailures,MCAR,10,518,0.3408376014523401,0.1760266952810791,,0.8290199331364102
Hybrid,MCAR_RandomSensorFailures,MCAR,20,518,0.3178972018318016,0.1828625131177039,,0.8626616149180192
Hybrid,MCAR_RandomSensorFailures,MCAR,30,518,0.5278766096064651,0.4091514330055327,,0.6345524925428221
Hybrid,MCAR_ConnectionIssues,MCAR,10,518,0.8073590490352042,0.684973291842314,,0.1250919777372005
Hybrid,MCAR_ConnectionIssues,MCAR,20,518,0.772332133928647,0.6521536444410563,,0.1312585839937018
Hybrid,MCAR_ConnectionIssues,MCAR,30,518,0.7909691440075253,0.6680722059253063,,0.1191239560109473
Hybrid,MAR_ActivityDependent,MAR,10,518,0.2335135014249759,0.1119120002884671,,0.9259468882572408
Hybrid,MAR_ActivityDependent,MAR,20,518,0.264673287462523,0.1311781352183491,,0.9022384786285984
Hybrid,MAR_ActivityDependent,MAR,30,518,0.264673287462523,0.1311781352183491,,0.9022384786285984
Hybrid,MAR_BatteryDepletion,MAR,10,518,0.4356098837900299,0.2623797248162374,,0.7656362654835341
Hybrid,MAR_BatteryDepletion,MAR,20,518,0.4165320827338296,0.2649139152526041,,0.7793297680717841
Hybrid,MAR_BatteryDepletion,MAR,30,518,0.3921931988786191,0.2533478073586853,,0.8029034974754341
Hybrid,MNAR_ValueDependent,MNAR,10,518,0.4217866323736501,0.190816110447183,,0.8850681082370117
Hybrid,MNAR_ValueDependent,MNAR,20,518,0.5040836446366075,0.2270195426600559,,0.8297989792734923
Hybrid,MNAR_ValueDependent,MNAR,30,518,0.5417954075134844,0.2595882609853526,,0.8028706178806111
Hybrid,MNAR_RangeLimitation,MNAR,10,518,0.6639347083230798,0.3676127101630649,,0.7199037355858424
Hybrid,MNAR_RangeLimitation,MNAR,20,518,0.6081052529323854,0.3714955525791321,,0.7244842592952152
Hybrid,MNAR_RangeLimitation,MNAR,30,518,0.6313424367502155,0.4173379374552728,,0.671258804292659
LOCF,MCAR_RandomSensorFailures,MCAR,10,501,0.6730101320580265,0.4038943775260367,,0.6614605131671532
LinInterp,MCAR_RandomSensorFailures,MCAR,10,501,0.5087577809480025,0.3214349740653892,,0.8065413043486717
LOCF,MCAR_RandomSensorFailures,MCAR,20,501,0.7153602046136911,0.4249326839173946,,0.6000060555392634
LinInterp,MCAR_RandomSensorFailures,MCAR,20,501,0.5509446021995985,0.3342263138920738,,0.7627426212020602
LOCF,MCAR_RandomSensorFailures,MCAR,30,501,0.8048833193983143,0.4659028517380626,,0.5194265220632954
LinInterp,MCAR_RandomSensorFailures,MCAR,30,501,0.592649581214822,0.351721695327983,,0.7394507012009901
LOCF,MCAR_ConnectionIssues,MCAR,10,501,0.6120850415412336,0.3937857386950509,,0.7280310236892344
LinInterp,MCAR_ConnectionIssues,MCAR,10,501,0.4675486047311413,0.3067126345919458,,0.8413100713133705
LOCF,MCAR_ConnectionIssues,MCAR,20,501,0.6885217306606769,0.4573728055987511,,0.6104341667128335
LinInterp,MCAR_ConnectionIssues,MCAR,20,501,0.499640191502895,0.323569051182797,,0.7948553057461832
LOCF,MCAR_ConnectionIssues,MCAR,30,501,0.8840660650181561,0.5539621091255016,,0.4494978120162289
LinInterp,MCAR_ConnectionIssues,MCAR,30,501,0.6118427323655203,0.3750882917192261,,0.7363248389118783
LOCF,MAR_ActivityDependent,MAR,10,501,0.5443066630078419,0.2523953368283463,,0.8273741935436125
LinInterp,MAR_ActivityDependent,MAR,10,501,0.4190814626683328,0.2037138870121883,,0.8976670907067348
LOCF,MAR_ActivityDependent,MAR,20,501,0.563673278781807,0.27666830969373,,0.8089355415463046
LinInterp,MAR_ActivityDependent,MAR,20,501,0.4682613787811924,0.2301026085399534,,0.868143454923672
LOCF,MAR_ActivityDependent,MAR,30,501,0.563673278781807,0.27666830969373,,0.8089355415463046
LinInterp,MAR_ActivityDependent,MAR,30,501,0.4682613787811924,0.2301026085399534,,0.868143454923672
LOCF,MAR_BatteryDepletion,MAR,10,501,1.616114360037732,1.1711705488679538,,-1.4646532824473375
LinInterp,MAR_BatteryDepletion,MAR,10,501,1.616114360037732,1.1711705488679538,,-1.4646532824473375
LOCF,MAR_BatteryDepletion,MAR,20,501,1.1089571790125083,0.7652294174898004,,-0.0372604309281361
LinInterp,MAR_BatteryDepletion,MAR,20,501,1.1089571790125083,0.7652294174898004,,-0.0372604309281361
LOCF,MAR_BatteryDepletion,MAR,30,501,1.0302488140690662,0.6686916958892711,,0.1113306801671073
LinInterp,MAR_BatteryDepletion,MAR,30,501,1.0302488140690662,0.6686916958892711,,0.1113306801671073
LOCF,MNAR_ValueDependent,MNAR,10,501,0.8085712548641164,0.3582433058159635,,0.8339020309797746
LinInterp,MNAR_ValueDependent,MNAR,10,501,0.7972952699351943,0.3494444825468168,,0.8385023892802905
LOCF,MNAR_ValueDependent,MNAR,20,501,0.8826437896966323,0.3998896032412907,,0.8004916313555188
LinInterp,MNAR_ValueDependent,MNAR,20,501,0.8242512039030836,0.3954146729248822,,0.8260159812761247
LOCF,MNAR_ValueDependent,MNAR,30,501,0.906840730689838,0.427560993148712,,0.7821125978151663
LinInterp,MNAR_ValueDependent,MNAR,30,501,0.837200187307182,0.4053820885741359,,0.8142928101671314
LOCF,MNAR_RangeLimitation,MNAR,10,501,0.8211707342187299,0.4718050323673917,,0.8041304736888665
LinInterp,MNAR_RangeLimitation,MNAR,10,501,0.8999789396322558,0.5433842206912742,,0.7647310359855709
LOCF,MNAR_RangeLimitation,MNAR,20,501,1.2430132542075627,0.7681168453265218,,0.4767117000006371
LinInterp,MNAR_RangeLimitation,MNAR,20,501,1.3001633469848988,0.8450066831234243,,0.4274870128698037
LOCF,MNAR_RangeLimitation,MNAR,30,501,1.0908608587702866,0.6718643656210924,,0.535794817097905
LinInterp,MNAR_RangeLimitation,MNAR,30,501,1.1634394129567631,0.7493277949033874,,0.4719697407763142
LOCF,MCAR_RandomSensorFailures,MCAR,10,502,0.7106227001918063,0.3865228129741022,,0.489671404324229
LinInterp,MCAR_RandomSensorFailures,MCAR,10,502,0.4997360323334994,0.2751900040444713,,0.7476210786028572
LOCF,MCAR_RandomSensorFailures,MCAR,20,502,0.7731629648919368,0.4168216361136593,,0.3787488620971366
LinInterp,MCAR_RandomSensorFailures,MCAR,20,502,0.5374220024100866,0.2967070834320205,,0.699837801868022
LOCF,MCAR_RandomSensorFailures,MCAR,30,502,0.8053412592182189,0.4477016589986314,,0.3124799865578435
LinInterp,MCAR_RandomSensorFailures,MCAR,30,502,0.5498910411510635,0.3120223671527451,,0.6794625819223251
LOCF,MCAR_ConnectionIssues,MCAR,10,502,0.586052049375295,0.3174367079816201,,0.4166149641583951
LinInterp,MCAR_ConnectionIssues,MCAR,10,502,0.5183679934418134,0.2887844443909416,,0.543585678311568
LOCF,MCAR_ConnectionIssues,MCAR,20,502,0.5917820243046815,0.3206035979045916,,0.5207581089141119
LinInterp,MCAR_ConnectionIssues,MCAR,20,502,0.4521793658527479,0.2482687719337821,,0.7201967749487213
LOCF,MCAR_ConnectionIssues,MCAR,30,502,0.575959875681189,0.3224751296132486,,0.5615253634222195
LinInterp,MCAR_ConnectionIssues,MCAR,30,502,0.4401147694557069,0.2485780954038582,,0.743969382236342
LOCF,MAR_ActivityDependent,MAR,10,502,0.4982988905701646,0.2305423895969924,,0.7365316963000142
LinInterp,MAR_ActivityDependent,MAR,10,502,0.3892050379926743,0.1790995666847175,,0.8392668553973299
LOCF,MAR_ActivityDependent,MAR,20,502,0.5821963966319424,0.2663056076798821,,0.6515072530357686
LinInterp,MAR_ActivityDependent,MAR,20,502,0.4419259634625643,0.2118502839518429,,0.7992046032832456
LOCF,MAR_ActivityDependent,MAR,30,502,0.5821963966319424,0.2663056076798821,,0.6515072530357686
LinInterp,MAR_ActivityDependent,MAR,30,502,0.4419259634625643,0.2118502839518429,,0.7992046032832456
LOCF,MAR_BatteryDepletion,MAR,10,502,0.9383019369730724,0.5984643612991934,,-0.5786325410862716
LinInterp,MAR_BatteryDepletion,MAR,10,502,0.9383019369730724,0.5984643612991934,,-0.5786325410862716
LOCF,MAR_BatteryDepletion,MAR,20,502,0.7784318726215483,0.5008617983695124,,-0.1018869342085904
LinInterp,MAR_BatteryDepletion,MAR,20,502,0.7784318726215483,0.5008617983695124,,-0.1018869342085904
LOCF,MAR_BatteryDepletion,MAR,30,502,0.8488713873501037,0.5451586993541941,,-0.2066734650638098
LinInterp,MAR_BatteryDepletion,MAR,30,502,0.8488713873501037,0.5451586993541941,,-0.2066734650638098
LOCF,MNAR_ValueDependent,MNAR,10,502,0.7787168263436507,0.3871889074421173,,0.6330253855069627
LinInterp,MNAR_ValueDependent,MNAR,10,502,0.6748114861571975,0.3267887442455842,,0.7244237173343173
LOCF,MNAR_ValueDependent,MNAR,20,502,0.7551559314771497,0.3839934935820709,,0.6843305405473765
LinInterp,MNAR_ValueDependent,MNAR,20,502,0.6967438145475633,0.3508007494307376,,0.731276569884789
LOCF,MNAR_ValueDependent,MNAR,30,502,0.74585540190371,0.3948236715095316,,0.684632793202955
LinInterp,MNAR_ValueDependent,MNAR,30,502,0.6766702541590977,0.3587735690711097,,0.7404258598887961
LOCF,MNAR_RangeLimitation,MNAR,10,502,0.8182869064301089,0.45845491543875,,0.7416673927928734
LinInterp,MNAR_RangeLimitation,MNAR,10,502,0.8749219188541034,0.5404633344937543,,0.7046706452035592
LOCF,MNAR_RangeLimitation,MNAR,20,502,1.0437408149125087,0.6660936917711596,,0.513834746084272
LinInterp,MNAR_RangeLimitation,MNAR,20,502,1.0602745386411598,0.7030376056503339,,0.498310226678299
LOCF,MNAR_RangeLimitation,MNAR,30,502,0.968224059008334,0.6104723567898442,,0.4888157431780147
LinInterp,MNAR_RangeLimitation,MNAR,30,502,0.9871097600129476,0.6506247775603613,,0.4686794395286912
LOCF,MCAR_RandomSensorFailures,MCAR,10,503,0.5968818203540613,0.329283981599036,,0.7517073255038644
LinInterp,MCAR_RandomSensorFailures,MCAR,10,503,0.4387693128839285,0.2490426412610172,,0.8658286791539679
LOCF,MCAR_RandomSensorFailures,MCAR,20,503,0.500016542172235,0.2666321542509898,,0.8278150105210172
LinInterp,MCAR_RandomSensorFailures,MCAR,20,503,0.4601254708016355,0.2410811528584816,,0.8541927586815353
LOCF,MCAR_RandomSensorFailures,MCAR,30,503,0.5975136063680636,0.3100738512988495,,0.7499399563405805
LinInterp,MCAR_RandomSensorFailures,MCAR,30,503,0.5767594549124225,0.3105076795986427,,0.7670095343092267
LOCF,MCAR_ConnectionIssues,MCAR,10,503,0.4208844603293523,0.2368072056806769,,0.8345451846804927
LinInterp,MCAR_ConnectionIssues,MCAR,10,503,0.4067014787804661,0.2142066287680647,,0.845508307256193
LOCF,MCAR_ConnectionIssues,MCAR,20,503,0.5378242055999692,0.2729669187501278,,0.7806423910357521
LinInterp,MCAR_ConnectionIssues,MCAR,20,503,0.4200169028690087,0.2202098847666903,,0.8662155766185362
LOCF,MCAR_ConnectionIssues,MCAR,30,503,0.6182827321394809,0.3115111688955558,,0.7111756614459822
LinInterp,MCAR_ConnectionIssues,MCAR,30,503,0.5004901029933528,0.2674273463474697,,0.8107436149486711
LOCF,MAR_ActivityDependent,MAR,10,503,0.4340104830514219,0.186227021828878,,0.835130121405849
LinInterp,MAR_ActivityDependent,MAR,10,503,0.3778660628951301,0.1680656902644318,,0.8750268673601961
LOCF,MAR_ActivityDependent,MAR,20,503,0.5564114364236039,0.2381281610713353,,0.7283753011559295
LinInterp,MAR_ActivityDependent,MAR,20,503,0.4491163980941889,0.2003470525396961,,0.8230319006151692
LOCF,MAR_ActivityDependent,MAR,30,503,0.5564114364236039,0.2381281610713353,,0.7283753011559295
LinInterp,MAR_ActivityDependent,MAR,30,503,0.4491163980941889,0.2003470525396961,,0.8230319006151692
LOCF,MAR_BatteryDepletion,MAR,10,503,0.7746480108641887,0.4540121437054805,,-0.4798456176844559
LinInterp,MAR_BatteryDepletion,MAR,10,503,0.7746480108641887,0.4540121437054805,,-0.4798456176844559
LOCF,MAR_BatteryDepletion,MAR,20,503,1.5310511476939592,0.956023291425141,,-1.2376882003839196
LinInterp,MAR_BatteryDepletion,MAR,20,503,1.5310511476939592,0.956023291425141,,-1.2376882003839196
LOCF,MAR_BatteryDepletion,MAR,30,503,1.347669449056823,0.8400894210261729,,-0.2925686870109936
LinInterp,MAR_BatteryDepletion,MAR,30,503,1.347669449056823,0.8400894210261729,,-0.2925686870109936
LOCF,MNAR_ValueDependent,MNAR,10,503,0.5897773562198614,0.2696825312611825,,0.8565027204162693
LinInterp,MNAR_ValueDependent,MNAR,10,503,0.4960227960340695,0.2307954678440435,,0.8984988994213741
LOCF,MNAR_ValueDependent,MNAR,20,503,0.6154295213699211,0.2708259801182525,,0.8442676630161421
LinInterp,MNAR_ValueDependent,MNAR,20,503,0.5468731449292638,0.254602080600334,,0.8770310838190846
LOCF,MNAR_ValueDependent,MNAR,30,503,0.6308410597149846,0.279372999259677,,0.8385255400058519
LinInterp,MNAR_ValueDependent,MNAR,30,503,0.572996643477597,0.2659948659907047,,0.8667804103736427
LOCF,MNAR_RangeLimitation,MNAR,10,503,0.8927409508204271,0.4665261200484311,,0.733474855973473
LinInterp,MNAR_RangeLimitation,MNAR,10,503,0.79249752136481,0.4580146482883981,,0.7899691458951709
LOCF,MNAR_RangeLimitation,MNAR,20,503,0.8881668130116741,0.4875516435133325,,0.6998566750578772
LinInterp,MNAR_RangeLimitation,MNAR,20,503,0.8181438582514842,0.4761492174199399,,0.7453175872792601
LOCF,MNAR_RangeLimitation,MNAR,30,503,1.1115430401052149,0.6412417169034297,,0.4869845742822207
LinInterp,MNAR_RangeLimitation,MNAR,30,503,1.103542506507779,0.6562282679361482,,0.4943430407179223
LOCF,MCAR_RandomSensorFailures,MCAR,10,504,0.5356181905602001,0.2590084038462976,,0.6483242379140692
LinInterp,MCAR_RandomSensorFailures,MCAR,10,504,0.4873940137337617,0.2528212465698164,,0.7087994554287185
LOCF,MCAR_RandomSensorFailures,MCAR,20,504,0.6707761611717605,0.3496577870333512,,0.5127792290476456
LinInterp,MCAR_RandomSensorFailures,MCAR,20,504,0.5180032265465749,0.277308491316241,,0.7094402287403325
LOCF,MCAR_RandomSensorFailures,MCAR,30,504,0.6986109247127084,0.3733152150824876,,0.466379781908097
LinInterp,MCAR_RandomSensorFailures,MCAR,30,504,0.515029429733087,0.2843084176801809,,0.7099815529047517
LOCF,MCAR_ConnectionIssues,MCAR,10,504,0.6588979275484762,0.3424018672997695,,0.6134967506559407
LinInterp,MCAR_ConnectionIssues,MCAR,10,504,0.6641378359000685,0.3576436611305951,,0.6073249464332282
LOCF,MCAR_ConnectionIssues,MCAR,20,504,0.7831438533240365,0.4506195402697523,,0.3323378870428281
LinInterp,MCAR_ConnectionIssues,MCAR,20,504,0.6225886959454018,0.369415783653031,,0.5780353130849444
LOCF,MCAR_ConnectionIssues,MCAR,30,504,0.7093905249484527,0.3904809013152464,,0.4372215989988033
LinInterp,MCAR_ConnectionIssues,MCAR,30,504,0.5494367774021135,0.310194732328769,,0.6624002574901344
LOCF,MAR_ActivityDependent,MAR,10,504,0.4353296394189011,0.2261261466915141,,0.7587884895395685
LinInterp,MAR_ActivityDependent,MAR,10,504,0.3900365529281329,0.204188216826154,,0.8063702105791886
LOCF,MAR_ActivityDependent,MAR,20,504,0.4599247314595073,0.2424042902831701,,0.7366150830568818
LinInterp,MAR_ActivityDependent,MAR,20,504,0.4119718784331481,0.217830253613852,,0.7886742020703235
LOCF,MAR_ActivityDependent,MAR,30,504,0.4599247314595073,0.2424042902831701,,0.7366150830568818
LinInterp,MAR_ActivityDependent,MAR,30,504,0.4119718784331481,0.217830253613852,,0.7886742020703235
LOCF,MAR_BatteryDepletion,MAR,10,504,1.101141975293337,0.7001548081468486,,-0.3379351431100408
LinInterp,MAR_BatteryDepletion,MAR,10,504,1.101141975293337,0.7001548081468486,,-0.3379351431100408
LOCF,MAR_BatteryDepletion,MAR,20,504,1.166504997195168,0.7824625701826315,,-0.5445416403135979
LinInterp,MAR_BatteryDepletion,MAR,20,504,1.166504997195168,0.7824625701826315,,-0.5445416403135979
LOCF,MAR_BatteryDepletion,MAR,30,504,1.0914724488069854,0.6831207866194918,,-0.3349976387698474
LinInterp,MAR_BatteryDepletion,MAR,30,504,1.0914724488069854,0.6831207866194918,,-0.3349976387698474
LOCF,MNAR_ValueDependent,MNAR,10,504,0.6286058087601991,0.3331352062482355,,0.7644001815169809
LinInterp,MNAR_ValueDependent,MNAR,10,504,0.5521480051033117,0.2978493706483784,,0.8182270788351095
LOCF,MNAR_ValueDependent,MNAR,20,504,0.6648610502322256,0.3426008332533393,,0.7346575678827937
LinInterp,MNAR_ValueDependent,MNAR,20,504,0.599337512857027,0.3067719055671764,,0.784380593883746
LOCF,MNAR_ValueDependent,MNAR,30,504,0.6425961146897325,0.3511701162597084,,0.7372429033332843
LinInterp,MNAR_ValueDependent,MNAR,30,504,0.5698279193192634,0.3159668610231246,,0.7933831614795441
LOCF,MNAR_RangeLimitation,MNAR,10,504,1.157890922997611,0.6155680584112618,,0.4598220752887898
LinInterp,MNAR_RangeLimitation,MNAR,10,504,1.1272470980151257,0.6376932581346216,,0.4880355738162427
LOCF,MNAR_RangeLimitation,MNAR,20,504,1.018039465207958,0.5788213845409862,,0.4659811850007066
LinInterp,MNAR_RangeLimitation,MNAR,20,504,1.0145832771608785,0.6209669817565023,,0.4696009591550665
LOCF,MNAR_RangeLimitation,MNAR,30,504,0.9314774819730384,0.5481508084656435,,0.4820480640912652
LinInterp,MNAR_RangeLimitation,MNAR,30,504,0.9341962085789836,0.574072490486433,,0.4790201331619428
LOCF,MCAR_RandomSensorFailures,MCAR,10,505,0.7438043021107222,0.3750000677772033,,0.4043084634633045
LinInterp,MCAR_RandomSensorFailures,MCAR,10,505,0.5925198141439494,0.3258339595558276,,0.6219843207883933
LOCF,MCAR_RandomSensorFailures,MCAR,20,505,0.7803509223838346,0.3914832669028296,,0.3298571318657823
LinInterp,MCAR_RandomSensorFailures,MCAR,20,505,0.5791070098639526,0.3117733246366386,,0.6309330567894447
LOCF,MCAR_RandomSensorFailures,MCAR,30,505,0.74664334261409,0.3864550740813595,,0.3807212382168606
LinInterp,MCAR_RandomSensorFailures,MCAR,30,505,0.6033353473692767,0.3284355673440908,,0.5956314863321626
LOCF,MCAR_ConnectionIssues,MCAR,10,505,0.7222780007037174,0.3459771089058319,,0.501308861630177
LinInterp,MCAR_ConnectionIssues,MCAR,10,505,0.5661873307023532,0.268064501970015,,0.6935616107979458
LOCF,MCAR_ConnectionIssues,MCAR,20,505,0.8841983385582796,0.4691405772071004,,0.2465652564982121
LinInterp,MCAR_ConnectionIssues,MCAR,20,505,0.6559383903575713,0.3386552113133784,,0.5853588945669466
LOCF,MCAR_ConnectionIssues,MCAR,30,505,0.8235945413104544,0.4512652056886272,,0.2355327433104652
LinInterp,MCAR_ConnectionIssues,MCAR,30,505,0.6347396810891744,0.3351279837382442,,0.5459295202367934
LOCF,MAR_ActivityDependent,MAR,10,505,0.592375217635488,0.229212191549691,,0.59036779606011
LinInterp,MAR_ActivityDependent,MAR,10,505,0.4899357924290399,0.193387874191249,,0.7197932029419093
LOCF,MAR_ActivityDependent,MAR,20,505,0.6058672714998902,0.246111188473327,,0.5760809189124798
LinInterp,MAR_ActivityDependent,MAR,20,505,0.522033977004857,0.211098864521528,,0.6852791467284081
LOCF,MAR_ActivityDependent,MAR,30,505,0.6058672714998902,0.246111188473327,,0.5760809189124798
LinInterp,MAR_ActivityDependent,MAR,30,505,0.522033977004857,0.211098864521528,,0.6852791467284081
LOCF,MAR_BatteryDepletion,MAR,10,505,0.7390419266147623,0.4517044677240169,,-0.2290700927194304
LinInterp,MAR_BatteryDepletion,MAR,10,505,0.7390419266147623,0.4517044677240169,,-0.2290700927194304
LOCF,MAR_BatteryDepletion,MAR,20,505,0.6521879054163395,0.4052284395941938,,-0.0119087697311002
LinInterp,MAR_BatteryDepletion,MAR,20,505,0.6521879054163395,0.4052284395941938,,-0.0119087697311002
LOCF,MAR_BatteryDepletion,MAR,30,505,1.097329234135466,0.7380671771051904,,-1.5560775374127265
LinInterp,MAR_BatteryDepletion,MAR,30,505,1.097329234135466,0.7380671771051904,,-1.5560775374127265
LOCF,MNAR_ValueDependent,MNAR,10,505,0.6349572573927543,0.2688390451257559,,0.7486709955343454
LinInterp,MNAR_ValueDependent,MNAR,10,505,0.7257106745504358,0.3116476728156094,,0.6716926160604454
LOCF,MNAR_ValueDependent,MNAR,20,505,0.910986423776947,0.3636010680787181,,0.537468757601238
LinInterp,MNAR_ValueDependent,MNAR,20,505,0.8148337908889569,0.3468600849763021,,0.629954331510337
LOCF,MNAR_ValueDependent,MNAR,30,505,0.9012919813786266,0.3912550908868359,,0.5423197480561028
LinInterp,MNAR_ValueDependent,MNAR,30,505,0.824637574006713,0.3725751614476195,,0.6168600856811912
LOCF,MNAR_RangeLimitation,MNAR,10,505,1.0156665957730862,0.491810118970876,,0.4971503180080099
LinInterp,MNAR_RangeLimitation,MNAR,10,505,0.943852013002354,0.5013398810673492,,0.5657461732588369
LOCF,MNAR_RangeLimitation,MNAR,20,505,0.8639846533167914,0.4434493492790182,,0.5710387416523932
LinInterp,MNAR_RangeLimitation,MNAR,20,505,0.8312752449458853,0.4802259095107246,,0.6029038200815808
LOCF,MNAR_RangeLimitation,MNAR,30,505,0.8693129627799425,0.5082876829776151,,0.4988958493909968
LinInterp,MNAR_RangeLimitation,MNAR,30,505,0.8510632358593063,0.5299732918577679,,0.5197146393885133
LOCF,MCAR_RandomSensorFailures,MCAR,10,506,0.3949261240770378,0.2064601168642373,,0.8286307346551431
LinInterp,MCAR_RandomSensorFailures,MCAR,10,506,0.3730846698441178,0.1962300691862417,,0.847061784929059
LOCF,MCAR_RandomSensorFailures,MCAR,20,506,0.5003188830783195,0.2603106999155335,,0.7561512169771145
LinInterp,MCAR_RandomSensorFailures,MCAR,20,506,0.4478295140983411,0.2353189388042948,,0.8046325408725933
LOCF,MCAR_RandomSensorFailures,MCAR,30,506,0.5835733061701822,0.3142380558480356,,0.6648575375079234
LinInterp,MCAR_RandomSensorFailures,MCAR,30,506,0.503877190636616,0.2730711508063759,,0.7501450150680296
LOCF,MCAR_ConnectionIssues,MCAR,10,506,0.6671201625907126,0.4010265408313103,,0.46742111220627
LinInterp,MCAR_ConnectionIssues,MCAR,10,506,0.4535977865638002,0.2833482086803715,,0.7537832092427219
LOCF,MCAR_ConnectionIssues,MCAR,20,506,0.5235157498634749,0.2831570591246586,,0.7306523907693607
LinInterp,MCAR_ConnectionIssues,MCAR,20,506,0.4537636418663562,0.251060096007128,,0.7976454328534903
LOCF,MCAR_ConnectionIssues,MCAR,30,506,0.6056303396824649,0.3208546572874542,,0.6475427651104575
LinInterp,MCAR_ConnectionIssues,MCAR,30,506,0.4562302178165632,0.256639940978599,,0.7999865152381365
LOCF,MAR_ActivityDependent,MAR,10,506,0.4249793032873892,0.2016416432693282,,0.8360473302950695
LinInterp,MAR_ActivityDependent,MAR,10,506,0.3547890036624141,0.1703641833916054,,0.8857323662488569
LOCF,MAR_ActivityDependent,MAR,20,506,0.4372932459316721,0.2058532951619536,,0.8227095255197281
LinInterp,MAR_ActivityDependent,MAR,20,506,0.3673010137114526,0.1770507080943157,,0.8749210816472494
LOCF,MAR_ActivityDependent,MAR,30,506,0.4372932459316721,0.2058532951619536,,0.8227095255197281
LinInterp,MAR_ActivityDependent,MAR,30,506,0.3673010137114526,0.1770507080943157,,0.8749210816472494
LOCF,MAR_BatteryDepletion,MAR,10,506,1.0089914274752758,0.6659422743682477,,-0.8916839846531319
LinInterp,MAR_BatteryDepletion,MAR,10,506,1.0089914274752758,0.6659422743682477,,-0.8916839846531319
LOCF,MAR_BatteryDepletion,MAR,20,506,0.9704317375999496,0.5900726962092856,,-0.3631289672274087
LinInterp,MAR_BatteryDepletion,MAR,20,506,0.9704317375999496,0.5900726962092856,,-0.3631289672274087
LOCF,MAR_BatteryDepletion,MAR,30,506,0.6887217697919209,0.4178343802377441,,0.3416314804519725
LinInterp,MAR_BatteryDepletion,MAR,30,506,0.6887217697919209,0.4178343802377441,,0.3416314804519725
LOCF,MNAR_ValueDependent,MNAR,10,506,0.4321485548310489,0.2606751331889292,,0.9120220169787576
LinInterp,MNAR_ValueDependent,MNAR,10,506,0.4097563728951044,0.2465768899131517,,0.9209031287690206
LOCF,MNAR_ValueDependent,MNAR,20,506,0.4812784032257303,0.266351483337374,,0.891167016270574
LinInterp,MNAR_ValueDependent,MNAR,20,506,0.5127070204418791,0.2713095193818369,,0.8764888069176913
LOCF,MNAR_ValueDependent,MNAR,30,506,0.5282220724204618,0.2927476137093227,,0.862762626833492
LinInterp,MNAR_ValueDependent,MNAR,30,506,0.5344242981440644,0.2965252907832826,,0.8595209058045636
LOCF,MNAR_RangeLimitation,MNAR,10,506,0.6481122197433447,0.3750348858155277,,0.8222169399578978
LinInterp,MNAR_RangeLimitation,MNAR,10,506,0.6448864857215323,0.3927190885735996,,0.8239822321574445
LOCF,MNAR_RangeLimitation,MNAR,20,506,0.9117139213800322,0.4981290859119837,,0.61797761183692
LinInterp,MNAR_RangeLimitation,MNAR,20,506,0.9177845611540538,0.5236320080872096,,0.6128732887121295
LOCF,MNAR_RangeLimitation,MNAR,30,506,0.8135336818769139,0.4641567577507163,,0.6529716125361745
LinInterp,MNAR_RangeLimitation,MNAR,30,506,0.8320433103094365,0.4969398642224849,,0.6370006962624719
LOCF,MCAR_RandomSensorFailures,MCAR,10,507,0.6233245233972357,0.3515716970090642,,0.5874201647125805
LinInterp,MCAR_RandomSensorFailures,MCAR,10,507,0.5430530894633498,0.3007062744597261,,0.6868415402036825
LOCF,MCAR_RandomSensorFailures,MCAR,20,507,0.6075203391708635,0.3251135677214852,,0.5996249076554887
LinInterp,MCAR_RandomSensorFailures,MCAR,20,507,0.5167154486901099,0.2782673942985115,,0.7103668285510879
LOCF,MCAR_RandomSensorFailures,MCAR,30,507,0.611066174728451,0.3242418979257066,,0.5949379531509114
LinInterp,MCAR_RandomSensorFailures,MCAR,30,507,0.4875054390995764,0.2553192251905039,,0.7421874850186572
LOCF,MCAR_ConnectionIssues,MCAR,10,507,0.7799017956656914,0.4222274461882798,,0.2464804677353643
LinInterp,MCAR_ConnectionIssues,MCAR,10,507,0.5297430182290792,0.2793380105753825,,0.6523476599283669
LOCF,MCAR_ConnectionIssues,MCAR,20,507,0.5869562214060062,0.3131240145017594,,0.5794990389346111
LinInterp,MCAR_ConnectionIssues,MCAR,20,507,0.4897199800345738,0.2470125791177268,,0.7072807940119847
LOCF,MCAR_ConnectionIssues,MCAR,30,507,0.5666465907169509,0.3065584276286295,,0.6356081070476248
LinInterp,MCAR_ConnectionIssues,MCAR,30,507,0.4628896175838757,0.2491336385162688,,0.7568361417920211
LOCF,MAR_ActivityDependent,MAR,10,507,0.5361791923723797,0.2522015405789019,,0.7163038516786093
LinInterp,MAR_ActivityDependent,MAR,10,507,0.5369602601364343,0.2376870413481693,,0.7154767128611882
LOCF,MAR_ActivityDependent,MAR,20,507,0.5657861166391099,0.261104564309464,,0.686776304830775
LinInterp,MAR_ActivityDependent,MAR,20,507,0.507118325963189,0.2401856177557524,,0.7483663912084808
LOCF,MAR_ActivityDependent,MAR,30,507,0.5657861166391099,0.261104564309464,,0.686776304830775
LinInterp,MAR_ActivityDependent,MAR,30,507,0.507118325963189,0.2401856177557524,,0.7483663912084808
LOCF,MAR_BatteryDepletion,MAR,10,507,0.8458583590611649,0.4418563648300745,,-0.2619340846120948
LinInterp,MAR_BatteryDepletion,MAR,10,507,0.8458583590611649,0.4418563648300745,,-0.2619340846120948
LOCF,MAR_BatteryDepletion,MAR,20,507,0.8779874559194182,0.601400103323077,,-0.2720606883280989
LinInterp,MAR_BatteryDepletion,MAR,20,507,0.8779874559194182,0.601400103323077,,-0.2720606883280989
LOCF,MAR_BatteryDepletion,MAR,30,507,0.8458615350430512,0.5426821187686198,,-0.1948963510656525
LinInterp,MAR_BatteryDepletion,MAR,30,507,0.8458615350430512,0.5426821187686198,,-0.1948963510656525
LOCF,MNAR_ValueDependent,MNAR,10,507,0.8846855705807656,0.4129587421552077,,0.6873203358747999
LinInterp,MNAR_ValueDependent,MNAR,10,507,0.7499275231586151,0.3650154106575595,,0.7753221108916535
LOCF,MNAR_ValueDependent,MNAR,20,507,0.9182757668430912,0.4483668963636693,,0.6710836789410214
LinInterp,MNAR_ValueDependent,MNAR,20,507,0.791137944128145,0.3983613278193972,,0.7558573772109209
LOCF,MNAR_ValueDependent,MNAR,30,507,0.9749904708053247,0.5018958989227279,,0.6292598318740479
LinInterp,MNAR_ValueDependent,MNAR,30,507,0.8617486564168004,0.4661957062804406,,0.710378945613753
LOCF,MNAR_RangeLimitation,MNAR,10,507,0.9081540436892293,0.5120126685376467,,0.6717640145940643
LinInterp,MNAR_RangeLimitation,MNAR,10,507,0.950222661075372,0.5589539332802894,,0.6406497785699312
LOCF,MNAR_RangeLimitation,MNAR,20,507,0.9633017397217486,0.5888087150313841,,0.5501543017041814
LinInterp,MNAR_RangeLimitation,MNAR,20,507,1.0037520802314517,0.6446438282558669,,0.5115818443889455
LOCF,MNAR_RangeLimitation,MNAR,30,507,0.9545124318295024,0.5983743416589509,,0.4766628753908093
LinInterp,MNAR_RangeLimitation,MNAR,30,507,0.9981779033491176,0.6568130464647638,,0.4276861328589046
LOCF,MCAR_RandomSensorFailures,MCAR,10,508,0.6948534003685796,0.3640563688483169,,0.3587648917978412
LinInterp,MCAR_RandomSensorFailures,MCAR,10,508,0.5512574214780975,0.2849435417288228,,0.5964105391455267
LOCF,MCAR_RandomSensorFailures,MCAR,20,508,0.6971569099652114,0.3837443167709977,,0.3018018834566017
LinInterp,MCAR_RandomSensorFailures,MCAR,20,508,0.5058515272579754,0.2866902730438536,,0.6324099634339846
LOCF,MCAR_RandomSensorFailures,MCAR,30,508,0.8051857740634784,0.4606763777929192,,0.1180182134691616
LinInterp,MCAR_RandomSensorFailures,MCAR,30,508,0.5905560630292608,0.3423504154320666,,0.525550825240483
LOCF,MCAR_ConnectionIssues,MCAR,10,508,0.6484050845266207,0.3842085403269918,,0.4475820472734527
LinInterp,MCAR_ConnectionIssues,MCAR,10,508,0.4897334473789877,0.2807035179543935,,0.6848665582110616
LOCF,MCAR_ConnectionIssues,MCAR,20,508,0.614445415349566,0.3344843891185084,,0.5377412806602896
LinInterp,MCAR_ConnectionIssues,MCAR,20,508,0.4914819482096418,0.2682814929809907,,0.7042439496800366
LOCF,MCAR_ConnectionIssues,MCAR,30,508,0.6120325921861548,0.336143432473221,,0.5384901408349229
LinInterp,MCAR_ConnectionIssues,MCAR,30,508,0.488614274919437,0.2709437683341907,,0.7058531615580004
LOCF,MAR_ActivityDependent,MAR,10,508,0.3351292895470859,0.172954778011756,,0.8755439081404431
LinInterp,MAR_ActivityDependent,MAR,10,508,0.3141800749798633,0.152165526317539,,0.8906172933835073
LOCF,MAR_ActivityDependent,MAR,20,508,0.4108412636731717,0.2028396209268387,,0.8171037242599788
LinInterp,MAR_ActivityDependent,MAR,20,508,0.3707572787690974,0.1768363439219346,,0.8510515043470112
LOCF,MAR_ActivityDependent,MAR,30,508,0.4108412636731717,0.2028396209268387,,0.8171037242599788
LinInterp,MAR_ActivityDependent,MAR,30,508,0.3707572787690974,0.1768363439219346,,0.8510515043470112
LOCF,MAR_BatteryDepletion,MAR,10,508,0.7136695659433177,0.3940896012844915,,-0.4371032720820322
LinInterp,MAR_BatteryDepletion,MAR,10,508,0.7136695659433177,0.3940896012844915,,-0.4371032720820322
LOCF,MAR_BatteryDepletion,MAR,20,508,0.5656621572442129,0.3815984143024029,,0.1012481988541453
LinInterp,MAR_BatteryDepletion,MAR,20,508,0.5656621572442129,0.3815984143024029,,0.1012481988541453
LOCF,MAR_BatteryDepletion,MAR,30,508,0.7516410921034654,0.4515348080276097,,-0.4509779477038751
LinInterp,MAR_BatteryDepletion,MAR,30,508,0.7516410921034654,0.4515348080276097,,-0.4509779477038751
LOCF,MNAR_ValueDependent,MNAR,10,508,0.710436941596729,0.3650116926863922,,0.71376432669198
LinInterp,MNAR_ValueDependent,MNAR,10,508,0.6779670318347797,0.3414273266021773,,0.7393307288546618
LOCF,MNAR_ValueDependent,MNAR,20,508,0.6879296350787278,0.362508227388159,,0.7445472663991161
LinInterp,MNAR_ValueDependent,MNAR,20,508,0.6793165792677808,0.3462127286735533,,0.7509038901757732
LOCF,MNAR_ValueDependent,MNAR,30,508,0.8367881508662489,0.4245671336082486,,0.6224836799749582
LinInterp,MNAR_ValueDependent,MNAR,30,508,0.7933520787486764,0.4019969840267599,,0.6606587812687579
LOCF,MNAR_RangeLimitation,MNAR,10,508,0.9050046927653238,0.5056016922710959,,0.6416721295249086
LinInterp,MNAR_RangeLimitation,MNAR,10,508,0.8914816283382333,0.516194208749589,,0.6523007759038284
LOCF,MNAR_RangeLimitation,MNAR,20,508,0.8389506662748819,0.5214796812904774,,0.6109836599423085
LinInterp,MNAR_RangeLimitation,MNAR,20,508,0.8903148043908824,0.5864638690859585,,0.5618909877751137
LOCF,MNAR_RangeLimitation,MNAR,30,508,0.9213216225670507,0.5767477430412867,,0.449499205746376
LinInterp,MNAR_RangeLimitation,MNAR,30,508,0.9199865628108804,0.5870323677663517,,0.4510934784520473
LOCF,MCAR_RandomSensorFailures,MCAR,10,509,0.7230900657014423,0.3836598846858053,,0.7917282235447916
LinInterp,MCAR_RandomSensorFailures,MCAR,10,509,0.5737611021853517,0.3204721025239138,,0.8688682564249699
LOCF,MCAR_RandomSensorFailures,MCAR,20,509,0.8670585333454671,0.4230725616273538,,0.6892959870753659
LinInterp,MCAR_RandomSensorFailures,MCAR,20,509,0.6126843952231549,0.316126914404689,,0.844860042809541
LOCF,MCAR_RandomSensorFailures,MCAR,30,509,0.8434638573368345,0.4044295239425922,,0.7055739451341572
LinInterp,MCAR_RandomSensorFailures,MCAR,30,509,0.603431325224099,0.3204608688205992,,0.8493049498943828
LOCF,MCAR_ConnectionIssues,MCAR,10,509,0.9803746717106606,0.5639858640920798,,0.527854907243997
LinInterp,MCAR_ConnectionIssues,MCAR,10,509,0.6417958963219691,0.3947965509497241,,0.797658396769562
LOCF,MCAR_ConnectionIssues,MCAR,20,509,0.73628087477864,0.4162795099439173,,0.7257755853333031
LinInterp,MCAR_ConnectionIssues,MCAR,20,509,0.5123263333094739,0.2949531613500005,,0.867226184155396
LOCF,MCAR_ConnectionIssues,MCAR,30,509,0.7742142073607275,0.435874354123582,,0.698283798576637
LinInterp,MCAR_ConnectionIssues,MCAR,30,509,0.5414501826087665,0.3152241571425601,,0.8524316004819632
LOCF,MAR_ActivityDependent,MAR,10,509,0.4962864646585099,0.2367107173270024,,0.8484741575378232
LinInterp,MAR_ActivityDependent,MAR,10,509,0.4024562017330126,0.1949454609712093,,0.900354178003406
LOCF,MAR_ActivityDependent,MAR,20,509,0.5113235914820345,0.2482578140663257,,0.8368159204942958
LinInterp,MAR_ActivityDependent,MAR,20,509,0.4311265145827379,0.2157702983138038,,0.8839899561839982
LOCF,MAR_ActivityDependent,MAR,30,509,0.5113235914820345,0.2482578140663257,,0.8368159204942958
LinInterp,MAR_ActivityDependent,MAR,30,509,0.4311265145827379,0.2157702983138038,,0.8839899561839982
LOCF,MAR_BatteryDepletion,MAR,10,509,1.1686609347674344,0.6560820302139814,,0.20999175590789
LinInterp,MAR_BatteryDepletion,MAR,10,509,1.1686609347674344,0.6560820302139814,,0.20999175590789
LOCF,MAR_BatteryDepletion,MAR,20,509,1.0186470165830417,0.5856293176805424,,0.4856629381484408
LinInterp,MAR_BatteryDepletion,MAR,20,509,1.0186470165830417,0.5856293176805424,,0.4856629381484408
LOCF,MAR_BatteryDepletion,MAR,30,509,0.8469470163213482,0.4799211548154586,,0.6567887836750277
LinInterp,MAR_BatteryDepletion,MAR,30,509,0.8469470163213482,0.4799211548154586,,0.6567887836750277
LOCF,MNAR_ValueDependent,MNAR,10,509,0.7183574134276096,0.339566371271114,,0.865600153869234
LinInterp,MNAR_ValueDependent,MNAR,10,509,0.6263280480570632,0.2916879285156269,,0.8978304838552991
LOCF,MNAR_ValueDependent,MNAR,20,509,0.8221610723970567,0.391685477502755,,0.8224208592740695
LinInterp,MNAR_ValueDependent,MNAR,20,509,0.7088543667548878,0.3556811298109958,,0.867994456859503
LOCF,MNAR_ValueDependent,MNAR,30,509,0.7739824841397841,0.3762932985749043,,0.8428684258045609
LinInterp,MNAR_ValueDependent,MNAR,30,509,0.7112906501932339,0.377428244467727,,0.8672925217260388
LOCF,MNAR_RangeLimitation,MNAR,10,509,0.7647499146871302,0.4325578321315824,,0.8594675795681311
LinInterp,MNAR_RangeLimitation,MNAR,10,509,0.7738377764451675,0.4781830035028654,,0.8561077161931538
LOCF,MNAR_RangeLimitation,MNAR,20,509,0.8864627819639852,0.527930713026723,,0.7898818140035118
LinInterp,MNAR_RangeLimitation,MNAR,20,509,0.879600193784126,0.602869694447611,,0.7931224985159335
LOCF,MNAR_RangeLimitation,MNAR,30,509,0.9184228844832484,0.5638529703406296,,0.7551425389333393
LinInterp,MNAR_RangeLimitation,MNAR,30,509,0.8770606350518836,0.5997517482280816,,0.7767007897940429
LOCF,MCAR_RandomSensorFailures,MCAR,10,510,0.6228903470486562,0.2393333139724406,,0.8633674415514001
LinInterp,MCAR_RandomSensorFailures,MCAR,10,510,0.415988234868372,0.1861360187545269,,0.9390613126401944
LOCF,MCAR_RandomSensorFailures,MCAR,20,510,0.6153894747060422,0.3049760333011313,,0.8060321694142414
LinInterp,MCAR_RandomSensorFailures,MCAR,20,510,0.4861737395947053,0.2537566055395695,,0.8789366814840764
LOCF,MCAR_RandomSensorFailures,MCAR,30,510,0.751332652128544,0.3659344437128652,,0.6503996862428127
LinInterp,MCAR_RandomSensorFailures,MCAR,30,510,0.6430149352229886,0.3202726862829171,,0.7439354796181067
LOCF,MCAR_ConnectionIssues,MCAR,10,510,1.0849854621469075,0.4734709024959596,,0.387872818649037
LinInterp,MCAR_ConnectionIssues,MCAR,10,510,0.6756128878245057,0.3392084215980574,,0.7626497587470858
LOCF,MCAR_ConnectionIssues,MCAR,20,510,1.1741623157042302,0.5269206921416824,,0.096310243308733
LinInterp,MCAR_ConnectionIssues,MCAR,20,510,0.710518053755884,0.3656448246832022,,0.669087388397906
LOCF,MCAR_ConnectionIssues,MCAR,30,510,0.978331030792868,0.409275466139986,,0.4580049519145716
LinInterp,MCAR_ConnectionIssues,MCAR,30,510,0.6163791479867492,0.3046831680351684,,0.784860805860387
LOCF,MAR_ActivityDependent,MAR,10,510,0.4886047509054419,0.2053427809783698,,0.7475674962377727
LinInterp,MAR_ActivityDependent,MAR,10,510,0.3759096632698975,0.1700616889653645,,0.8505840763372239
LOCF,MAR_ActivityDependent,MAR,20,510,0.5365287231135863,0.2329796019749127,,0.7014734703955761
LinInterp,MAR_ActivityDependent,MAR,20,510,0.4119176921605048,0.1909342427886831,,0.8240384132250094
LOCF,MAR_ActivityDependent,MAR,30,510,0.5365287231135863,0.2329796019749127,,0.7014734703955761
LinInterp,MAR_ActivityDependent,MAR,30,510,0.4119176921605048,0.1909342427886831,,0.8240384132250094
LOCF,MAR_BatteryDepletion,MAR,10,510,1.226256970471865,0.8119682878639756,,-0.1924428028839735
LinInterp,MAR_BatteryDepletion,MAR,10,510,1.226256970471865,0.8119682878639756,,-0.1924428028839735
LOCF,MAR_BatteryDepletion,MAR,20,510,1.105912218363224,0.7738756917123338,,-0.3173495369835628
LinInterp,MAR_BatteryDepletion,MAR,20,510,1.105912218363224,0.7738756917123338,,-0.3173495369835628
LOCF,MAR_BatteryDepletion,MAR,30,510,0.9766131240518224,0.6654380649577751,,-0.2273242993068724
LinInterp,MAR_BatteryDepletion,MAR,30,510,0.9766131240518224,0.6654380649577751,,-0.2273242993068724
LOCF,MNAR_ValueDependent,MNAR,10,510,1.1204339897877356,0.4238147253796743,,0.9200198099138684
LinInterp,MNAR_ValueDependent,MNAR,10,510,0.933753823449986,0.3746237296786635,,0.9444512017502718
LOCF,MNAR_ValueDependent,MNAR,20,510,1.3012416369817552,0.4897970866057604,,0.8868288173849221
LinInterp,MNAR_ValueDependent,MNAR,20,510,0.9406152537644898,0.3812854930508113,,0.9408650837351598
LOCF,MNAR_ValueDependent,MNAR,30,510,1.37376073439417,0.5566078105382324,,0.8668632151095089
LinInterp,MNAR_ValueDependent,MNAR,30,510,1.031568883053572,0.4499311501097702,,0.9249289770685172
LOCF,MNAR_RangeLimitation,MNAR,10,510,1.529416317661716,0.6680054189332351,,0.5826531523238596
LinInterp,MNAR_RangeLimitation,MNAR,10,510,1.092233092995629,0.555556893124033,,0.7871486738649645
LOCF,MNAR_RangeLimitation,MNAR,20,510,1.4540117734244549,0.6048742292997789,,0.598933225793816
LinInterp,MNAR_RangeLimitation,MNAR,20,510,1.0424360153704433,0.5264941919409236,,0.7938517493511404
LOCF,MNAR_RangeLimitation,MNAR,30,510,1.728635949128278,0.8248587579183929,,0.3356094927725952
LinInterp,MNAR_RangeLimitation,MNAR,30,510,1.7904811146743431,0.8504424931261035,,0.2872194720549424
LOCF,MCAR_RandomSensorFailures,MCAR,10,511,0.7876787814548899,0.4359963208434063,,0.2413803287573778
LinInterp,MCAR_RandomSensorFailures,MCAR,10,511,0.6258315246881865,0.3482950637315486,,0.521104585675941
LOCF,MCAR_RandomSensorFailures,MCAR,20,511,0.846414871550804,0.4637559515402913,,0.1914738420167463
LinInterp,MCAR_RandomSensorFailures,MCAR,20,511,0.6285822421905674,0.3374771122712022,,0.5540853714119759
LOCF,MCAR_RandomSensorFailures,MCAR,30,511,0.8197434072164025,0.4557483914645417,,0.1919060322047612
LinInterp,MCAR_RandomSensorFailures,MCAR,30,511,0.6113047187228257,0.3363891461367995,,0.5506119742858802
LOCF,MCAR_ConnectionIssues,MCAR,10,511,0.8909151467336652,0.5239070888743415,,0.0113782008004624
LinInterp,MCAR_ConnectionIssues,MCAR,10,511,0.5934528361186328,0.3417589370992194,,0.5613380986928891
LOCF,MCAR_ConnectionIssues,MCAR,20,511,0.7760788023865677,0.4455750414318848,,0.2472049995968421
LinInterp,MCAR_ConnectionIssues,MCAR,20,511,0.5304267455996392,0.3010361955293782,,0.6483457165080173
LOCF,MCAR_ConnectionIssues,MCAR,30,511,0.7457533752347085,0.4214540754659185,,0.2492660637059847
LinInterp,MCAR_ConnectionIssues,MCAR,30,511,0.5180933860285973,0.2904359789863482,,0.6376638301462372
LOCF,MAR_ActivityDependent,MAR,10,511,0.461076568182014,0.202560856551361,,0.7758899446742833
LinInterp,MAR_ActivityDependent,MAR,10,511,0.3693802204003337,0.1725160740521237,,0.8561656844835198
LOCF,MAR_ActivityDependent,MAR,20,511,0.4784630506510692,0.2220053535437381,,0.7508995205035218
LinInterp,MAR_ActivityDependent,MAR,20,511,0.3963418537624406,0.1889115306734758,,0.8290702622932329
LOCF,MAR_ActivityDependent,MAR,30,511,0.4784630506510692,0.2220053535437381,,0.7508995205035218
LinInterp,MAR_ActivityDependent,MAR,30,511,0.3963418537624406,0.1889115306734758,,0.8290702622932329
LOCF,MAR_BatteryDepletion,MAR,10,511,0.8096581180393455,0.5875623853990313,,-0.4405664623962728
LinInterp,MAR_BatteryDepletion,MAR,10,511,0.8096581180393455,0.5875623853990313,,-0.4405664623962728
LOCF,MAR_BatteryDepletion,MAR,20,511,0.8703360565199552,0.5848125199468549,,-0.1207030921520293
LinInterp,MAR_BatteryDepletion,MAR,20,511,0.8703360565199552,0.5848125199468549,,-0.1207030921520293
LOCF,MAR_BatteryDepletion,MAR,30,511,0.9412586992939392,0.6192289174048958,,-0.2507788149625742
LinInterp,MAR_BatteryDepletion,MAR,30,511,0.9412586992939392,0.6192289174048958,,-0.2507788149625742
LOCF,MNAR_ValueDependent,MNAR,10,511,0.6230767518286733,0.2950737659199087,,0.7776122698486666
LinInterp,MNAR_ValueDependent,MNAR,10,511,0.613423468796027,0.2759672322040385,,0.7844497639665655
LOCF,MNAR_ValueDependent,MNAR,20,511,0.6444594512675802,0.3079846193113078,,0.7472156333915432
LinInterp,MNAR_ValueDependent,MNAR,20,511,0.5785507614911687,0.2783328315905932,,0.7962761118244184
LOCF,MNAR_ValueDependent,MNAR,30,511,0.7155555148004064,0.3470642271302575,,0.683368165956425
LinInterp,MNAR_ValueDependent,MNAR,30,511,0.6157131442018074,0.3110579976897076,,0.7655637531080017
LOCF,MNAR_RangeLimitation,MNAR,10,511,0.8246890818064374,0.4627927259840746,,0.7063880632752255
LinInterp,MNAR_RangeLimitation,MNAR,10,511,0.7738021679234581,0.4631297215586979,,0.7415044315049977
LOCF,MNAR_RangeLimitation,MNAR,20,511,1.1107331851635658,0.6592130507521426,,0.378289486259083
LinInterp,MNAR_RangeLimitation,MNAR,20,511,0.9645715588724026,0.6272058756463912,,0.5311460043021368
LOCF,MNAR_RangeLimitation,MNAR,30,511,1.3218932509553174,0.8818216648675287,,0.004372047452546
LinInterp,MNAR_RangeLimitation,MNAR,30,511,1.267764463529795,0.8645651705945051,,0.0842404455982428
LOCF,MCAR_RandomSensorFailures,MCAR,10,512,0.530831614291328,0.2891088571492466,,0.2899632799297441
LinInterp,MCAR_RandomSensorFailures,MCAR,10,512,0.4202691443047041,0.2459334506336525,,0.5549362110026368
LOCF,MCAR_RandomSensorFailures,MCAR,20,512,0.6377935345138558,0.3544871681516969,,0.0430770856015505
LinInterp,MCAR_RandomSensorFailures,MCAR,20,512,0.4955528301965318,0.2867328843705547,,0.42230760386246
LOCF,MCAR_RandomSensorFailures,MCAR,30,512,0.6646466254261078,0.3944895723283321,,0.1215361585062805
LinInterp,MCAR_RandomSensorFailures,MCAR,30,512,0.5267851174492072,0.3117647986429581,,0.4481649569975505
LOCF,MCAR_ConnectionIssues,MCAR,10,512,0.5862688535224595,0.3091299452614948,,0.3257905216902036
LinInterp,MCAR_ConnectionIssues,MCAR,10,512,0.4911225663127753,0.278070469069385,,0.5268694527464695
LOCF,MCAR_ConnectionIssues,MCAR,20,512,0.6536491203371516,0.3393076478380943,,0.2520702786853369
LinInterp,MCAR_ConnectionIssues,MCAR,20,512,0.5094011678362894,0.2670197861924683,,0.5457538008849607
LOCF,MCAR_ConnectionIssues,MCAR,30,512,0.6510973395477453,0.3455888490868557,,0.2124671966260666
LinInterp,MCAR_ConnectionIssues,MCAR,30,512,0.5268554190423319,0.2880914242566713,,0.4843444292367026
LOCF,MAR_ActivityDependent,MAR,10,512,0.6086978330301535,0.2793662127861711,,0.4133127669302532
LinInterp,MAR_ActivityDependent,MAR,10,512,0.5354984296450274,0.2447353736629231,,0.5459334292559567
LOCF,MAR_ActivityDependent,MAR,20,512,0.5821367309573158,0.2839962979574685,,0.4529954365623894
LinInterp,MAR_ActivityDependent,MAR,20,512,0.5296758400964359,0.2527397589594796,,0.5471428050354125
LOCF,MAR_ActivityDependent,MAR,30,512,0.5821367309573158,0.2839962979574685,,0.4529954365623894
LinInterp,MAR_ActivityDependent,MAR,30,512,0.5296758400964359,0.2527397589594796,,0.5471428050354125
LOCF,MAR_BatteryDepletion,MAR,10,512,0.4489795413837394,0.2714262719368082,,0.3835296059536112
LinInterp,MAR_BatteryDepletion,MAR,10,512,0.4489795413837394,0.2714262719368082,,0.3835296059536112
LOCF,MAR_BatteryDepletion,MAR,20,512,0.6515066314324321,0.4011698134925365,,-0.3567898216978873
LinInterp,MAR_BatteryDepletion,MAR,20,512,0.6515066314324321,0.4011698134925365,,-0.3567898216978873
LOCF,MAR_BatteryDepletion,MAR,30,512,0.595178536418614,0.3997022904055066,,-0.0759502907699214
LinInterp,MAR_BatteryDepletion,MAR,30,512,0.595178536418614,0.3997022904055066,,-0.0759502907699214
LOCF,MNAR_ValueDependent,MNAR,10,512,0.8217570130454129,0.3386667271780697,,0.6392793104282424
LinInterp,MNAR_ValueDependent,MNAR,10,512,0.6949690172795213,0.313048324806251,,0.7420027354305764
LOCF,MNAR_ValueDependent,MNAR,20,512,0.8005676626062683,0.3758500550490882,,0.6921263135152274
LinInterp,MNAR_ValueDependent,MNAR,20,512,0.7456215698261406,0.3599049887518286,,0.732937192095635
LOCF,MNAR_ValueDependent,MNAR,30,512,0.8352963096738082,0.3829199239028653,,0.6474340967163035
LinInterp,MNAR_ValueDependent,MNAR,30,512,0.7562541601554135,0.3609498027290986,,0.7110020664915109
LOCF,MNAR_RangeLimitation,MNAR,10,512,1.076943060016623,0.6154219162933063,,0.3995648155290946
LinInterp,MNAR_RangeLimitation,MNAR,10,512,1.0065005569417125,0.5803268464772613,,0.4755444466669974
LOCF,MNAR_RangeLimitation,MNAR,20,512,1.0443325693645118,0.5761025972807239,,0.2410698267542098
LinInterp,MNAR_RangeLimitation,MNAR,20,512,0.9626310911939032,0.5625332055657586,,0.3551719162973137
LOCF,MNAR_RangeLimitation,MNAR,30,512,0.94588335513239,0.5345522375402924,,0.2324451833818047
LinInterp,MNAR_RangeLimitation,MNAR,30,512,0.9073530863336144,0.5571896485231802,,0.2937037887394148
LOCF,MCAR_RandomSensorFailures,MCAR,10,513,0.6959647749275987,0.3806815790285995,,0.5700758133002839
LinInterp,MCAR_RandomSensorFailures,MCAR,10,513,0.5328727134613672,0.3056528795282749,,0.7479629867341415
LOCF,MCAR_RandomSensorFailures,MCAR,20,513,0.6826988039684609,0.406047336187509,,0.4204421407818635
LinInterp,MCAR_RandomSensorFailures,MCAR,20,513,0.5405729724410034,0.3309003025131228,,0.6366315873988048
LOCF,MCAR_RandomSensorFailures,MCAR,30,513,0.862957364107826,0.4894552478639396,,0.1415482866895834
LinInterp,MCAR_RandomSensorFailures,MCAR,30,513,0.6358912802089949,0.3802567194618479,,0.5338744243392182
LOCF,MCAR_ConnectionIssues,MCAR,10,513,0.5633188063917332,0.2843583067339768,,0.7997904391809629
LinInterp,MCAR_ConnectionIssues,MCAR,10,513,0.4523456648264142,0.2317751453021336,,0.8709026946962819
LOCF,MCAR_ConnectionIssues,MCAR,20,513,0.747950727142358,0.3508323589465163,,0.5229170952189757
LinInterp,MCAR_ConnectionIssues,MCAR,20,513,0.5705619650175279,0.2823445742833006,,0.7223782344479343
LOCF,MCAR_ConnectionIssues,MCAR,30,513,0.8828949769913953,0.4281989212750327,,0.3685671004728345
LinInterp,MCAR_ConnectionIssues,MCAR,30,513,0.5889494034952271,0.2951858339196635,,0.7190266777400602
LOCF,MAR_ActivityDependent,MAR,10,513,0.4526515797321528,0.2127519387316518,,0.466393806407484
LinInterp,MAR_ActivityDependent,MAR,10,513,0.39783797820636,0.1834747335276899,,0.587802589252667
LOCF,MAR_ActivityDependent,MAR,20,513,0.4612912272539612,0.2175721999957497,,0.4207265791616608
LinInterp,MAR_ActivityDependent,MAR,20,513,0.4066230889360736,0.1887681155903242,,0.5498914303379554
LOCF,MAR_ActivityDependent,MAR,30,513,0.4612912272539612,0.2175721999957497,,0.4207265791616608
LinInterp,MAR_ActivityDependent,MAR,30,513,0.4066230889360736,0.1887681155903242,,0.5498914303379554
LOCF,MAR_BatteryDepletion,MAR,10,513,0.961011925031246,0.6828672330962703,,-0.7219680388863885
LinInterp,MAR_BatteryDepletion,MAR,10,513,0.961011925031246,0.6828672330962703,,-0.7219680388863885
LOCF,MAR_BatteryDepletion,MAR,20,513,0.7892182362872481,0.5062500414301453,,-0.2995559955612443
LinInterp,MAR_BatteryDepletion,MAR,20,513,0.7892182362872481,0.5062500414301453,,-0.2995559955612443
LOCF,MAR_BatteryDepletion,MAR,30,513,0.6421373732631381,0.4021767785052431,,0.0544168274311174
LinInterp,MAR_BatteryDepletion,MAR,30,513,0.6421373732631381,0.4021767785052431,,0.0544168274311174
LOCF,MNAR_ValueDependent,MNAR,10,513,0.976106101606308,0.4269970355238142,,0.7822839215569158
LinInterp,MNAR_ValueDependent,MNAR,10,513,0.96060895487189,0.4338101187739378,,0.7891421811880887
LOCF,MNAR_ValueDependent,MNAR,20,513,1.0104534099242313,0.4712115125023556,,0.77341570154819
LinInterp,MNAR_ValueDependent,MNAR,20,513,0.988192456241514,0.4647096403022594,,0.7832893313387403
LOCF,MNAR_ValueDependent,MNAR,30,513,1.0271884693169535,0.4938384476628814,,0.7750809274310942
LinInterp,MNAR_ValueDependent,MNAR,30,513,0.9186089516329172,0.450358313424027,,0.820118144256487
LOCF,MNAR_RangeLimitation,MNAR,10,513,1.1460666786499365,0.6377028645744565,,0.5924309337447891
LinInterp,MNAR_RangeLimitation,MNAR,10,513,1.204487377074492,0.6687160562549036,,0.5498202571087658
LOCF,MNAR_RangeLimitation,MNAR,20,513,0.9559211434932932,0.5481739288392949,,0.6606073270579261
LinInterp,MNAR_RangeLimitation,MNAR,20,513,1.055226133990087,0.6172497650848396,,0.5864296418606488
LOCF,MNAR_RangeLimitation,MNAR,30,513,1.3320524018287676,0.7326085647726653,,0.1640693921293707
LinInterp,MNAR_RangeLimitation,MNAR,30,513,1.3224211901904772,0.747610064079844,,0.176113841290153
LOCF,MCAR_RandomSensorFailures,MCAR,10,514,0.5381611165914463,0.2380355349734912,,0.7368563439613556
LinInterp,MCAR_RandomSensorFailures,MCAR,10,514,0.3813933370564129,0.1779978322598264,,0.8678356038235596
LOCF,MCAR_RandomSensorFailures,MCAR,20,514,0.5337380130856709,0.2319436590960621,,0.6904627009315765
LinInterp,MCAR_RandomSensorFailures,MCAR,20,514,0.444977137276351,0.2028242407242818,,0.7848545751876826
LOCF,MCAR_RandomSensorFailures,MCAR,30,514,0.5636622019759465,0.259054275663765,,0.6963279662521782
LinInterp,MCAR_RandomSensorFailures,MCAR,30,514,0.535208839628075,0.2518322000619036,,0.7262125558024497
LOCF,MCAR_ConnectionIssues,MCAR,10,514,0.5488186694701952,0.2655564138249252,,0.71635066961932
LinInterp,MCAR_ConnectionIssues,MCAR,10,514,0.3923116644028172,0.1847839417257366,,0.85506060257711
LOCF,MCAR_ConnectionIssues,MCAR,20,514,0.5739050330841595,0.277477326338434,,0.6993730336485856
LinInterp,MCAR_ConnectionIssues,MCAR,20,514,0.4137227676924346,0.2134708961555703,,0.8437691807707083
LOCF,MCAR_ConnectionIssues,MCAR,30,514,0.529367574076416,0.2524377050833145,,0.7386004861195752
LinInterp,MCAR_ConnectionIssues,MCAR,30,514,0.4082353052817309,0.1990245716274445,,0.8445426620564556
LOCF,MAR_ActivityDependent,MAR,10,514,0.5874168196467263,0.2071297019716738,,0.5701656374585071
LinInterp,MAR_ActivityDependent,MAR,10,514,0.4293723966077398,0.1648392792346133,,0.7703446226880519
LOCF,MAR_ActivityDependent,MAR,20,514,0.5810861633957622,0.2289748921961082,,0.5681243091041712
LinInterp,MAR_ActivityDependent,MAR,20,514,0.4802551785915852,0.1971635841360558,,0.7050001439987054
LOCF,MAR_ActivityDependent,MAR,30,514,0.5810861633957622,0.2289748921961082,,0.5681243091041712
LinInterp,MAR_ActivityDependent,MAR,30,514,0.4802551785915852,0.1971635841360558,,0.7050001439987054
LOCF,MAR_BatteryDepletion,MAR,10,514,0.7552326070230881,0.4055788658296754,,0.3362449290868509
LinInterp,MAR_BatteryDepletion,MAR,10,514,0.7552326070230881,0.4055788658296754,,0.3362449290868509
LOCF,MAR_BatteryDepletion,MAR,20,514,0.6402624911574128,0.3264981230889546,,0.4604177111155583
LinInterp,MAR_BatteryDepletion,MAR,20,514,0.6402624911574128,0.3264981230889546,,0.4604177111155583
LOCF,MAR_BatteryDepletion,MAR,30,514,0.7139347176951598,0.3945562769475984,,0.3181143914599884
LinInterp,MAR_BatteryDepletion,MAR,30,514,0.7139347176951598,0.3945562769475984,,0.3181143914599884
LOCF,MNAR_ValueDependent,MNAR,10,514,0.8691328038422028,0.3872300082116038,,0.6229539636515231
LinInterp,MNAR_ValueDependent,MNAR,10,514,0.8563863491204868,0.3986658934449887,,0.633932167425202
LOCF,MNAR_ValueDependent,MNAR,20,514,0.793257923244124,0.3679492945532759,,0.6879572879295006
LinInterp,MNAR_ValueDependent,MNAR,20,514,0.7459917732667222,0.3656253389902514,,0.724035458865805
LOCF,MNAR_ValueDependent,MNAR,30,514,0.91339097172354,0.4039639298525067,,0.5918751270016096
LinInterp,MNAR_ValueDependent,MNAR,30,514,0.78924580247377,0.3813243474423022,,0.6952777292547769
LOCF,MNAR_RangeLimitation,MNAR,10,514,1.0578739908786057,0.4991395097136147,,0.4691490044706889
LinInterp,MNAR_RangeLimitation,MNAR,10,514,0.9310246272511332,0.4968975368641319,,0.5888246271358677
LOCF,MNAR_RangeLimitation,MNAR,20,514,1.2503087844033212,0.6039448070343718,,0.0812717301000857
LinInterp,MNAR_RangeLimitation,MNAR,20,514,1.1874121482745714,0.5946982780179382,,0.1713798484412146
LOCF,MNAR_RangeLimitation,MNAR,30,514,1.1209904085893658,0.5542422058073052,,0.1383278795890281
LinInterp,MNAR_RangeLimitation,MNAR,30,514,1.027321993029327,0.5157612647720031,,0.2763119199753683
LOCF,MCAR_RandomSensorFailures,MCAR,10,515,0.4985747829060283,0.2274285397978572,,0.6994991974462098
LinInterp,MCAR_RandomSensorFailures,MCAR,10,515,0.3886458302126241,0.1899721933472445,,0.8174032498943332
LOCF,MCAR_RandomSensorFailures,MCAR,20,515,0.5889383702335548,0.29591505990433,,0.5911933559876695
LinInterp,MCAR_RandomSensorFailures,MCAR,20,515,0.4701078288763083,0.2413439019475367,,0.7395207021788877
LOCF,MCAR_RandomSensorFailures,MCAR,30,515,0.575375350924721,0.2825136850787617,,0.6042778065948596
LinInterp,MCAR_RandomSensorFailures,MCAR,30,515,0.4468166183478464,0.2300115232268426,,0.7613581886483319
LOCF,MCAR_ConnectionIssues,MCAR,10,515,0.8171824634807504,0.4652695964724699,,0.2545196710904948
LinInterp,MCAR_ConnectionIssues,MCAR,10,515,0.5349351121187865,0.3000565179008688,,0.680551890801724
LOCF,MCAR_ConnectionIssues,MCAR,20,515,0.8303831939032292,0.4633441929722358,,0.2317353944997485
LinInterp,MCAR_ConnectionIssues,MCAR,20,515,0.5304761853124554,0.2910307949986844,,0.6864653761224552
LOCF,MCAR_ConnectionIssues,MCAR,30,515,0.729137915686778,0.39081134221232,,0.4370419846402433
LinInterp,MCAR_ConnectionIssues,MCAR,30,515,0.493900672659193,0.2669317355071384,,0.7416931773283694
LOCF,MAR_ActivityDependent,MAR,10,515,0.4409093526248449,0.2105447316528394,,0.7958340575956644
LinInterp,MAR_ActivityDependent,MAR,10,515,0.3822486816075363,0.1774758889556117,,0.8465465462030983
LOCF,MAR_ActivityDependent,MAR,20,515,0.4800731099044479,0.2228004050728941,,0.7607311522225977
LinInterp,MAR_ActivityDependent,MAR,20,515,0.4198528898715257,0.1988494764578205,,0.8169938475848295
LOCF,MAR_ActivityDependent,MAR,30,515,0.4800731099044479,0.2228004050728941,,0.7607311522225977
LinInterp,MAR_ActivityDependent,MAR,30,515,0.4198528898715257,0.1988494764578205,,0.8169938475848295
LOCF,MAR_BatteryDepletion,MAR,10,515,1.0237898470165738,0.7306246705338327,,-0.3829067120098677
LinInterp,MAR_BatteryDepletion,MAR,10,515,1.0237898470165738,0.7306246705338327,,-0.3829067120098677
LOCF,MAR_BatteryDepletion,MAR,20,515,1.1177913763571805,0.7340113915016528,,-0.5973919846399307
LinInterp,MAR_BatteryDepletion,MAR,20,515,1.1177913763571805,0.7340113915016528,,-0.5973919846399307
LOCF,MAR_BatteryDepletion,MAR,30,515,1.3369011599297078,0.9768048254693152,,-1.0172788076328405
LinInterp,MAR_BatteryDepletion,MAR,30,515,1.3369011599297078,0.9768048254693152,,-1.0172788076328405
LOCF,MNAR_ValueDependent,MNAR,10,515,0.6132631432689019,0.3269708032393473,,0.7714138169751652
LinInterp,MNAR_ValueDependent,MNAR,10,515,0.593983876614092,0.312285482916302,,0.7855601181070759
LOCF,MNAR_ValueDependent,MNAR,20,515,0.6175240935491408,0.3174775016550649,,0.7568224469028044
LinInterp,MNAR_ValueDependent,MNAR,20,515,0.5848214337395155,0.3012585813877345,,0.7818967019613938
LOCF,MNAR_ValueDependent,MNAR,30,515,0.6214411813774743,0.3205095656062969,,0.7648839424012692
LinInterp,MNAR_ValueDependent,MNAR,30,515,0.5823803802859296,0.3109833667233108,,0.7935115789961614
LOCF,MNAR_RangeLimitation,MNAR,10,515,0.7457684359616633,0.4328114010108604,,0.7361699982657142
LinInterp,MNAR_RangeLimitation,MNAR,10,515,0.7646895638114762,0.4666751964364767,,0.7226127403660247
LOCF,MNAR_RangeLimitation,MNAR,20,515,0.7165373390746989,0.4389827230795549,,0.7084295841096574
LinInterp,MNAR_RangeLimitation,MNAR,20,515,0.7650024338042629,0.4932612617065283,,0.667653249543247
LOCF,MNAR_RangeLimitation,MNAR,30,515,0.8630557063858056,0.5604949008487977,,0.5144175801862715
LinInterp,MNAR_RangeLimitation,MNAR,30,515,0.9141885607605816,0.6241743291146324,,0.4551752056949397
LOCF,MCAR_RandomSensorFailures,MCAR,10,516,0.9236952690176604,0.5602692546724074,,-0.0095897778626741
LinInterp,MCAR_RandomSensorFailures,MCAR,10,516,0.7484375327137865,0.4712616113426182,,0.3371753930141217
LOCF,MCAR_RandomSensorFailures,MCAR,20,516,0.9952375796245584,0.6483877759253057,,-0.2173800682628841
LinInterp,MCAR_RandomSensorFailures,MCAR,20,516,0.7276832090403151,0.4771661696755149,,0.3491852878173491
LOCF,MCAR_RandomSensorFailures,MCAR,30,516,0.9320623563430016,0.5880382668312351,,-0.115606199283301
LinInterp,MCAR_RandomSensorFailures,MCAR,30,516,0.7147056124550603,0.4484514809637345,,0.3440430052522627
LOCF,MCAR_ConnectionIssues,MCAR,10,516,0.743310990617943,0.4324346864594201,,0.2461609716218087
LinInterp,MCAR_ConnectionIssues,MCAR,10,516,0.5603993040421537,0.3422204003884498,,0.5715178996315298
LOCF,MCAR_ConnectionIssues,MCAR,20,516,0.7170209355615947,0.4061295441889325,,0.3054318720109062
LinInterp,MCAR_ConnectionIssues,MCAR,20,516,0.5531318774712329,0.321115883687757,,0.5866589352095667
LOCF,MCAR_ConnectionIssues,MCAR,30,516,0.7006557013338357,0.3991274510111799,,0.3247159919446019
LinInterp,MCAR_ConnectionIssues,MCAR,30,516,0.5764357896254647,0.3301159658369467,,0.5429338918727281
LOCF,MAR_ActivityDependent,MAR,10,516,0.5736594539707571,0.2828058950110582,,0.5534614497431165
LinInterp,MAR_ActivityDependent,MAR,10,516,0.4882294306373778,0.2449597084019052,,0.6765564029151985
LOCF,MAR_ActivityDependent,MAR,20,516,0.6022711791838109,0.3039598999003466,,0.5161777874906363
LinInterp,MAR_ActivityDependent,MAR,20,516,0.5145688587153727,0.2607354153857389,,0.6468260684836096
LOCF,MAR_ActivityDependent,MAR,30,516,0.6022711791838109,0.3039598999003466,,0.5161777874906363
LinInterp,MAR_ActivityDependent,MAR,30,516,0.5145688587153727,0.2607354153857389,,0.6468260684836096
LOCF,MAR_BatteryDepletion,MAR,10,516,1.068843559983176,0.7412892336780547,,-0.8596692798289194
LinInterp,MAR_BatteryDepletion,MAR,10,516,1.068843559983176,0.7412892336780547,,-0.8596692798289194
LOCF,MAR_BatteryDepletion,MAR,20,516,0.989078179626403,0.6624667944320276,,-0.5551686326018359
LinInterp,MAR_BatteryDepletion,MAR,20,516,0.989078179626403,0.6624667944320276,,-0.5551686326018359
LOCF,MAR_BatteryDepletion,MAR,30,516,0.7686339919255254,0.4961945511437061,,0.0319323848857502
LinInterp,MAR_BatteryDepletion,MAR,30,516,0.7686339919255254,0.4961945511437061,,0.0319323848857502
LOCF,MNAR_ValueDependent,MNAR,10,516,0.8178429901803226,0.3957288961672888,,0.7206027178995695
LinInterp,MNAR_ValueDependent,MNAR,10,516,0.8100274719256749,0.4057627442173329,,0.7259171875411097
LOCF,MNAR_ValueDependent,MNAR,20,516,0.9722879932519016,0.4822313757560932,,0.6004384957713389
LinInterp,MNAR_ValueDependent,MNAR,20,516,0.8627316346422625,0.4454017443817493,,0.6854097633356528
LOCF,MNAR_ValueDependent,MNAR,30,516,1.0119848007513843,0.5469366937606382,,0.5731900809208436
LinInterp,MNAR_ValueDependent,MNAR,30,516,0.917609096488068,0.5214510839095706,,0.6490849903010298
LOCF,MNAR_RangeLimitation,MNAR,10,516,1.0464909057280585,0.5982806894440891,,0.5254297836752256
LinInterp,MNAR_RangeLimitation,MNAR,10,516,0.9413240815762292,0.568912820959301,,0.6160206225999834
LOCF,MNAR_RangeLimitation,MNAR,20,516,1.2418631237483957,0.7798142170183978,,0.1468322162351508
LinInterp,MNAR_RangeLimitation,MNAR,20,516,1.1789740389656,0.7614785174049409,,0.2310546598103681
LOCF,MNAR_RangeLimitation,MNAR,30,516,1.1214865840645003,0.7147157753792512,,0.1704893086773162
LinInterp,MNAR_RangeLimitation,MNAR,30,516,1.0779930664769726,0.7121749704580815,,0.2335818911396117
LOCF,MCAR_RandomSensorFailures,MCAR,10,517,0.98618779848928,0.5786684352362984,,0.1017277165466414
LinInterp,MCAR_RandomSensorFailures,MCAR,10,517,0.8096819548168632,0.5076964431084792,,0.394495088307992
LOCF,MCAR_RandomSensorFailures,MCAR,20,517,1.0109857602483447,0.6104336313499018,,0.0248291316358235
LinInterp,MCAR_RandomSensorFailures,MCAR,20,517,0.7678900735491485,0.467779439094184,,0.4374142223517032
LOCF,MCAR_RandomSensorFailures,MCAR,30,517,0.8975970429796466,0.5330876876021257,,0.1940909579096575
LinInterp,MCAR_RandomSensorFailures,MCAR,30,517,0.7560149925809294,0.4627428181518727,,0.4282791663335334
LOCF,MCAR_ConnectionIssues,MCAR,10,517,0.9059649570300528,0.5127439771346445,,0.3258388584329713
LinInterp,MCAR_ConnectionIssues,MCAR,10,517,0.6673948823872493,0.3758268535725832,,0.6341469652554366
LOCF,MCAR_ConnectionIssues,MCAR,20,517,0.8558662027614976,0.4610193665053453,,0.3758679188998857
LinInterp,MCAR_ConnectionIssues,MCAR,20,517,0.6796981401393266,0.3956349638108934,,0.6063620914056203
LOCF,MCAR_ConnectionIssues,MCAR,30,517,0.8922053307789705,0.515713813722939,,0.2176002566593742
LinInterp,MCAR_ConnectionIssues,MCAR,30,517,0.700303680315153,0.4116176757092012,,0.5179724184415169
LOCF,MAR_ActivityDependent,MAR,10,517,0.5109990114651122,0.2500967090922077,,0.6818055224327146
LinInterp,MAR_ActivityDependent,MAR,10,517,0.4127472129188336,0.2133498416324735,,0.7924031225976711
LOCF,MAR_ActivityDependent,MAR,20,517,0.5661517636681399,0.2831743608958802,,0.6219141401165557
LinInterp,MAR_ActivityDependent,MAR,20,517,0.4535884424937242,0.2392112587193372,,0.757311796657383
LOCF,MAR_ActivityDependent,MAR,30,517,0.5661517636681399,0.2831743608958802,,0.6219141401165557
LinInterp,MAR_ActivityDependent,MAR,30,517,0.4535884424937242,0.2392112587193372,,0.757311796657383
LOCF,MAR_BatteryDepletion,MAR,10,517,1.450235880843218,0.94254303792004,,-0.7992592492557435
LinInterp,MAR_BatteryDepletion,MAR,10,517,1.450235880843218,0.94254303792004,,-0.7992592492557435
LOCF,MAR_BatteryDepletion,MAR,20,517,1.0041128037418363,0.6094248451369071,,0.0725426915270923
LinInterp,MAR_BatteryDepletion,MAR,20,517,1.0041128037418363,0.6094248451369071,,0.0725426915270923
LOCF,MAR_BatteryDepletion,MAR,30,517,0.829119319160108,0.5219278891501192,,0.3296793016942932
LinInterp,MAR_BatteryDepletion,MAR,30,517,0.829119319160108,0.5219278891501192,,0.3296793016942932
LOCF,MNAR_ValueDependent,MNAR,10,517,1.3821638512372214,0.6472690754212972,,0.4066105488326228
LinInterp,MNAR_ValueDependent,MNAR,10,517,1.1869793347271316,0.5707029827837944,,0.5623700090468666
LOCF,MNAR_ValueDependent,MNAR,20,517,1.2936031243647828,0.6185865012073054,,0.4718291418565659
LinInterp,MNAR_ValueDependent,MNAR,20,517,1.144441416090315,0.5606811040670557,,0.5866104863564341
LOCF,MNAR_ValueDependent,MNAR,30,517,1.271800444848611,0.6381605877694125,,0.4642469271227952
LinInterp,MNAR_ValueDependent,MNAR,30,517,1.1476342555163166,0.5866787807304108,,0.5637517162145258
LOCF,MNAR_RangeLimitation,MNAR,10,517,1.3609137304254637,0.7791581203172708,,0.4210229855753782
LinInterp,MNAR_RangeLimitation,MNAR,10,517,1.2344334545238165,0.7386376702437648,,0.5236397690983144
LOCF,MNAR_RangeLimitation,MNAR,20,517,1.3465292799212265,0.8510450160859514,,0.292398363063631
LinInterp,MNAR_RangeLimitation,MNAR,20,517,1.2428770527892536,0.8246428114859083,,0.3971440308339966
LOCF,MNAR_RangeLimitation,MNAR,30,517,1.2889868023672513,0.8226118453985176,,0.2383308262466522
LinInterp,MNAR_RangeLimitation,MNAR,30,517,1.2418031208344544,0.8261896711914843,,0.2930724100260674
LOCF,MCAR_RandomSensorFailures,MCAR,10,518,0.6830081860067677,0.3501786850321806,,0.3134023709407189
LinInterp,MCAR_RandomSensorFailures,MCAR,10,518,0.5342892348591844,0.281487322439903,,0.5798510045660802
LOCF,MCAR_RandomSensorFailures,MCAR,20,518,0.5647755039599242,0.2803885697676923,,0.5665188374159231
LinInterp,MCAR_RandomSensorFailures,MCAR,20,518,0.4555068091998164,0.2310218971741326,,0.7180265144134494
LOCF,MCAR_RandomSensorFailures,MCAR,30,518,0.5742557754258644,0.2977863915389583,,0.5675151386059472
LinInterp,MCAR_RandomSensorFailures,MCAR,30,518,0.4701241722700737,0.2514457332878418,,0.7101419739527235
LOCF,MCAR_ConnectionIssues,MCAR,10,518,0.5454715543409386,0.2890558931722569,,0.6006320773056366
LinInterp,MCAR_ConnectionIssues,MCAR,10,518,0.3723474620720398,0.2112058568603051,,0.8139088326688173
LOCF,MCAR_ConnectionIssues,MCAR,20,518,0.5161495739773,0.2752323922279318,,0.6119984472979879
LinInterp,MCAR_ConnectionIssues,MCAR,20,518,0.3793221520300057,0.215954667653604,,0.7904446616920187
LOCF,MCAR_ConnectionIssues,MCAR,30,518,0.5488763264952384,0.2885325216169498,,0.5758253453544764
LinInterp,MCAR_ConnectionIssues,MCAR,30,518,0.3854727338682667,0.2148857109603842,,0.7907897090381231
LOCF,MAR_ActivityDependent,MAR,10,518,0.3824049569601895,0.1504006703571358,,0.8014058976684925
LinInterp,MAR_ActivityDependent,MAR,10,518,0.3228941726284974,0.1327191645804446,,0.8584076678265178
LOCF,MAR_ActivityDependent,MAR,20,518,0.3952836449937404,0.1634833011265964,,0.7819453164168604
LinInterp,MAR_ActivityDependent,MAR,20,518,0.336441670909591,0.1429631961713216,,0.842032665351204
LOCF,MAR_ActivityDependent,MAR,30,518,0.3952836449937404,0.1634833011265964,,0.7819453164168604
LinInterp,MAR_ActivityDependent,MAR,30,518,0.336441670909591,0.1429631961713216,,0.842032665351204
LOCF,MAR_BatteryDepletion,MAR,10,518,0.8054255528995758,0.4979041410448934,,0.198791095609663
LinInterp,MAR_BatteryDepletion,MAR,10,518,0.8054255528995758,0.4979041410448934,,0.198791095609663
LOCF,MAR_BatteryDepletion,MAR,20,518,0.9401866420214788,0.5295599684919551,,-0.1242813040849555
LinInterp,MAR_BatteryDepletion,MAR,20,518,0.9401866420214788,0.5295599684919551,,-0.1242813040849555
LOCF,MAR_BatteryDepletion,MAR,30,518,1.027968057571101,0.6390091158947379,,-0.3540604124890905
LinInterp,MAR_BatteryDepletion,MAR,30,518,1.027968057571101,0.6390091158947379,,-0.3540604124890905
LOCF,MNAR_ValueDependent,MNAR,10,518,0.5700757807248896,0.3042140624863282,,0.7900479529470796
LinInterp,MNAR_ValueDependent,MNAR,10,518,0.5405357070661636,0.2720414235794278,,0.8112427209554247
LOCF,MNAR_ValueDependent,MNAR,20,518,0.6792431738289032,0.332784879335913,,0.6909651112977563
LinInterp,MNAR_ValueDependent,MNAR,20,518,0.6433832817847785,0.3119753140181945,,0.7227340809738954
LOCF,MNAR_ValueDependent,MNAR,30,518,0.6854959020994686,0.3425195732423559,,0.6844338236548
LinInterp,MNAR_ValueDependent,MNAR,30,518,0.6575990927054606,0.3252191750030322,,0.7095956399651222
LOCF,MNAR_RangeLimitation,MNAR,10,518,0.6603495588646037,0.3594586559345056,,0.7229205254219402
LinInterp,MNAR_RangeLimitation,MNAR,10,518,0.6625616914101107,0.3735823607922475,,0.7210610158152966
LOCF,MNAR_RangeLimitation,MNAR,20,518,0.5761759096307738,0.3253099306301265,,0.7526572994172723
LinInterp,MNAR_RangeLimitation,MNAR,20,518,0.5721423057519182,0.3363739976643276,,0.7561082950201041
LOCF,MNAR_RangeLimitation,MNAR,30,518,0.5841734609494363,0.3473059064263384,,0.7185457491569653
LinInterp,MNAR_RangeLimitation,MNAR,30,518,0.6108472143930463,0.3761065928094843,,0.6922561649243493
