impute,Acc_mean,Acc_std,Prec_mean,Rec_mean,F1_mean,F1_std
Complete,0.9946767360471541,0.0009789618438378036,0.9947602145189042,0.9935055442664529,0.9941280235389488,0.0011050466339401154
Hybrid,0.957096661959436,0.043615249328726874,0.9460789741547904,0.9232134219195363,0.9286150772470423,0.09080389881396693
MICE,0.9481846462413787,0.04233701091210726,0.9392478842869102,0.9099335315503132,0.9146615784669502,0.0908683350711631
KNN,0.9435306276989828,0.043740322562859424,0.9346561619890975,0.9046634691836359,0.9120799791690399,0.09140167363674133
SVR,0.9406868463600827,0.04667708321753121,0.9282104488366929,0.9037874319023531,0.9081203640569253,0.0946999523192933
MissForest,0.9393657518266102,0.04276191455649127,0.9411286226642067,0.9019854589723068,0.9056511748880934,0.08881408182019845
Mean,0.93247477538323,0.04299960894637926,0.9175002416354605,0.8866929305680731,0.8941229981651146,0.09215636757428376
