method,scenario,mechanism,rate,participant,RMSE,MAE,NRMSE,R2
Full,MCAR_RandomSensorFailures,MCAR,10,501,0.3526228621998502,0.2194170867825304,0.0347196627644593,0.9070633403306484
KNN_MICE,MCAR_RandomSensorFailures,MCAR,10,501,0.3660101829058855,0.226997822753504,0.0360377941452028,0.899872709746651
MICE_within,MCAR_RandomSensorFailures,MCAR,10,501,0.3700610389724544,0.2355433519886601,0.0364366462095903,0.8976441064053954
Full,MCAR_RandomSensorFailures,MCAR,20,501,0.3681241737603971,0.2161618153331735,0.0362459401771927,0.8940764475079648
KNN_MICE,MCAR_RandomSensorFailures,MCAR,20,501,0.4129727277688325,0.2480083310282557,0.0406617816825685,0.8666949482906178
MICE_within,MCAR_RandomSensorFailures,MCAR,20,501,0.3915236745191132,0.2428331642730927,0.0385498826105647,0.8801825923625256
Full,MCAR_RandomSensorFailures,MCAR,30,501,0.3807288012177461,0.2300629545155861,0.0374870066578532,0.8924710493139758
KNN_MICE,MCAR_RandomSensorFailures,MCAR,30,501,0.5121204684101652,0.312003060162946,0.0504239851240861,0.8054468740713063
MICE_within,MCAR_RandomSensorFailures,MCAR,30,501,0.6125901690713442,0.4477788300880159,0.0603163503077857,0.7216225893897998
Full,MCAR_ConnectionIssues,MCAR,10,501,0.8890601806218918,0.6404199330798946,0.0875379136109642,0.4262031586267473
KNN_MICE,MCAR_ConnectionIssues,MCAR,10,501,1.2917666659338436,0.9711773081761542,0.12718886895704,-0.211334205967653
MICE_within,MCAR_ConnectionIssues,MCAR,10,501,1.026844594698145,0.8223788182580083,0.1011043294726076,0.2345703574104568
Full,MCAR_ConnectionIssues,MCAR,20,501,0.7989293723943282,0.5628457141280656,0.078663527966123,0.4754796611160393
KNN_MICE,MCAR_ConnectionIssues,MCAR,20,501,1.1589546209662849,0.8717015816755715,0.1141120384204015,-0.1037695774304292
MICE_within,MCAR_ConnectionIssues,MCAR,20,501,0.970049994823531,0.7830790486128917,0.0955122662065241,0.2267253159860909
Full,MCAR_ConnectionIssues,MCAR,30,501,1.0051456280096285,0.7138012441177113,0.0989678236287649,0.2883809190293689
KNN_MICE,MCAR_ConnectionIssues,MCAR,30,501,1.2485043872805814,0.9398229888543358,0.1229292139933977,-0.0979176180393932
MICE_within,MCAR_ConnectionIssues,MCAR,30,501,1.0682707574201715,0.8570724778297604,0.1051831982968281,0.1961920650332114
Full,MAR_ActivityDependent,MAR,10,501,0.3647522784192536,0.2135785436179074,0.0359139393863443,0.922479878286397
KNN_MICE,MAR_ActivityDependent,MAR,10,501,0.3646893956145218,0.2136081317611535,0.0359077478712498,0.9225066047129088
MICE_within,MAR_ActivityDependent,MAR,10,501,0.3666093919731623,0.2158716920356896,0.0360967929764512,0.9216884909898128
Full,MAR_ActivityDependent,MAR,20,501,0.4770213977601522,0.2593554636873392,0.0469680892450953,0.863163885345657
KNN_MICE,MAR_ActivityDependent,MAR,20,501,0.474608045147326,0.258632033074862,0.0467304677014259,0.8645449488992303
MICE_within,MAR_ActivityDependent,MAR,20,501,0.4842689044773174,0.2657289395807347,0.0476816873014815,0.8589743274089301
Full,MAR_ActivityDependent,MAR,30,501,0.4770213977601522,0.2593554636873392,0.0469680892450953,0.863163885345657
KNN_MICE,MAR_ActivityDependent,MAR,30,501,0.474608045147326,0.258632033074862,0.0467304677014259,0.8645449488992303
MICE_within,MAR_ActivityDependent,MAR,30,501,0.4842689044773174,0.2657289395807347,0.0476816873014815,0.8589743274089301
Full,MAR_BatteryDepletion,MAR,10,501,0.5544629190141102,0.2930737480068012,0.0545930727334894,0.709894028277416
KNN_MICE,MAR_BatteryDepletion,MAR,10,501,0.6152775324198076,0.3489766878792845,0.0605809512715523,0.642765192735749
MICE_within,MAR_BatteryDepletion,MAR,10,501,0.6189745718450227,0.3689282225836044,0.0609449661322724,0.6384592364861319
Full,MAR_BatteryDepletion,MAR,20,501,0.4309021130153593,0.22771378038565,0.0424271300931905,0.8433914368934622
KNN_MICE,MAR_BatteryDepletion,MAR,20,501,0.4996357847822454,0.2825082537015034,0.0491947284542883,0.7894451115442682
MICE_within,MAR_BatteryDepletion,MAR,20,501,0.4674215864425706,0.2605068722383914,0.046022880504319,0.8157210251521838
Full,MAR_BatteryDepletion,MAR,30,501,0.3969069411347893,0.2191856975017511,0.0390799253885668,0.8681034826811493
KNN_MICE,MAR_BatteryDepletion,MAR,30,501,0.4724385918383016,0.2740897088341782,0.046516860770773,0.8131269503086387
MICE_within,MAR_BatteryDepletion,MAR,30,501,0.4377085813339365,0.2539771091706069,0.043097302988855,0.8395919857322379
Full,MNAR_ValueDependent,MNAR,10,501,0.7400957573476178,0.3149911514012987,0.0728707008621387,0.8608434812546872
KNN_MICE,MNAR_ValueDependent,MNAR,10,501,0.7406620545906317,0.3158509505689093,0.0729264591563662,0.8606304436815266
MICE_within,MNAR_ValueDependent,MNAR,10,501,0.7413244464146047,0.316435447238929,0.0729916790363332,0.860381049143734
Full,MNAR_ValueDependent,MNAR,20,501,0.7396430293033769,0.3414315136330452,0.0728261247251237,0.8599011678573887
KNN_MICE,MNAR_ValueDependent,MNAR,20,501,0.7402261167201578,0.3424198107067754,0.0728835361996564,0.8596801908118897
MICE_within,MNAR_ValueDependent,MNAR,20,501,0.7389194719001309,0.3415872440966965,0.0727548824101056,0.8601751377609197
Full,MNAR_ValueDependent,MNAR,30,501,0.8481656423915106,0.4076640487661196,0.0835113891609913,0.8093962518715472
KNN_MICE,MNAR_ValueDependent,MNAR,30,501,0.8703483160813009,0.420882983775151,0.0856955213664836,0.7992958875470147
MICE_within,MNAR_ValueDependent,MNAR,30,501,0.821276579779105,0.4052046865277123,0.0808638603532135,0.8212899562581191
Full,MNAR_RangeLimitation,MNAR,10,501,0.9401017158757592,0.6232099554749285,0.0925635233514642,0.7432859504736938
KNN_MICE,MNAR_RangeLimitation,MNAR,10,501,1.1422112579373735,0.7418714962116557,0.1124634671556795,0.6210404818159231
MICE_within,MNAR_RangeLimitation,MNAR,10,501,1.016397129503167,0.6983940035227884,0.1000756597316551,0.6999270785460501
Full,MNAR_RangeLimitation,MNAR,20,501,0.9312833624418456,0.6241998821099626,0.0916952578752745,0.706266693491994
KNN_MICE,MNAR_RangeLimitation,MNAR,20,501,1.207599009432438,0.8021718455963308,0.1189016222618797,0.5061045766976767
MICE_within,MNAR_RangeLimitation,MNAR,20,501,1.0898781802631974,0.7819690136334712,0.1073106906257111,0.597704271399589
Full,MNAR_RangeLimitation,MNAR,30,501,0.8851691201072148,0.6001053034307163,0.0871547952050194,0.6943504389213843
KNN_MICE,MNAR_RangeLimitation,MNAR,30,501,1.2322695978059552,0.8533432672674689,0.1213307174804531,0.4076440780727801
MICE_within,MNAR_RangeLimitation,MNAR,30,501,1.0733248163230458,0.7814067241265983,0.1056808268952826,0.5505994407963501
Full,MCAR_RandomSensorFailures,MCAR,10,502,0.3829636601310897,0.1954347145295716,0.0501764185608306,0.8517868008250111
KNN_MICE,MCAR_RandomSensorFailures,MCAR,10,502,0.4447128294959129,0.2242852931350099,0.0582668785453952,0.8001376137678237
MICE_within,MCAR_RandomSensorFailures,MCAR,10,502,0.4387122592544251,0.2336006676069341,0.057480675687564,0.8054947661989346
Full,MCAR_RandomSensorFailures,MCAR,20,502,0.3548723083551276,0.1937279209336122,0.0464958515217342,0.8691211909012029
KNN_MICE,MCAR_RandomSensorFailures,MCAR,20,502,0.4299338202940045,0.248602727309403,0.0563305126996764,0.8078995725840854
MICE_within,MCAR_RandomSensorFailures,MCAR,20,502,0.4244170896265868,0.2719845274265509,0.0556077031595728,0.8127978477637986
Full,MCAR_RandomSensorFailures,MCAR,30,502,0.5354519068629676,0.2696786884979246,0.070155635625465,0.6960750282282137
KNN_MICE,MCAR_RandomSensorFailures,MCAR,30,502,0.588458476943758,0.3667010318908646,0.0771006283851888,0.6329230684108051
MICE_within,MCAR_RandomSensorFailures,MCAR,30,502,0.6616446543630826,0.4649298819758637,0.0866895806889197,0.5359390101259291
Full,MCAR_ConnectionIssues,MCAR,10,502,0.7322661951636587,0.5299870333578518,0.095942510821788,0.0892044959531591
KNN_MICE,MCAR_ConnectionIssues,MCAR,10,502,0.7258763956216556,0.5320003393069853,0.0951053106126883,0.1050304586009902
MICE_within,MCAR_ConnectionIssues,MCAR,10,502,0.7448086383039921,0.6181904809890565,0.0975858387463471,0.0577366115144361
Full,MCAR_ConnectionIssues,MCAR,20,502,0.84844728277686,0.6014294446174498,0.1111647146176705,0.0148985432253305
KNN_MICE,MCAR_ConnectionIssues,MCAR,20,502,0.8420720008001366,0.6055020086297543,0.1103294165196789,0.0296471420421858
MICE_within,MCAR_ConnectionIssues,MCAR,20,502,0.8295580133253754,0.6789589788698808,0.108689816895047,0.0582735668163569
Full,MCAR_ConnectionIssues,MCAR,30,502,0.8657823195595794,0.6290613053126426,0.1134359746664161,0.0092195156455757
KNN_MICE,MCAR_ConnectionIssues,MCAR,30,502,0.8615801791326313,0.6321145503015072,0.1128854045239599,0.0188138327095767
MICE_within,MCAR_ConnectionIssues,MCAR,30,502,0.853503007740761,0.7098425016274538,0.1118271225647595,0.0371245141106981
Full,MAR_ActivityDependent,MAR,10,502,0.3113993302261383,0.1504322851758878,0.0407999629198253,0.8971074612418362
KNN_MICE,MAR_ActivityDependent,MAR,10,502,0.3121446424866472,0.1509494471278521,0.0408976147438365,0.8966143398010549
MICE_within,MAR_ActivityDependent,MAR,10,502,0.3118789032695585,0.1510925409219724,0.040862797230916,0.896790296239526
Full,MAR_ActivityDependent,MAR,20,502,0.3992410800312703,0.1826646733194221,0.0523091082100842,0.8361202997221067
KNN_MICE,MAR_ActivityDependent,MAR,20,502,0.3309490468265328,0.1686406868734568,0.0433613933243478,0.8873899926932405
MICE_within,MAR_ActivityDependent,MAR,20,502,0.3265332916213422,0.1673507612068207,0.0427828350836992,0.8903749889999045
Full,MAR_ActivityDependent,MAR,30,502,0.3992410800312703,0.1826646733194221,0.0523091082100842,0.8361202997221067
KNN_MICE,MAR_ActivityDependent,MAR,30,502,0.3309490468265328,0.1686406868734568,0.0433613933243478,0.8873899926932405
MICE_within,MAR_ActivityDependent,MAR,30,502,0.3265332916213422,0.1673507612068207,0.0427828350836992,0.8903749889999045
Full,MAR_BatteryDepletion,MAR,10,502,0.5657576541775865,0.3255273105337643,0.0741263357737156,0.4260729400211426
KNN_MICE,MAR_BatteryDepletion,MAR,10,502,0.5718551071584849,0.3380818402498572,0.0749252323395668,0.4136352783099764
MICE_within,MAR_BatteryDepletion,MAR,10,502,0.5596169145027368,0.3399175057538468,0.0733217677264682,0.4384641469194155
Full,MAR_BatteryDepletion,MAR,20,502,0.4800766557928199,0.2728446043001776,0.0629002950674191,0.5809006463782072
KNN_MICE,MAR_BatteryDepletion,MAR,20,502,0.4907443260410512,0.2850046010440512,0.0642979877029578,0.562068294918966
MICE_within,MAR_BatteryDepletion,MAR,20,502,0.4728892602911868,0.284470213598408,0.0619585927530827,0.593355674872044
Full,MAR_BatteryDepletion,MAR,30,502,0.4527190741273438,0.2643849837620277,0.0593158675841713,0.6567871356896624
KNN_MICE,MAR_BatteryDepletion,MAR,30,502,0.4753137398810242,0.2817455456171158,0.0622762513597772,0.621673546328193
MICE_within,MAR_BatteryDepletion,MAR,30,502,0.4659372722464286,0.2923686267675363,0.0610477338432732,0.6364527381965017
Full,MNAR_ValueDependent,MNAR,10,502,0.5927264944814951,0.2749216859063785,0.077659829836118,0.7873890706974974
KNN_MICE,MNAR_ValueDependent,MNAR,10,502,0.5928726079100767,0.2754441298399636,0.0776789738158558,0.7872842360356774
MICE_within,MNAR_ValueDependent,MNAR,10,502,0.5927993405474737,0.2752181482036609,0.0776693742265591,0.7873368077342005
Full,MNAR_ValueDependent,MNAR,20,502,0.6040511907542843,0.2865339163169371,0.0791436069131995,0.7980207383820048
KNN_MICE,MNAR_ValueDependent,MNAR,20,502,0.608418223253236,0.2913131967827966,0.0797157814387437,0.7950897337393059
MICE_within,MNAR_ValueDependent,MNAR,20,502,0.6052767263249487,0.2882025005597729,0.0793041782471318,0.797200331508663
Full,MNAR_ValueDependent,MNAR,30,502,0.6111990427571669,0.3031185181125284,0.0800801281846558,0.7882260274415671
KNN_MICE,MNAR_ValueDependent,MNAR,30,502,0.6235983415232073,0.315613730948107,0.081704701139,0.7795464201082796
MICE_within,MNAR_ValueDependent,MNAR,30,502,0.6134419391082118,0.3061758885681944,0.0803739955089342,0.786668896101492
Full,MNAR_RangeLimitation,MNAR,10,502,0.855888522216823,0.516196962055468,0.1121396759093584,0.7173803021211085
KNN_MICE,MNAR_RangeLimitation,MNAR,10,502,0.8738895030509928,0.5503248426802729,0.114498188851635,0.7053672166174774
MICE_within,MNAR_RangeLimitation,MNAR,10,502,0.8634015101429355,0.542794501161613,0.1131240377850885,0.7123968549432107
Full,MNAR_RangeLimitation,MNAR,20,502,1.19655426211269,0.7541476647952144,0.1567741635484701,0.3610551418414154
KNN_MICE,MNAR_RangeLimitation,MNAR,20,502,1.2213605371104683,0.8182716630595832,0.1600243153691352,0.3342880535927415
MICE_within,MNAR_RangeLimitation,MNAR,20,502,1.2582920839161298,0.8266528609837588,0.1648631367601398,0.2934197204398863
Full,MNAR_RangeLimitation,MNAR,30,502,1.0666756564352555,0.6840643593057844,0.1397572923436741,0.3795732738723928
KNN_MICE,MNAR_RangeLimitation,MNAR,30,502,1.1742591810742613,0.8008175978602354,0.1538530317688937,0.2481111250560652
MICE_within,MNAR_RangeLimitation,MNAR,30,502,1.1601536082734405,0.8002684076774372,0.152004900474525,0.2660664847948283
Full,MCAR_RandomSensorFailures,MCAR,10,503,0.3111337576808803,0.187245335605274,0.0334144120613478,0.9325345421723212
KNN_MICE,MCAR_RandomSensorFailures,MCAR,10,503,0.389279680478936,0.2242518980531547,0.0418069442145664,0.8943886306228317
MICE_within,MCAR_RandomSensorFailures,MCAR,10,503,0.3479966546225537,0.2057249644332065,0.0373733268295982,0.9156009921067852
Full,MCAR_RandomSensorFailures,MCAR,20,503,0.2624522320663058,0.1595573322919796,0.0281862279877672,0.9525619220050938
KNN_MICE,MCAR_RandomSensorFailures,MCAR,20,503,0.4153291344469625,0.2391090890853865,0.0446045422487646,0.8812013959375228
MICE_within,MCAR_RandomSensorFailures,MCAR,20,503,0.4198436282317737,0.2690813166030317,0.0450893792420194,0.8786047548470189
Full,MCAR_RandomSensorFailures,MCAR,30,503,0.3499393759310842,0.2023165660312254,0.0375819666467863,0.9142302133140554
KNN_MICE,MCAR_RandomSensorFailures,MCAR,30,503,0.5858828690225594,0.3874347376277852,0.062921271388635,0.7595801603280705
MICE_within,MCAR_RandomSensorFailures,MCAR,30,503,0.8119002603524594,0.640199757429456,0.0871945559824406,0.5383061757472105
Full,MCAR_ConnectionIssues,MCAR,10,503,1.0612208371035894,0.8395924746047209,0.1139705013155082,-0.0518775017452755
KNN_MICE,MCAR_ConnectionIssues,MCAR,10,503,1.0149968527373614,0.7936553334645944,0.1090062464810501,0.0377608564171826
MICE_within,MCAR_ConnectionIssues,MCAR,10,503,1.049744194004656,0.906549883908267,0.1127379597730951,-0.0292493259560824
Full,MCAR_ConnectionIssues,MCAR,20,503,1.1887949947429997,0.944948601619088,0.1276714108648823,-0.0717313888945392
KNN_MICE,MCAR_ConnectionIssues,MCAR,20,503,1.1609722378981853,0.9057477505468172,0.1246833678160503,-0.0221524738909204
MICE_within,MCAR_ConnectionIssues,MCAR,20,503,1.140660648207788,0.9745047595846932,0.1225019914440525,0.0133004439172483
Full,MCAR_ConnectionIssues,MCAR,30,503,1.1893509311435455,0.946494528232777,0.1277311160158315,-0.0687585117120479
KNN_MICE,MCAR_ConnectionIssues,MCAR,30,503,1.1691846074904175,0.9093090108428068,0.125565340584291,-0.0328225964676163
MICE_within,MCAR_ConnectionIssues,MCAR,30,503,1.152814125026001,0.98099376939581,0.1238072219835118,-0.004102690741943
Full,MAR_ActivityDependent,MAR,10,503,0.3025694260940869,0.1540808907581091,0.0324946401060184,0.919870771361829
KNN_MICE,MAR_ActivityDependent,MAR,10,503,0.3026041949132019,0.1541119608426917,0.0324983741259378,0.9198523547044392
MICE_within,MAR_ActivityDependent,MAR,10,503,0.3024375589768643,0.1539371437058845,0.0324804781512853,0.9199406006765274
Full,MAR_ActivityDependent,MAR,20,503,0.33421886585197,0.1808691776171001,0.035893652252638,0.9019970645058092
KNN_MICE,MAR_ActivityDependent,MAR,20,503,0.3338420447523522,0.18074482734368,0.0358531833058098,0.9022179302870804
MICE_within,MAR_ActivityDependent,MAR,20,503,0.3334758909417204,0.1800917292557703,0.0358138599794132,0.902432304981366
Full,MAR_ActivityDependent,MAR,30,503,0.33421886585197,0.1808691776171001,0.035893652252638,0.9019970645058092
KNN_MICE,MAR_ActivityDependent,MAR,30,503,0.3338420447523522,0.18074482734368,0.0358531833058098,0.9022179302870804
MICE_within,MAR_ActivityDependent,MAR,30,503,0.3334758909417204,0.1800917292557703,0.0358138599794132,0.902432304981366
Full,MAR_BatteryDepletion,MAR,10,503,0.3880121507592067,0.2410022492057076,0.0416708170367547,0.628722832206149
KNN_MICE,MAR_BatteryDepletion,MAR,10,503,0.3897564983760733,0.2438597332778448,0.0418581523824358,0.6253771008988973
MICE_within,MAR_BatteryDepletion,MAR,10,503,0.3953182879942734,0.2476630792660547,0.0424554643921846,0.6146091472497625
Full,MAR_BatteryDepletion,MAR,20,503,0.4468859120452738,0.2746609303426472,0.0479936028825509,0.8093602320294426
KNN_MICE,MAR_BatteryDepletion,MAR,20,503,0.4548883190866395,0.2834933797436712,0.0488530265862208,0.8024715104572664
MICE_within,MAR_BatteryDepletion,MAR,20,503,0.4621464524394223,0.2915954225443815,0.0496325185335229,0.7961177488004423
Full,MAR_BatteryDepletion,MAR,30,503,0.3861464908889213,0.2385666371074018,0.0414704532827966,0.8938815130050096
KNN_MICE,MAR_BatteryDepletion,MAR,30,503,0.3926522622871001,0.2447035845790935,0.0421691448291464,0.8902756359866035
MICE_within,MAR_BatteryDepletion,MAR,30,503,0.4121336891506151,0.26061097369517,0.0442613653249634,0.8791175934350811
Full,MNAR_ValueDependent,MNAR,10,503,0.4273336332026355,0.1970098070999991,0.0458937731924008,0.9246641609481392
KNN_MICE,MNAR_ValueDependent,MNAR,10,503,0.427355216528478,0.1971277365923853,0.0458960911477032,0.9246565507864404
MICE_within,MNAR_ValueDependent,MNAR,10,503,0.4274113732674081,0.1973854152777992,0.0459021221371677,0.9246367484288952
Full,MNAR_ValueDependent,MNAR,20,503,0.4735919595668782,0.2213414946120629,0.050861716208049,0.9077787951335832
KNN_MICE,MNAR_ValueDependent,MNAR,20,503,0.4827316020426662,0.2281394169170238,0.051843274050103,0.9041849760194882
MICE_within,MNAR_ValueDependent,MNAR,20,503,0.477752046746304,0.2253538971694048,0.0513084914736473,0.9061515155743894
Full,MNAR_ValueDependent,MNAR,30,503,0.5699025004488271,0.2807979862352156,0.0612050493226173,0.8682152792928086
KNN_MICE,MNAR_ValueDependent,MNAR,30,503,0.5890899773764308,0.2919058879789354,0.0632657008740769,0.8591920410668599
MICE_within,MNAR_ValueDependent,MNAR,30,503,0.569530426251312,0.2820627962854843,0.0611650901724247,0.8683873006044025
Full,MNAR_RangeLimitation,MNAR,10,503,0.8296476924680546,0.4874161684318479,0.0891005529856637,0.7698162333088622
KNN_MICE,MNAR_RangeLimitation,MNAR,10,503,0.8681622795001009,0.5146779282083693,0.0932368520843344,0.7479486092564691
MICE_within,MNAR_RangeLimitation,MNAR,10,503,0.8294135667170254,0.4948545608338368,0.0890754088985117,0.7699461302364704
Full,MNAR_RangeLimitation,MNAR,20,503,0.7604651360399801,0.4697497289002563,0.0816706473875828,0.7799617292781866
KNN_MICE,MNAR_RangeLimitation,MNAR,20,503,0.8538289933773492,0.5528208798020975,0.0916975195083107,0.7226160026345119
MICE_within,MNAR_RangeLimitation,MNAR,20,503,0.8079587325917451,0.5275350004942653,0.0867712530476211,0.7516192323656952
Full,MNAR_RangeLimitation,MNAR,30,503,0.8190010695020605,0.5137295022763354,0.0879571519947227,0.7214861515175206
KNN_MICE,MNAR_RangeLimitation,MNAR,30,503,0.9076290506278462,0.6154237761118512,0.0974754116126321,0.6579460322314508
MICE_within,MNAR_RangeLimitation,MNAR,30,503,1.0146975607932769,0.641633118311712,0.108974103828254,0.5724852636504096
Full,MCAR_RandomSensorFailures,MCAR,10,504,0.3195181896507591,0.1645832104577326,0.0361031043693003,0.8748522704497386
KNN_MICE,MCAR_RandomSensorFailures,MCAR,10,504,0.3581955214858569,0.1929333389441344,0.0404733461683506,0.8427205056074433
MICE_within,MCAR_RandomSensorFailures,MCAR,10,504,0.3615121027430766,0.2094710676844871,0.0408480944085354,0.8397944771422341
Full,MCAR_RandomSensorFailures,MCAR,20,504,0.4572864341064623,0.2267811492991769,0.0516698591565508,0.7735631051789154
KNN_MICE,MCAR_RandomSensorFailures,MCAR,20,504,0.5113781683845502,0.2760607006237979,0.0577818101859829,0.7168249917916925
MICE_within,MCAR_RandomSensorFailures,MCAR,20,504,0.4891208155048542,0.288048220943314,0.0552669000493228,0.7409385177207275
Full,MCAR_RandomSensorFailures,MCAR,30,504,0.4433338191186257,0.224398634448636,0.0500933206950593,0.7851065121661542
KNN_MICE,MCAR_RandomSensorFailures,MCAR,30,504,0.557659028688325,0.3177425463751652,0.0630111923744415,0.6599842720683178
MICE_within,MCAR_RandomSensorFailures,MCAR,30,504,0.5603913394149681,0.3935078552518414,0.0633199225266784,0.6566442219271041
Full,MCAR_ConnectionIssues,MCAR,10,504,1.1080846226421417,0.830569645002693,0.1252050621124036,-0.0931071181113729
KNN_MICE,MCAR_ConnectionIssues,MCAR,10,504,1.1514826454434663,0.8543196841893043,0.1301087057776674,-0.1804066841604794
MICE_within,MCAR_ConnectionIssues,MCAR,10,504,1.0427097193871508,0.8240657405732091,0.1178181995430844,0.0320705366932957
Full,MCAR_ConnectionIssues,MCAR,20,504,0.9669220572345868,0.7268514295096764,0.1092547750958252,-0.0177862515653317
KNN_MICE,MCAR_ConnectionIssues,MCAR,20,504,1.032263760601705,0.7772109115421395,0.1166378863324951,-0.1599920349986412
MICE_within,MCAR_ConnectionIssues,MCAR,20,504,0.9312667745151748,0.751356347744877,0.1052260016643569,0.0558915983255402
Full,MCAR_ConnectionIssues,MCAR,30,504,0.9452610067660872,0.7320443988774089,0.106807242557325,0.0007592415123134
KNN_MICE,MCAR_ConnectionIssues,MCAR,30,504,1.000839658920743,0.7653134060791776,0.1130872039004891,-0.1202002537351976
MICE_within,MCAR_ConnectionIssues,MCAR,30,504,0.9175710967969628,0.7569716360134273,0.1036784951433373,0.0584441106551958
Full,MAR_ActivityDependent,MAR,10,504,0.3405489915474843,0.1967567986232836,0.0384794236539002,0.8523883104569421
KNN_MICE,MAR_ActivityDependent,MAR,10,504,0.3406136115030103,0.1969505663686779,0.0384867252131675,0.8523322858258812
MICE_within,MAR_ActivityDependent,MAR,10,504,0.3405749168276339,0.1968289697593746,0.0384823530116813,0.8523658348650848
Full,MAR_ActivityDependent,MAR,20,504,0.3472566320759417,0.2077165454460574,0.0392373355785244,0.8498523733653315
KNN_MICE,MAR_ActivityDependent,MAR,20,504,0.3473406078008397,0.2081904342561216,0.0392468241912504,0.8497797453479701
MICE_within,MAR_ActivityDependent,MAR,20,504,0.3472007969094006,0.2077534826011474,0.0392310266330234,0.8499006537607187
Full,MAR_ActivityDependent,MAR,30,504,0.3472566320759417,0.2077165454460574,0.0392373355785244,0.8498523733653315
KNN_MICE,MAR_ActivityDependent,MAR,30,504,0.3473406078008397,0.2081904342561216,0.0392468241912504,0.8497797453479701
MICE_within,MAR_ActivityDependent,MAR,30,504,0.3472007969094006,0.2077534826011474,0.0392310266330234,0.8499006537607187
Full,MAR_BatteryDepletion,MAR,10,504,0.3728710047829499,0.218615285040288,0.042131563203581,0.8465857677149533
KNN_MICE,MAR_BatteryDepletion,MAR,10,504,0.3763647090539599,0.2224606563311899,0.0425263249855928,0.8436973963116607
MICE_within,MAR_BatteryDepletion,MAR,10,504,0.3845988810191034,0.2280295299956798,0.0434567232523622,0.8367833507793028
Full,MAR_BatteryDepletion,MAR,20,504,0.3487312963905007,0.2081167342379334,0.039403961333748,0.8619589473094789
KNN_MICE,MAR_BatteryDepletion,MAR,20,504,0.3481598847193899,0.2078844180999044,0.0393393961982779,0.8624109494477876
MICE_within,MAR_BatteryDepletion,MAR,20,504,0.3578076034942508,0.2162224132596356,0.0404295144110631,0.8546799480712544
Full,MAR_BatteryDepletion,MAR,30,504,0.3414989646777747,0.2064124992495213,0.0385867633302686,0.8693125978330436
KNN_MICE,MAR_BatteryDepletion,MAR,30,504,0.3408214089593609,0.2064101922084141,0.0385102047316966,0.8698306676568333
MICE_within,MAR_BatteryDepletion,MAR,30,504,0.3476175911211619,0.2145409692888585,0.0392781211816755,0.8645876005248249
Full,MNAR_ValueDependent,MNAR,10,504,0.9278597465639588,0.248138052564583,0.1048410336415776,0.4866863183518209
KNN_MICE,MNAR_ValueDependent,MNAR,10,504,0.9268497783078058,0.2487898838817332,0.1047269149762163,0.4878031862232794
MICE_within,MNAR_ValueDependent,MNAR,10,504,0.9272811457744566,0.2486158935910082,0.1047756561908778,0.4873263096841699
Full,MNAR_ValueDependent,MNAR,20,504,0.7026358265721616,0.2443157176260663,0.0793924584014183,0.7036496098401819
KNN_MICE,MNAR_ValueDependent,MNAR,20,504,0.7004471167505038,0.2449071198110328,0.0791451509814189,0.7054929965620376
MICE_within,MNAR_ValueDependent,MNAR,20,504,0.701729709913771,0.2445994596577117,0.0792900741699466,0.7044134618064593
Full,MNAR_ValueDependent,MNAR,30,504,0.5025384124020829,0.256098894343173,0.0567829855707615,0.8392996618556188
KNN_MICE,MNAR_ValueDependent,MNAR,30,504,0.5120022849355531,0.2675480439891526,0.0578523305685756,0.8331900078142632
MICE_within,MNAR_ValueDependent,MNAR,30,504,0.5064407786156556,0.2615646687355109,0.0572239230173897,0.8367941959560763
Full,MNAR_RangeLimitation,MNAR,10,504,0.9380146751873484,0.5535505220147207,0.1059884626763807,0.6454962781273846
KNN_MICE,MNAR_RangeLimitation,MNAR,10,504,0.9922963668832152,0.6177182651354103,0.1121218774368365,0.6032797803221603
MICE_within,MNAR_RangeLimitation,MNAR,10,504,0.9838190275006284,0.6159703333412444,0.1111640031172616,0.6100293083443209
Full,MNAR_RangeLimitation,MNAR,20,504,0.8100249945367534,0.4925160999543728,0.091526610586606,0.6619163486042352
KNN_MICE,MNAR_RangeLimitation,MNAR,20,504,0.93313792991482,0.6084836224601217,0.1054374278706658,0.5513382807904308
MICE_within,MNAR_RangeLimitation,MNAR,20,504,0.9346923679613474,0.6149395530161795,0.1056130674456482,0.5498422581580129
Full,MNAR_RangeLimitation,MNAR,30,504,0.7446016937641974,0.45922393175295,0.0841342794690649,0.6690268378899669
KNN_MICE,MNAR_RangeLimitation,MNAR,30,504,0.8956026194488053,0.6033825781520579,0.1011962257257431,0.5211765076423893
MICE_within,MNAR_RangeLimitation,MNAR,30,504,0.9100538768075506,0.6230686541750211,0.1028291069500035,0.5055994470341751
Full,MCAR_RandomSensorFailures,MCAR,10,505,0.4616140927064546,0.2152991573244026,0.0551160077766873,0.7705636759741963
KNN_MICE,MCAR_RandomSensorFailures,MCAR,10,505,0.519197045525784,0.2613614182161961,0.0619913231657541,0.709752503289073
MICE_within,MCAR_RandomSensorFailures,MCAR,10,505,0.4551908520028415,0.2198470887001899,0.0543490827842197,0.7769043467172948
Full,MCAR_RandomSensorFailures,MCAR,20,505,0.4821152886002458,0.2195880183370281,0.0575638188166162,0.7442066135308316
KNN_MICE,MCAR_RandomSensorFailures,MCAR,20,505,0.5205000495430292,0.2554310345386933,0.0621468998274771,0.7018539538658726
MICE_within,MCAR_RandomSensorFailures,MCAR,20,505,0.4840098200115041,0.2248581976849556,0.0577900229330977,0.7421923203460159
Full,MCAR_RandomSensorFailures,MCAR,30,505,0.5917162377641685,0.2971660162286855,0.0706500024100024,0.6110562774905344
KNN_MICE,MCAR_RandomSensorFailures,MCAR,30,505,0.6622835868616623,0.3750813196089086,0.0790756346060086,0.5127545678870788
MICE_within,MCAR_RandomSensorFailures,MCAR,30,505,0.5579628713092414,0.3049221910502928,0.066619902728444,0.654163845915088
Full,MCAR_ConnectionIssues,MCAR,10,505,0.8840476552495122,0.5571645348734297,0.1055539209299644,0.252907752609358
KNN_MICE,MCAR_ConnectionIssues,MCAR,10,505,1.3203246911172766,1.0467918766398687,0.1576447233591026,-0.6664196057654255
MICE_within,MCAR_ConnectionIssues,MCAR,10,505,0.8213697325852286,0.6063589796197211,0.0980702740318874,0.3550882840934947
Full,MCAR_ConnectionIssues,MCAR,20,505,0.8261864017513585,0.5019013228596715,0.0986453768708446,0.3421871705242209
KNN_MICE,MCAR_ConnectionIssues,MCAR,20,505,1.318465375504038,1.0684862195243576,0.1574227239543666,-0.6752657609877006
MICE_within,MCAR_ConnectionIssues,MCAR,20,505,0.8072511398450064,0.5978810165029312,0.0963845359238856,0.3719942965285946
Full,MCAR_ConnectionIssues,MCAR,30,505,0.8685503497997813,0.5589158236511502,0.1037035666596318,0.1497983006062696
KNN_MICE,MCAR_ConnectionIssues,MCAR,30,505,1.2235455340145869,0.9623429028716164,0.146089441880976,-0.6872220480846096
MICE_within,MCAR_ConnectionIssues,MCAR,30,505,0.7770664959463597,0.582734439479061,0.0927805361887382,0.319468334087002
Full,MAR_ActivityDependent,MAR,10,505,0.3634524114518305,0.1683595229784588,0.0433956550559072,0.8457960711430867
KNN_MICE,MAR_ActivityDependent,MAR,10,505,0.3635844639946191,0.1684944447409599,0.043411421925009,0.8456839974877601
MICE_within,MAR_ActivityDependent,MAR,10,505,0.3633819881272684,0.1682741738983841,0.0433872466200176,0.845855823126583
Full,MAR_ActivityDependent,MAR,20,505,0.4051160616155133,0.1934334310391149,0.0483702303617936,0.8104660981494748
KNN_MICE,MAR_ActivityDependent,MAR,20,505,0.4047678046870445,0.1935639450441176,0.048328649023873,0.8107918226990456
MICE_within,MAR_ActivityDependent,MAR,20,505,0.4047219722914038,0.1936130958016227,0.0483231767068132,0.8108346688591244
Full,MAR_ActivityDependent,MAR,30,505,0.4051160616155133,0.1934334310391149,0.0483702303617936,0.8104660981494748
KNN_MICE,MAR_ActivityDependent,MAR,30,505,0.4047678046870445,0.1935639450441176,0.048328649023873,0.8107918226990456
MICE_within,MAR_ActivityDependent,MAR,30,505,0.4047219722914038,0.1936130958016227,0.0483231767068132,0.8108346688591244
Full,MAR_BatteryDepletion,MAR,10,505,0.4601026445709216,0.2239947648592485,0.054935543210054,0.5236261033781084
KNN_MICE,MAR_BatteryDepletion,MAR,10,505,0.4636103898603262,0.2262955118164721,0.0553543625652344,0.5163348260214913
MICE_within,MAR_BatteryDepletion,MAR,10,505,0.4654443155947907,0.2286050198565437,0.0555733304577655,0.5125007428566033
Full,MAR_BatteryDepletion,MAR,20,505,0.4112993991557176,0.2033504628480909,0.0491085112880835,0.5975499103541533
KNN_MICE,MAR_BatteryDepletion,MAR,20,505,0.4135853306312091,0.2071483892818258,0.0493814479660811,0.5930639818258576
MICE_within,MAR_BatteryDepletion,MAR,20,505,0.4206200429800554,0.2114978444461503,0.0502213817260158,0.5791030243227371
Full,MAR_BatteryDepletion,MAR,30,505,0.5634551603692606,0.2756937191920662,0.0672756735364127,0.3260637046229314
KNN_MICE,MAR_BatteryDepletion,MAR,30,505,0.4840868313726029,0.2627125921389536,0.057799217970347,0.5025531762158398
MICE_within,MAR_BatteryDepletion,MAR,30,505,0.722283951973573,0.4263634076259664,0.0862395852790118,-0.1074294182187176
Full,MNAR_ValueDependent,MNAR,10,505,0.7063754996479401,0.3102825038518885,0.0843401407084314,0.6889538121024743
KNN_MICE,MNAR_ValueDependent,MNAR,10,505,0.7063754364416723,0.3102824893442859,0.0843401331617009,0.6889538677671108
MICE_within,MNAR_ValueDependent,MNAR,10,505,0.7063754639610184,0.3102825236525668,0.0843401364474682,0.6889538435313125
Full,MNAR_ValueDependent,MNAR,20,505,0.8291786321610831,0.3555575688295573,0.0990026445477587,0.6168106173576982
KNN_MICE,MNAR_ValueDependent,MNAR,20,505,0.8291967555044458,0.3555936937437929,0.0990048084468889,0.6167938664469053
MICE_within,MNAR_ValueDependent,MNAR,20,505,0.8292352707607389,0.355701043320645,0.0990094071088425,0.6167582666326876
Full,MNAR_ValueDependent,MNAR,30,505,0.842548055186649,0.3647983797126408,0.1005989329520546,0.6000363525327671
KNN_MICE,MNAR_ValueDependent,MNAR,30,505,0.842517672280552,0.364604538381898,0.10059530528012,0.6000651979826197
MICE_within,MNAR_ValueDependent,MNAR,30,505,0.8425029589336519,0.3644294945874154,0.1005935485292864,0.6000791664210086
Full,MNAR_RangeLimitation,MNAR,10,505,0.9347870065053856,0.4863988515525522,0.1116121208909026,0.5740474960142683
KNN_MICE,MNAR_RangeLimitation,MNAR,10,505,0.8684826398216806,0.4513967235105359,0.1036954821931077,0.6323300594534038
MICE_within,MNAR_RangeLimitation,MNAR,10,505,0.885065236377897,0.4885642580802991,0.1056754185407861,0.6181556163861772
Full,MNAR_RangeLimitation,MNAR,20,505,0.8549449695971216,0.471597460236376,0.102079105333813,0.579968040240747
KNN_MICE,MNAR_RangeLimitation,MNAR,20,505,0.8465315633606956,0.4653885216747769,0.1010745576588568,0.5881943268529256
MICE_within,MNAR_RangeLimitation,MNAR,20,505,0.8870359518535489,0.5409891648771864,0.1059107189165715,0.5478438330269757
Full,MNAR_RangeLimitation,MNAR,30,505,0.816268889698415,0.4641896869852577,0.0974612412907747,0.5581832487254074
KNN_MICE,MNAR_RangeLimitation,MNAR,30,505,0.91910089952794,0.5203524350616338,0.1097392240105541,0.439852926987897
MICE_within,MNAR_RangeLimitation,MNAR,30,505,0.969555368127348,0.6410109876486795,0.1157634094235024,0.376665852358347
Full,MCAR_RandomSensorFailures,MCAR,10,506,0.2530558846885454,0.143877138277107,0.0366561732912531,0.92963866172646
KNN_MICE,MCAR_RandomSensorFailures,MCAR,10,506,0.2684660687339739,0.1562397808793072,0.0388884010756991,0.9208082362573908
MICE_within,MCAR_RandomSensorFailures,MCAR,10,506,0.2689495190287218,0.1610109551541076,0.0389584308155876,0.9205227644022056
Full,MCAR_RandomSensorFailures,MCAR,20,506,0.3868987349965686,0.2047629997270436,0.0560438540824923,0.8541785463527773
KNN_MICE,MCAR_RandomSensorFailures,MCAR,20,506,0.5932254324104738,0.2590470536681336,0.0859311146942129,0.6571798608200683
MICE_within,MCAR_RandomSensorFailures,MCAR,20,506,0.4515268426342162,0.2499489814919015,0.0654054981160508,0.801393274555861
Full,MCAR_RandomSensorFailures,MCAR,30,506,0.3931874127667597,0.2225944880204064,0.0569547946140698,0.8478619545842973
KNN_MICE,MCAR_RandomSensorFailures,MCAR,30,506,0.6756510686360115,0.3933096831106896,0.0978708030711253,0.550754685715886
MICE_within,MCAR_RandomSensorFailures,MCAR,30,506,0.5354904780644146,0.3753522061127159,0.0775679719280351,0.717809671242708
Full,MCAR_ConnectionIssues,MCAR,10,506,0.9882117851871768,0.7717505703843122,0.1431464930794375,-0.1686268782155595
KNN_MICE,MCAR_ConnectionIssues,MCAR,10,506,1.2002549646364309,0.9532037370465952,0.1738618093451966,-0.7239427330439778
MICE_within,MCAR_ConnectionIssues,MCAR,10,506,0.8793007252622118,0.7302540461182403,0.1273702834455175,0.0747679340923421
Full,MCAR_ConnectionIssues,MCAR,20,506,1.101696368879813,0.864313287494558,0.1595851962174535,-0.1928269901304362
KNN_MICE,MCAR_ConnectionIssues,MCAR,20,506,1.292190943770816,1.0068307345477994,0.1871791095415497,-0.640994053439216
MICE_within,MCAR_ConnectionIssues,MCAR,20,506,0.9772404524453542,0.8215112539197894,0.141557250945372,0.0614519893433592
Full,MCAR_ConnectionIssues,MCAR,30,506,1.1020438551433038,0.8592891227300439,0.15963553101487,-0.167048587957967
KNN_MICE,MCAR_ConnectionIssues,MCAR,30,506,1.2964834023761391,1.002328361959872,0.1878008896146585,-0.6151955350239173
MICE_within,MCAR_ConnectionIssues,MCAR,30,506,0.9906379465942704,0.8263567958700901,0.1434979324189353,0.056979568596269
Full,MAR_ActivityDependent,MAR,10,506,0.3026336782713682,0.1480779312499857,0.0438377181709806,0.916858578559956
KNN_MICE,MAR_ActivityDependent,MAR,10,506,0.3024896383069379,0.1481701551570072,0.0438168533967687,0.9169377028498372
MICE_within,MAR_ActivityDependent,MAR,10,506,0.3028484355385626,0.148803986713765,0.043868826633886,0.9167405377665924
Full,MAR_ActivityDependent,MAR,20,506,0.3099521647127172,0.1551353655527233,0.044897830673616,0.910930459741737
KNN_MICE,MAR_ActivityDependent,MAR,20,506,0.3104047681965379,0.1558122543516388,0.0449633921275832,0.910670144620832
MICE_within,MAR_ActivityDependent,MAR,20,506,0.3095796037207124,0.1545398594884545,0.044843863699873,0.9111444533617008
Full,MAR_ActivityDependent,MAR,30,506,0.3099521647127172,0.1551353655527233,0.044897830673616,0.910930459741737
KNN_MICE,MAR_ActivityDependent,MAR,30,506,0.3104047681965379,0.1558122543516388,0.0449633921275832,0.910670144620832
MICE_within,MAR_ActivityDependent,MAR,30,506,0.3095796037207124,0.1545398594884545,0.044843863699873,0.9111444533617008
Full,MAR_BatteryDepletion,MAR,10,506,0.4590994613348385,0.2802254974743372,0.0665024227092103,0.6083598568880226
KNN_MICE,MAR_BatteryDepletion,MAR,10,506,0.5309279963519824,0.3122569885222337,0.0769070779105143,0.4762248527524075
MICE_within,MAR_BatteryDepletion,MAR,10,506,0.4464565327592205,0.269013025354803,0.0646710431254192,0.6296332432769315
Full,MAR_BatteryDepletion,MAR,20,506,0.4008944940347941,0.2488949871818938,0.0580711966565615,0.767369235969749
KNN_MICE,MAR_BatteryDepletion,MAR,20,506,0.494447467145243,0.2846908785428304,0.0716227250016511,0.6461271230277407
MICE_within,MAR_BatteryDepletion,MAR,20,506,0.3747283600505733,0.2294458855232367,0.0542809258123634,0.796745537816299
Full,MAR_BatteryDepletion,MAR,30,506,0.3872356326199311,0.2416235420034216,0.0560926550723551,0.7918712568411433
KNN_MICE,MAR_BatteryDepletion,MAR,30,506,0.4726743300700853,0.2731507403504483,0.0684687976124363,0.6898973556660217
MICE_within,MAR_BatteryDepletion,MAR,30,506,0.3476991261827676,0.2151275624326098,0.0503656314424754,0.8322012839482787
Full,MNAR_ValueDependent,MNAR,10,506,0.3868643923995701,0.2165198060649441,0.0560388794177522,0.9294941118001372
KNN_MICE,MNAR_ValueDependent,MNAR,10,506,0.3903404327142313,0.2191216787192682,0.0565423979836153,0.928221405587742
MICE_within,MNAR_ValueDependent,MNAR,10,506,0.3878061297643259,0.2176538271883901,0.0561752939021647,0.9291504314488204
Full,MNAR_ValueDependent,MNAR,20,506,0.454728407426199,0.2355347636996244,0.0658692577870126,0.9028434778311674
KNN_MICE,MNAR_ValueDependent,MNAR,20,506,0.4842902734564893,0.2530076235020497,0.0701514142180034,0.8898005868221974
MICE_within,MNAR_ValueDependent,MNAR,20,506,0.4693961270674617,0.2448962554008914,0.0679939365852131,0.896474629756675
Full,MNAR_ValueDependent,MNAR,30,506,0.4900667784369173,0.2828405365910718,0.070988164439564,0.8818728210145026
KNN_MICE,MNAR_ValueDependent,MNAR,30,506,0.5652788661717643,0.3232925490037752,0.0818829410024513,0.8428317544850057
MICE_within,MNAR_ValueDependent,MNAR,30,506,0.5173092559535556,0.3013879191427939,0.0749343480185865,0.8683745692866083
Full,MNAR_RangeLimitation,MNAR,10,506,0.6476159851314163,0.4145088035427923,0.0938098072936748,0.8224890790442557
KNN_MICE,MNAR_RangeLimitation,MNAR,10,506,0.7553519797179044,0.4758707740111064,0.1094158039379669,0.7585158109768899
MICE_within,MNAR_RangeLimitation,MNAR,10,506,0.707208856194506,0.468213477339914,0.1024420768467045,0.7883173135182711
Full,MNAR_RangeLimitation,MNAR,20,506,0.8224542269297828,0.5016014814270416,0.1191358371435115,0.6891183297728979
KNN_MICE,MNAR_RangeLimitation,MNAR,20,506,0.982460058614246,0.604643376542342,0.1423133321108999,0.556389875580616
MICE_within,MNAR_RangeLimitation,MNAR,20,506,0.9089047684307424,0.5764640814414285,0.1316585494063862,0.6203281430634198
Full,MNAR_RangeLimitation,MNAR,30,506,0.7001796695692917,0.4300010268611208,0.1014238705981221,0.7429409379861083
KNN_MICE,MNAR_RangeLimitation,MNAR,30,506,0.9684639552903768,0.6121309481508862,0.1402859396656561,0.5082086918169926
MICE_within,MNAR_RangeLimitation,MNAR,30,506,0.890859555894152,0.5759860643111793,0.1290446270364999,0.5838667566439678
Full,MCAR_RandomSensorFailures,MCAR,10,507,0.3338189170606627,0.1923240689529392,0.0357152854586933,0.8816682033011991
KNN_MICE,MCAR_RandomSensorFailures,MCAR,10,507,0.3793393661384937,0.2189220081979899,0.0405855182403999,0.8471957620925323
MICE_within,MCAR_RandomSensorFailures,MCAR,10,507,0.3551002506351235,0.2120296253213572,0.0379921753073756,0.8660997066269178
Full,MCAR_RandomSensorFailures,MCAR,20,507,0.3676073440556751,0.214412668411223,0.0393303092145453,0.8534068201246959
KNN_MICE,MCAR_RandomSensorFailures,MCAR,20,507,0.4209408037833267,0.245191757923705,0.0450364559944974,0.8077849188376013
MICE_within,MCAR_RandomSensorFailures,MCAR,20,507,0.4619677351291099,0.3027283311970588,0.0494259273204815,0.7684905643245817
Full,MCAR_RandomSensorFailures,MCAR,30,507,0.5352235461703423,0.2894597880363407,0.0572635664389688,0.6892468877898104
KNN_MICE,MCAR_RandomSensorFailures,MCAR,30,507,0.567064921310893,0.3341121915713521,0.0606702751196978,0.651172568844015
MICE_within,MCAR_RandomSensorFailures,MCAR,30,507,0.6258671607923403,0.4545212686517194,0.0669615266376838,0.5750778267538428
Full,MCAR_ConnectionIssues,MCAR,10,507,0.9371289617705236,0.7010123248248158,0.1002634262789873,-0.0879611652113838
KNN_MICE,MCAR_ConnectionIssues,MCAR,10,507,0.9024625262384248,0.6955930445027714,0.0965544643910086,-0.0089578612470073
MICE_within,MCAR_ConnectionIssues,MCAR,10,507,0.926567010479498,0.7511875684050213,0.0991334031254724,-0.0635755396654118
Full,MCAR_ConnectionIssues,MCAR,20,507,1.0001668491387212,0.7499891824205422,0.1070078497583163,-0.2209573214219831
KNN_MICE,MCAR_ConnectionIssues,MCAR,20,507,0.9006943334239002,0.6951670839087997,0.0963652854443126,0.0098284744641212
MICE_within,MCAR_ConnectionIssues,MCAR,20,507,0.9317562012911238,0.7640540947447503,0.0996885946429836,-0.0596444211030129
Full,MCAR_ConnectionIssues,MCAR,30,507,0.9473998000511566,0.7088005551009033,0.1013623032519367,-0.0186165388388652
KNN_MICE,MCAR_ConnectionIssues,MCAR,30,507,0.9359713680326408,0.7154031253673014,0.1001395753266275,0.0058102688252427
MICE_within,MCAR_ConnectionIssues,MCAR,30,507,0.9251248023270314,0.7493985437021673,0.0989791012773035,0.0287192203245066
Full,MAR_ActivityDependent,MAR,10,507,0.4454879566889211,0.216768022222991,0.0476627558487449,0.8041581681526702
KNN_MICE,MAR_ActivityDependent,MAR,10,507,0.4462157978442314,0.2176911172976691,0.0477406275729102,0.8035177100400389
MICE_within,MAR_ActivityDependent,MAR,10,507,0.4456578352300094,0.2171919340283349,0.0476809311536129,0.8040087783992659
Full,MAR_ActivityDependent,MAR,20,507,0.4592869909262843,0.2352677143600912,0.0491391145020568,0.7935958977157107
KNN_MICE,MAR_ActivityDependent,MAR,20,507,0.4686105908274169,0.2383216323323767,0.0501366464421388,0.7851307662483558
MICE_within,MAR_ActivityDependent,MAR,20,507,0.4612555811996539,0.2364789449631724,0.049349733972588,0.7918227323135323
Full,MAR_ActivityDependent,MAR,30,507,0.4592869909262843,0.2352677143600912,0.0491391145020568,0.7935958977157107
KNN_MICE,MAR_ActivityDependent,MAR,30,507,0.4686105908274169,0.2383216323323767,0.0501366464421388,0.7851307662483558
MICE_within,MAR_ActivityDependent,MAR,30,507,0.4612555811996539,0.2364789449631724,0.049349733972588,0.7918227323135323
Full,MAR_BatteryDepletion,MAR,10,507,0.4585427892345924,0.2415119490282561,0.0490594923641275,0.6291475807486497
KNN_MICE,MAR_BatteryDepletion,MAR,10,507,0.4605474808100763,0.2465603751453682,0.0492739743129202,0.6258978519919867
MICE_within,MAR_BatteryDepletion,MAR,10,507,0.4638811855864414,0.2537682271571765,0.0496306473821737,0.6204623216872562
Full,MAR_BatteryDepletion,MAR,20,507,0.476449035879091,0.2520208350867316,0.0509752816670022,0.6254031558668889
KNN_MICE,MAR_BatteryDepletion,MAR,20,507,0.4795350670751495,0.2568012719244976,0.051305456140253,0.6205348014016262
MICE_within,MAR_BatteryDepletion,MAR,20,507,0.4830740519105126,0.2628842091195287,0.051684092122725,0.6149132021525376
Full,MAR_BatteryDepletion,MAR,30,507,0.447770240990732,0.2403150798434981,0.0479069374429302,0.6651562969634456
KNN_MICE,MAR_BatteryDepletion,MAR,30,507,0.4509254382816886,0.2448547948281934,0.0482445119965752,0.6604207422726447
MICE_within,MAR_BatteryDepletion,MAR,30,507,0.4532343332042208,0.2490196726903034,0.0484915406610334,0.6569343116183788
Full,MNAR_ValueDependent,MNAR,10,507,0.7474616721230509,0.3739977289292077,0.0799709232309795,0.7767972170664211
KNN_MICE,MNAR_ValueDependent,MNAR,10,507,0.7479470391024862,0.3747017459343219,0.0800228526434148,0.7765072478585133
MICE_within,MNAR_ValueDependent,MNAR,10,507,0.7480112845607406,0.3745006346656741,0.0800297262649015,0.7764688520625824
Full,MNAR_ValueDependent,MNAR,20,507,0.764768603676864,0.3713741146283435,0.0818225918131592,0.7718611343728712
KNN_MICE,MNAR_ValueDependent,MNAR,20,507,0.7650840316256158,0.3722254784256485,0.0818563394489449,0.7716729043271733
MICE_within,MNAR_ValueDependent,MNAR,20,507,0.7649571477900485,0.3717366884911055,0.0818427641475591,0.7717486309510345
Full,MNAR_ValueDependent,MNAR,30,507,0.7885458104458373,0.3964647498637114,0.0843665151313513,0.7574938495288668
KNN_MICE,MNAR_ValueDependent,MNAR,30,507,0.790694974069286,0.4012305724138175,0.0845964541443491,0.7561701581729593
MICE_within,MNAR_ValueDependent,MNAR,30,507,0.7892226220019138,0.3980608612453786,0.0844389271987676,0.7570773831677078
Full,MNAR_RangeLimitation,MNAR,10,507,0.9913581395587364,0.6182506054719168,0.1060654059329572,0.6088635375379886
KNN_MICE,MNAR_RangeLimitation,MNAR,10,507,1.043670868957516,0.6636204439491409,0.1116623447764838,0.5664948379793542
MICE_within,MNAR_RangeLimitation,MNAR,10,507,1.014294301429982,0.644363069467803,0.1085193458587448,0.5905554250760754
Full,MNAR_RangeLimitation,MNAR,20,507,0.9354257865471646,0.610728755785413,0.100081203564277,0.5758128012062942
KNN_MICE,MNAR_RangeLimitation,MNAR,20,507,0.9922179766369889,0.6834046350982349,0.1061573999007292,0.522742167082876
MICE_within,MNAR_RangeLimitation,MNAR,20,507,0.9867540308617574,0.6698112637974455,0.105572812350055,0.5279840210103077
Full,MNAR_RangeLimitation,MNAR,30,507,0.8786004889112,0.5818057985333578,0.0940014650515106,0.5565943253694039
KNN_MICE,MNAR_RangeLimitation,MNAR,30,507,0.9295665837419652,0.6560318745549473,0.099454327464532,0.5036598906164005
MICE_within,MNAR_RangeLimitation,MNAR,30,507,0.9502842399633412,0.6683914401183046,0.1016709094740143,0.4812890463248164
Full,MCAR_RandomSensorFailures,MCAR,10,508,0.5079960359768795,0.2557256021787728,0.0640798739328286,0.6572704388702959
KNN_MICE,MCAR_RandomSensorFailures,MCAR,10,508,0.5085195702915243,0.2577299702553249,0.0641459138435878,0.6565636493180844
MICE_within,MCAR_RandomSensorFailures,MCAR,10,508,0.5060867615084167,0.2572641256069718,0.0638390333384586,0.6598418569829831
Full,MCAR_RandomSensorFailures,MCAR,20,508,0.4930997959805766,0.2334920243210369,0.0622008254493091,0.6507091202516853
KNN_MICE,MCAR_RandomSensorFailures,MCAR,20,508,0.5270962724464583,0.2646584812483537,0.066489224908775,0.6008855146360553
MICE_within,MCAR_RandomSensorFailures,MCAR,20,508,0.5125946824189677,0.2669281926884053,0.064659958546489,0.6225444691445424
Full,MCAR_RandomSensorFailures,MCAR,30,508,0.5327705840790392,0.2698769064226552,0.0672049965847727,0.6138572310503715
KNN_MICE,MCAR_RandomSensorFailures,MCAR,30,508,0.5677098191822787,0.3133040595569982,0.0716123179458925,0.5615498306571618
MICE_within,MCAR_RandomSensorFailures,MCAR,30,508,0.528501278830636,0.331115003192263,0.0666664558822408,0.620021070069161
Full,MCAR_ConnectionIssues,MCAR,10,508,0.7929839451131226,0.5888392935853409,0.1000289522651288,0.1737646924748758
KNN_MICE,MCAR_ConnectionIssues,MCAR,10,508,0.8459632225298503,0.647691534428513,0.1067118890943264,0.059675121952793
MICE_within,MCAR_ConnectionIssues,MCAR,10,508,0.8254478255512675,0.687875280991844,0.1041240262785438,0.1047296198554389
Full,MCAR_ConnectionIssues,MCAR,20,508,0.9458677493698336,0.6890589686137412,0.1193140927176562,-0.0954166336127042
KNN_MICE,MCAR_ConnectionIssues,MCAR,20,508,0.913395888418756,0.7051276421284435,0.1152180120226405,-0.0214958350492098
MICE_within,MCAR_ConnectionIssues,MCAR,20,508,0.8691605534257264,0.7153967006578589,0.1096380576746133,0.0750494582108693
Full,MCAR_ConnectionIssues,MCAR,30,508,0.8956584357008649,0.6426889377817024,0.1129805659530738,0.0116364410578739
KNN_MICE,MCAR_ConnectionIssues,MCAR,30,508,0.8972773968969471,0.686599588591627,0.1131847857146465,0.0080601482468751
MICE_within,MCAR_ConnectionIssues,MCAR,30,508,0.862672903982059,0.7167448928604545,0.1088196895594544,0.0830953020111544
Full,MAR_ActivityDependent,MAR,10,508,0.2552525449304284,0.1370673458620633,0.0321981860915937,0.9278009390255874
KNN_MICE,MAR_ActivityDependent,MAR,10,508,0.2571602930489839,0.1384568072062458,0.0324388341484187,0.9267176797324628
MICE_within,MAR_ActivityDependent,MAR,10,508,0.2558414057281006,0.1377602986445137,0.0322724664461761,0.9274674321658676
Full,MAR_ActivityDependent,MAR,20,508,0.2944353265351083,0.1703451224992316,0.0371407988833197,0.9060630228057932
KNN_MICE,MAR_ActivityDependent,MAR,20,508,0.3204958300771047,0.1876723711522094,0.0404281351287411,0.8886983721605548
MICE_within,MAR_ActivityDependent,MAR,20,508,0.2996206864077104,0.1762989147263847,0.0377948929773686,0.9027252017645686
Full,MAR_ActivityDependent,MAR,30,508,0.2944353265351083,0.1703451224992316,0.0371407988833197,0.9060630228057932
KNN_MICE,MAR_ActivityDependent,MAR,30,508,0.3204958300771047,0.1876723711522094,0.0404281351287411,0.8886983721605548
MICE_within,MAR_ActivityDependent,MAR,30,508,0.2996206864077104,0.1762989147263847,0.0377948929773686,0.9027252017645686
Full,MAR_BatteryDepletion,MAR,10,508,0.3298116203690287,0.1872655738899179,0.0416032519115782,0.6930797587648212
KNN_MICE,MAR_BatteryDepletion,MAR,10,508,0.3296183218376743,0.188001637208273,0.0415788687576885,0.6934394176896774
MICE_within,MAR_BatteryDepletion,MAR,10,508,0.3375644204550454,0.1965582076907195,0.042581209251704,0.6784807684320906
Full,MAR_BatteryDepletion,MAR,20,508,0.2919803773257861,0.1709371805924443,0.0368311255301757,0.7605400685767004
KNN_MICE,MAR_BatteryDepletion,MAR,20,508,0.2917887927652942,0.1718046038514121,0.0368069585808014,0.7608542114308818
MICE_within,MAR_BatteryDepletion,MAR,20,508,0.2966122896996271,0.1769847012616229,0.0374154063905821,0.7528823270250371
Full,MAR_BatteryDepletion,MAR,30,508,0.2759600240898268,0.1688703588893447,0.0348102786278066,0.8044165374074332
KNN_MICE,MAR_BatteryDepletion,MAR,30,508,0.2764886408939349,0.1702177023513129,0.0348769596563325,0.8036665176994249
MICE_within,MAR_BatteryDepletion,MAR,30,508,0.2791004895890558,0.1734729554568817,0.0352064246979112,0.799939670926135
Full,MNAR_ValueDependent,MNAR,10,508,0.7649134665726469,0.4026187571434045,0.0964880728119086,0.6681840177845801
KNN_MICE,MNAR_ValueDependent,MNAR,10,508,0.7658733616874834,0.4061970963742172,0.0966091563511319,0.6673506989752023
MICE_within,MNAR_ValueDependent,MNAR,10,508,0.7659722992235112,0.406309240330357,0.0966216365761472,0.6672647483999545
Full,MNAR_ValueDependent,MNAR,20,508,0.7880988436302501,0.4237520225719038,0.0994127335055285,0.6647383349068656
KNN_MICE,MNAR_ValueDependent,MNAR,20,508,0.7885904929180233,0.4257632274876363,0.0994747513602921,0.664319903704976
MICE_within,MNAR_ValueDependent,MNAR,20,508,0.7884583543350224,0.425195395013408,0.099458083073257,0.6644323894030101
Full,MNAR_ValueDependent,MNAR,30,508,0.8371074765836448,0.450364886712207,0.1055948034408473,0.6221954979035613
KNN_MICE,MNAR_ValueDependent,MNAR,30,508,0.8409441489181154,0.4577079262117414,0.10607877075969,0.6187244171657705
MICE_within,MNAR_ValueDependent,MNAR,30,508,0.8385907550078047,0.4532529129729578,0.1057819078426458,0.6208554411924623
Full,MNAR_RangeLimitation,MNAR,10,508,0.9555308830851864,0.628872538026637,0.120533024257319,0.6005445208552265
KNN_MICE,MNAR_RangeLimitation,MNAR,10,508,1.05339339611634,0.7157328049794395,0.1328776432182267,0.5145325582042781
MICE_within,MNAR_RangeLimitation,MNAR,10,508,1.0245717301947035,0.6941222999175729,0.1292420071344903,0.5407346679170011
Full,MNAR_RangeLimitation,MNAR,20,508,0.9010530130478102,0.6061431131308994,0.1136610512557758,0.5512590701442417
KNN_MICE,MNAR_RangeLimitation,MNAR,20,508,0.9913740994003484,0.684035175282623,0.1250543760399286,0.4567870263317818
MICE_within,MNAR_RangeLimitation,MNAR,20,508,0.9858703901455612,0.6772217890268922,0.1243601245689865,0.4628016831721619
Full,MNAR_RangeLimitation,MNAR,30,508,0.8534541658904011,0.5698572450836942,0.1076568151807258,0.5276152948551279
KNN_MICE,MNAR_RangeLimitation,MNAR,30,508,0.9519461342779704,0.692565086077962,0.1200808351940608,0.412293936376191
MICE_within,MNAR_RangeLimitation,MNAR,30,508,0.9055360114293052,0.6380244465753295,0.1142265477376033,0.4682017859959779
Full,MCAR_RandomSensorFailures,MCAR,10,509,0.4527020326226732,0.240883011298552,0.0406346224665636,0.918366104638674
KNN_MICE,MCAR_RandomSensorFailures,MCAR,10,509,0.5470603763650118,0.3102591428261443,0.0491042457468636,0.8807890493375514
MICE_within,MCAR_RandomSensorFailures,MCAR,10,509,0.5344862435658813,0.363905584810652,0.047975589142039,0.8862061751056203
Full,MCAR_RandomSensorFailures,MCAR,20,509,0.8158690141631212,0.3940431087252579,0.0732325613397863,0.7248997990236257
KNN_MICE,MCAR_RandomSensorFailures,MCAR,20,509,1.088187806226928,0.6034829401219117,0.0976759490620733,0.5106070159330169
MICE_within,MCAR_RandomSensorFailures,MCAR,20,509,0.9690625331377628,0.7611263293067071,0.0869832413881955,0.6118910710150666
Full,MCAR_RandomSensorFailures,MCAR,30,509,0.7289228649944345,0.3753320100491342,0.0654282580855619,0.7801095179755584
KNN_MICE,MCAR_RandomSensorFailures,MCAR,30,509,1.0547781438095964,0.5932203117341387,0.0946770912676901,0.5395679690588995
MICE_within,MCAR_RandomSensorFailures,MCAR,30,509,1.2373568770621255,1.085252650815052,0.1110653938630171,0.3663736388503318
Full,MCAR_ConnectionIssues,MCAR,10,509,1.4724226052216096,1.11022493690527,0.1321649393261803,-0.0650163317022305
KNN_MICE,MCAR_ConnectionIssues,MCAR,10,509,1.5541668391598893,1.1235937276575136,0.1395023176579208,-0.1865514970902655
MICE_within,MCAR_ConnectionIssues,MCAR,10,509,1.3713721106549024,1.193816165775036,0.1230946272867375,0.0761489832212772
Full,MCAR_ConnectionIssues,MCAR,20,509,1.4564063655099169,1.1189049434556402,0.1307273185356391,-0.0729616899046032
KNN_MICE,MCAR_ConnectionIssues,MCAR,20,509,1.543280412712835,1.1327341518856282,0.1385251499033974,-0.2047828235545741
MICE_within,MCAR_ConnectionIssues,MCAR,20,509,1.356126561095858,1.1911491024072205,0.1217261837941424,0.0697074925558938
Full,MCAR_ConnectionIssues,MCAR,30,509,1.4488861135031463,1.1036877202839428,0.1300522992533572,-0.0566833348697015
KNN_MICE,MCAR_ConnectionIssues,MCAR,30,509,1.5575429076396434,1.1400129839988664,0.1398053542210687,-0.2211145250588542
MICE_within,MCAR_ConnectionIssues,MCAR,30,509,1.3445352248230509,1.174261627324486,0.1206857431966046,0.090043299690239
Full,MAR_ActivityDependent,MAR,10,509,0.3286955562415891,0.172914081653036,0.0295037770361562,0.9335324744335016
KNN_MICE,MAR_ActivityDependent,MAR,10,509,0.3286838197886835,0.1728504227681208,0.0295027235698615,0.9335372209476646
MICE_within,MAR_ActivityDependent,MAR,10,509,0.3286832041697465,0.1729001400246961,0.029502668311786,0.9335374699146328
Full,MAR_ActivityDependent,MAR,20,509,0.3553710461984577,0.1939484682879616,0.0318981742011706,0.92117749979726
KNN_MICE,MAR_ActivityDependent,MAR,20,509,0.3573111498647561,0.1944162493949404,0.0320723182834697,0.9203145073982734
MICE_within,MAR_ActivityDependent,MAR,20,509,0.3581071257681874,0.1951333055358829,0.0321437652353224,0.9199590839505478
Full,MAR_ActivityDependent,MAR,30,509,0.3553710461984577,0.1939484682879616,0.0318981742011706,0.92117749979726
KNN_MICE,MAR_ActivityDependent,MAR,30,509,0.3573111498647561,0.1944162493949404,0.0320723182834697,0.9203145073982734
MICE_within,MAR_ActivityDependent,MAR,30,509,0.3581071257681874,0.1951333055358829,0.0321437652353224,0.9199590839505478
Full,MAR_BatteryDepletion,MAR,10,509,0.3232214193735732,0.2029240273187829,0.0290124174465528,0.9395696881309474
KNN_MICE,MAR_BatteryDepletion,MAR,10,509,0.3271977971212795,0.2069896065201751,0.0293693378863096,0.9380736744397736
MICE_within,MAR_BatteryDepletion,MAR,10,509,0.3326662992329056,0.2119017731351679,0.0298601916990839,0.9359864101051008
Full,MAR_BatteryDepletion,MAR,20,509,0.3307684128445874,0.2264341629376316,0.0296898370478646,0.945768896298344
KNN_MICE,MAR_BatteryDepletion,MAR,20,509,0.3348702358220265,0.2301589258891656,0.0300580174758324,0.9444155285325874
MICE_within,MAR_BatteryDepletion,MAR,20,509,0.3433119704388691,0.2390673279902565,0.0308157492163572,0.9415777501866416
Full,MAR_BatteryDepletion,MAR,30,509,0.3467511502137496,0.2365812600442485,0.0311244506616264,0.9424712671368528
KNN_MICE,MAR_BatteryDepletion,MAR,30,509,0.3540770223138383,0.2441944009666154,0.0317820223656915,0.940014749585368
MICE_within,MAR_BatteryDepletion,MAR,30,509,0.3679770676551814,0.2563643526519554,0.0330296931381008,0.935212608262495
Full,MNAR_ValueDependent,MNAR,10,509,0.4329765905424795,0.2340689739847097,0.0388640629502496,0.9511745282622428
KNN_MICE,MNAR_ValueDependent,MNAR,10,509,0.4330054804025737,0.2343788178138908,0.0388666561097087,0.9511680123990882
MICE_within,MNAR_ValueDependent,MNAR,10,509,0.4343315999805267,0.2362241759839285,0.0389856888608617,0.9508684493682424
Full,MNAR_ValueDependent,MNAR,20,509,0.5497272365759792,0.280180338802494,0.0493436236379147,0.9206087499852312
KNN_MICE,MNAR_ValueDependent,MNAR,20,509,0.5497477718321505,0.2804027339186533,0.0493454668865013,0.9206028184977628
MICE_within,MNAR_ValueDependent,MNAR,20,509,0.549573495202468,0.280030660177159,0.0493298237823366,0.9206531502340548
Full,MNAR_ValueDependent,MNAR,30,509,0.5961683732535451,0.3433896992816175,0.0535121890955916,0.906773568078945
KNN_MICE,MNAR_ValueDependent,MNAR,30,509,0.6287582314770033,0.3566754517756753,0.0564374611061391,0.8963024336468077
MICE_within,MNAR_ValueDependent,MNAR,30,509,0.6077934008680728,0.3503595294026428,0.0545556538345128,0.9031023694018838
Full,MNAR_RangeLimitation,MNAR,10,509,0.7513225502572384,0.4643320824682187,0.0674388581898971,0.8643591508678653
KNN_MICE,MNAR_RangeLimitation,MNAR,10,509,0.9028245693878868,0.5500823040905218,0.0810377088834331,0.8041406130861842
MICE_within,MNAR_RangeLimitation,MNAR,10,509,0.8110110037899582,0.5153186405042054,0.0727965053841536,0.8419512208768413
Full,MNAR_RangeLimitation,MNAR,20,509,0.7764786881835569,0.5137543266639589,0.0696968780212433,0.8387863873422343
KNN_MICE,MNAR_RangeLimitation,MNAR,20,509,0.949204159644042,0.6284662696288411,0.0852007499223577,0.7590860794675333
MICE_within,MNAR_RangeLimitation,MNAR,20,509,0.9977570655731354,0.6962154550252895,0.0895588681986406,0.7338096829277465
Full,MNAR_RangeLimitation,MNAR,30,509,0.7093116998561491,0.4767740332870955,0.0636679560897724,0.8539497866509435
KNN_MICE,MNAR_RangeLimitation,MNAR,30,509,1.1046868809116466,0.7568949811253785,0.0991569092136704,0.6457528689681519
MICE_within,MNAR_RangeLimitation,MNAR,30,509,0.9429624679932308,0.6618279710578729,0.0846404944662157,0.7418829082358316
Full,MCAR_RandomSensorFailures,MCAR,10,510,0.283359415037595,0.1225834779498263,0.0172716014015322,0.9717247603920524
KNN_MICE,MCAR_RandomSensorFailures,MCAR,10,510,0.2943873868358792,0.1389690933648507,0.0179437891710546,0.9694810634490848
MICE_within,MCAR_RandomSensorFailures,MCAR,10,510,0.2932291159867692,0.1366857813464312,0.0178731891085221,0.969720745277904
Full,MCAR_RandomSensorFailures,MCAR,20,510,0.5028717468931121,0.2178583211590168,0.0306515326737164,0.8704778476767617
KNN_MICE,MCAR_RandomSensorFailures,MCAR,20,510,0.5389268048336965,0.3008433233888334,0.0328491959812028,0.851238979114443
MICE_within,MCAR_RandomSensorFailures,MCAR,20,510,0.4842025438373272,0.2716017158605819,0.0295135890708155,0.87991639592543
Full,MCAR_RandomSensorFailures,MCAR,30,510,0.4903758597568353,0.2302334025404679,0.0298898710866198,0.8510757394427483
KNN_MICE,MCAR_RandomSensorFailures,MCAR,30,510,0.6221920784930325,0.3528292976211536,0.0379244627304751,0.7602513102730484
MICE_within,MCAR_RandomSensorFailures,MCAR,30,510,0.6889778967686335,0.4688193212982603,0.0419952575278821,0.706019945444117
Full,MCAR_ConnectionIssues,MCAR,10,510,1.4493627301049594,0.7504203973897584,0.0883429807945083,-0.0923152710187309
KNN_MICE,MCAR_ConnectionIssues,MCAR,10,510,1.5114348395078694,0.7937541044145368,0.0921264609785605,-0.1878803111359757
MICE_within,MCAR_ConnectionIssues,MCAR,10,510,1.2923713209254402,0.8328735786251158,0.0787738862138544,0.1315027441789112
Full,MCAR_ConnectionIssues,MCAR,20,510,1.301559755942264,0.7535454336357994,0.0793339487305469,-0.1104303101325072
KNN_MICE,MCAR_ConnectionIssues,MCAR,20,510,1.395225729880249,0.8295931272238452,0.0850431691795253,-0.2760040046508163
MICE_within,MCAR_ConnectionIssues,MCAR,20,510,1.1570941131389278,0.8059597201312887,0.07052833696577,0.1223922450344603
Full,MCAR_ConnectionIssues,MCAR,30,510,1.4040202520345175,0.771062423477932,0.0855792215324895,-0.1162729623176399
KNN_MICE,MCAR_ConnectionIssues,MCAR,30,510,1.5050383158425582,0.8505515164242589,0.0917365737849832,-0.2826813322127435
MICE_within,MCAR_ConnectionIssues,MCAR,30,510,1.2359003157771375,0.8226583679612309,0.0753318100381397,0.1350509070597623
Full,MAR_ActivityDependent,MAR,10,510,0.2868172431764573,0.1431520422743596,0.0174823663387816,0.9130157910619192
KNN_MICE,MAR_ActivityDependent,MAR,10,510,0.2899838883210514,0.1473134280174335,0.0176753828041433,0.9110844658652296
MICE_within,MAR_ActivityDependent,MAR,10,510,0.287804866547134,0.1442573069323809,0.0175425649285864,0.9124157187414004
Full,MAR_ActivityDependent,MAR,20,510,0.3082787205752738,0.1569533879705375,0.0187905073902133,0.9014437718483652
KNN_MICE,MAR_ActivityDependent,MAR,20,510,0.3172200646052817,0.1704767378592078,0.0193355089743667,0.8956437950767377
MICE_within,MAR_ActivityDependent,MAR,20,510,0.3116189517391381,0.1613207043072367,0.0189941044411304,0.899296467974211
Full,MAR_ActivityDependent,MAR,30,510,0.3082787205752738,0.1569533879705375,0.0187905073902133,0.9014437718483652
KNN_MICE,MAR_ActivityDependent,MAR,30,510,0.3172200646052817,0.1704767378592078,0.0193355089743667,0.8956437950767377
MICE_within,MAR_ActivityDependent,MAR,30,510,0.3116189517391381,0.1613207043072367,0.0189941044411304,0.899296467974211
Full,MAR_BatteryDepletion,MAR,10,510,0.8693529742674728,0.4737751192988751,0.0529896564290695,0.4006688271596814
KNN_MICE,MAR_BatteryDepletion,MAR,10,510,0.7202014831635429,0.4261823891108665,0.0438984282358949,0.5886773725188303
MICE_within,MAR_BatteryDepletion,MAR,10,510,0.5855996325048812,0.3682102062327132,0.0356940440188519,0.7280580736938704
Full,MAR_BatteryDepletion,MAR,20,510,0.8205999213572156,0.4229371331098963,0.0500180124593004,0.274691691123539
KNN_MICE,MAR_BatteryDepletion,MAR,20,510,0.7340066874601258,0.4030307992922826,0.0447398966086527,0.4196904147287753
MICE_within,MAR_BatteryDepletion,MAR,20,510,0.5686775255800985,0.3550016171823087,0.0346625911354523,0.6516692292775261
Full,MAR_BatteryDepletion,MAR,30,510,0.7615351075359003,0.3748953385458994,0.0464178359095213,0.2537332715690507
KNN_MICE,MAR_BatteryDepletion,MAR,30,510,0.7461065894531463,0.3921186171981296,0.0454774217203323,0.2836653293204375
MICE_within,MAR_BatteryDepletion,MAR,30,510,0.5351081900234078,0.3344807887033232,0.0326164400203658,0.6315340027778664
Full,MNAR_ValueDependent,MNAR,10,510,0.6474451915484527,0.2810691990630474,0.0394637152828675,0.973293566075764
KNN_MICE,MNAR_ValueDependent,MNAR,10,510,0.6474877343918104,0.2812845122646554,0.0394663083960445,0.973290056265272
MICE_within,MNAR_ValueDependent,MNAR,10,510,0.6474805832073152,0.2812505067860557,0.0394658725100228,0.9732906462584736
Full,MNAR_ValueDependent,MNAR,20,510,0.640085169135491,0.2908156192985759,0.0390150999672051,0.972616088610432
KNN_MICE,MNAR_ValueDependent,MNAR,20,510,0.6388733943079163,0.2912400435086619,0.0389412386776216,0.9727196739638754
MICE_within,MNAR_ValueDependent,MNAR,20,510,0.6393569070188634,0.2910448453937842,0.0389707102193205,0.9726783656987515
Full,MNAR_ValueDependent,MNAR,30,510,0.7217319078831038,0.3311106362982537,0.0439917121866957,0.9632525101204236
KNN_MICE,MNAR_ValueDependent,MNAR,30,510,0.7243066076165171,0.336690187424084,0.0441486478139034,0.9629898571506048
MICE_within,MNAR_ValueDependent,MNAR,30,510,0.723093953189855,0.3345594609941165,0.0440747329101324,0.9631136802470096
Full,MNAR_RangeLimitation,MNAR,10,510,0.7926651022682379,0.4462611180617679,0.0483153019265845,0.8878949503158056
KNN_MICE,MNAR_RangeLimitation,MNAR,10,510,0.7934797050440061,0.4527266678510082,0.048364954395135,0.8876644166172103
MICE_within,MNAR_RangeLimitation,MNAR,10,510,0.8138424128892637,0.4706960580648629,0.0496061221654471,0.8818248024998425
Full,MNAR_RangeLimitation,MNAR,20,510,0.7343033505595216,0.4395440670838783,0.0447579791092911,0.8977103109310832
KNN_MICE,MNAR_RangeLimitation,MNAR,20,510,1.4426032567595066,0.7663235366072985,0.0879309707355115,0.6052022623128921
MICE_within,MNAR_RangeLimitation,MNAR,20,510,1.1420392202305918,0.6693022880569247,0.0696106963452138,0.7525754002351739
Full,MNAR_RangeLimitation,MNAR,30,510,1.672720005311764,0.8102738876842855,0.1019572728306223,0.3778962206647813
KNN_MICE,MNAR_RangeLimitation,MNAR,30,510,1.9275414938478617,0.9299015678411268,0.1174894025040149,0.1739167632416097
MICE_within,MNAR_RangeLimitation,MNAR,30,510,1.8411787076001744,0.9449286743314566,0.112225333124856,0.2462831482672607
Full,MCAR_RandomSensorFailures,MCAR,10,511,0.4709470614515506,0.2800569301728528,0.0610963849567665,0.7288122988883672
KNN_MICE,MCAR_RandomSensorFailures,MCAR,10,511,0.4693915721171465,0.2840590863726604,0.0608945899293637,0.7306007502090581
MICE_within,MCAR_RandomSensorFailures,MCAR,10,511,0.4792517051218953,0.3040312824904869,0.0621737538335322,0.7191637662143591
Full,MCAR_RandomSensorFailures,MCAR,20,511,0.4606402444332391,0.2659869971715061,0.05975927233462,0.7605299194042059
KNN_MICE,MCAR_RandomSensorFailures,MCAR,20,511,0.4861031711196494,0.2852615100104456,0.0630626006666068,0.7333237049326744
MICE_within,MCAR_RandomSensorFailures,MCAR,20,511,0.5440391362385583,0.3850994379507652,0.0705786854189708,0.6659682189259588
Full,MCAR_RandomSensorFailures,MCAR,30,511,0.5276276859979343,0.2971346042465272,0.0684496132499896,0.6652187305167854
KNN_MICE,MCAR_RandomSensorFailures,MCAR,30,511,0.5055748805943883,0.3078169078448393,0.0655886830126102,0.6926190307387043
MICE_within,MCAR_RandomSensorFailures,MCAR,30,511,0.6043126630414909,0.4369548788761873,0.0783980241465633,0.5608333129788896
Full,MCAR_ConnectionIssues,MCAR,10,511,0.930133503991428,0.7053942436088104,0.1206670542669746,-0.0775764059629806
KNN_MICE,MCAR_ConnectionIssues,MCAR,10,511,0.9321959702882096,0.7134835468941946,0.1209346198707181,-0.0823605128528095
MICE_within,MCAR_ConnectionIssues,MCAR,10,511,0.9297292742797668,0.7680456522720988,0.1206146131836849,-0.0766399946927174
Full,MCAR_ConnectionIssues,MCAR,20,511,0.9137000433148802,0.7082316671481335,0.1185351266643866,-0.0434517561751621
KNN_MICE,MCAR_ConnectionIssues,MCAR,20,511,0.9087629610400052,0.7019644158313227,0.1178946345498392,-0.0322058574288623
MICE_within,MCAR_ConnectionIssues,MCAR,20,511,0.8949993101939501,0.7384701831817844,0.1161090637727135,-0.0011761251192887
Full,MCAR_ConnectionIssues,MCAR,30,511,0.8821187785817564,0.6891429586600606,0.1144380608463955,-0.0503879426807509
KNN_MICE,MCAR_ConnectionIssues,MCAR,30,511,0.8769647559067898,0.6829956629267291,0.1137694248590404,-0.0381494373497512
MICE_within,MCAR_ConnectionIssues,MCAR,30,511,0.8690536950865294,0.7258654072103289,0.1127431158386565,-0.0195037179105008
Full,MAR_ActivityDependent,MAR,10,511,0.2829067122080281,0.161007746546304,0.036701741683323,0.9156273398609448
KNN_MICE,MAR_ActivityDependent,MAR,10,511,0.2873704607271172,0.1642410908727602,0.0372808277849156,0.9129438439004748
MICE_within,MAR_ActivityDependent,MAR,10,511,0.2849570882255942,0.1622255424237645,0.0369677388042929,0.914399920592132
Full,MAR_ActivityDependent,MAR,20,511,0.311448077426202,0.1788139858134177,0.0404044386089319,0.8944522299616732
KNN_MICE,MAR_ActivityDependent,MAR,20,511,0.3168800657294188,0.1836841667614173,0.0411091353267139,0.8907383907945872
MICE_within,MAR_ActivityDependent,MAR,20,511,0.3130803665773102,0.1795042375882427,0.0406161969454835,0.8933429860065525
Full,MAR_ActivityDependent,MAR,30,511,0.311448077426202,0.1788139858134177,0.0404044386089319,0.8944522299616732
KNN_MICE,MAR_ActivityDependent,MAR,30,511,0.3168800657294188,0.1836841667614173,0.0411091353267139,0.8907383907945872
MICE_within,MAR_ActivityDependent,MAR,30,511,0.3130803665773102,0.1795042375882427,0.0406161969454835,0.8933429860065525
Full,MAR_BatteryDepletion,MAR,10,511,0.3137366314853433,0.2060238136520795,0.040701334781,0.7836980627585758
KNN_MICE,MAR_BatteryDepletion,MAR,10,511,0.3310030267703444,0.2282127404454491,0.0429413197379008,0.7592347079478802
MICE_within,MAR_BatteryDepletion,MAR,10,511,0.3638038479346779,0.2580244220185538,0.0471965997062638,0.7091530412403726
Full,MAR_BatteryDepletion,MAR,20,511,0.3891265800577285,0.2178597485367004,0.0504817404717214,0.7759740061907957
KNN_MICE,MAR_BatteryDepletion,MAR,20,511,0.3823711251522331,0.2301858752185551,0.0496053492438155,0.7836849201325746
MICE_within,MAR_BatteryDepletion,MAR,20,511,0.4056114837671623,0.2597015700020016,0.0526203418251358,0.7565907361181126
Full,MAR_BatteryDepletion,MAR,30,511,0.3747968057414979,0.2236579498736177,0.0486227259887144,0.8016855898987004
KNN_MICE,MAR_BatteryDepletion,MAR,30,511,0.373005221061209,0.232830886684026,0.0483903021001946,0.8035770034171626
MICE_within,MAR_BatteryDepletion,MAR,30,511,0.3955080879407819,0.2641155532924327,0.0513096192167888,0.7791622830409188
Full,MNAR_ValueDependent,MNAR,10,511,0.5462315818563032,0.2219695595552835,0.0708631133566793,0.8290845429906095
KNN_MICE,MNAR_ValueDependent,MNAR,10,511,0.5464299148781124,0.2229180615887339,0.0708888432776023,0.8289604039466969
MICE_within,MNAR_ValueDependent,MNAR,10,511,0.5464436355477101,0.2233208901181647,0.0708906232723836,0.8289518143465119
Full,MNAR_ValueDependent,MNAR,20,511,0.469916924711167,0.2153386575452876,0.0609627443928896,0.8655994050280761
KNN_MICE,MNAR_ValueDependent,MNAR,20,511,0.4803685083887573,0.2284319779987414,0.0623186377236724,0.8595544205336192
MICE_within,MNAR_ValueDependent,MNAR,20,511,0.473650353539023,0.2206340883350216,0.0614470854654771,0.8634553310523374
Full,MNAR_ValueDependent,MNAR,30,511,0.4751991484601064,0.2333600794134115,0.0616480120206316,0.8603569847989285
KNN_MICE,MNAR_ValueDependent,MNAR,30,511,0.4974889369179739,0.262827911341693,0.0645396862823402,0.8469494956815959
MICE_within,MNAR_ValueDependent,MNAR,30,511,0.475685722993151,0.2436511424808267,0.0617111357715038,0.8600708667713124
Full,MNAR_RangeLimitation,MNAR,10,511,0.7783585142312143,0.4898437950282364,0.1009771486274353,0.7384512921909556
KNN_MICE,MNAR_RangeLimitation,MNAR,10,511,0.8925051362320654,0.5760364444787383,0.1157854923461188,0.6561138649409153
MICE_within,MNAR_RangeLimitation,MNAR,10,511,0.8779660315973573,0.5673886906957604,0.1138993212530219,0.6672265687391142
Full,MNAR_RangeLimitation,MNAR,20,511,0.9209049771493946,0.6384015021161211,0.1194698291971612,0.572635584950377
KNN_MICE,MNAR_RangeLimitation,MNAR,20,511,1.0991230145289574,0.8114914057782362,0.1425902151369753,0.391218676736638
MICE_within,MNAR_RangeLimitation,MNAR,20,511,1.0153265576554598,0.7363059499599311,0.1317192255795152,0.480506390934976
Full,MNAR_RangeLimitation,MNAR,30,511,1.098092217835192,0.7608191319991225,0.1424564889567538,0.3129601341388323
KNN_MICE,MNAR_RangeLimitation,MNAR,30,511,1.211965599077696,0.9216149669157468,0.1572293849066235,0.1630781696977872
MICE_within,MNAR_RangeLimitation,MNAR,30,511,1.1956782334201077,0.8786306330066217,0.1551164103419653,0.185421473897335
Full,MCAR_RandomSensorFailures,MCAR,10,512,0.2243663642291194,0.1169830070354511,0.0222848639273895,0.8731522552389995
KNN_MICE,MCAR_RandomSensorFailures,MCAR,10,512,0.2370548202229602,0.1291986071727772,0.0235451264281565,0.8583994857420494
MICE_within,MCAR_RandomSensorFailures,MCAR,10,512,0.2397961651082757,0.1327298713866202,0.0238174065355479,0.8551055614670556
Full,MCAR_RandomSensorFailures,MCAR,20,512,0.2962109740868798,0.1539676646519085,0.0294207256689543,0.793595568103781
KNN_MICE,MCAR_RandomSensorFailures,MCAR,20,512,0.3085984573588183,0.1729299599751106,0.0306510944903524,0.7759710047770894
MICE_within,MCAR_RandomSensorFailures,MCAR,20,512,0.3171237559365417,0.1800318714414163,0.0314978574149008,0.7634220399974165
Full,MCAR_RandomSensorFailures,MCAR,30,512,0.4235631010654651,0.2123894792396449,0.0420697910951929,0.6432380569429639
KNN_MICE,MCAR_RandomSensorFailures,MCAR,30,512,0.4409026636382895,0.246162491241596,0.0437920180155402,0.6134303740085807
MICE_within,MCAR_RandomSensorFailures,MCAR,30,512,0.448762442636789,0.2641084536002898,0.0445726791724953,0.5995251120748832
Full,MCAR_ConnectionIssues,MCAR,10,512,0.7391888803978471,0.4952145459004987,0.0734188641550732,-0.0717958217329761
KNN_MICE,MCAR_ConnectionIssues,MCAR,10,512,0.7580495711534712,0.4920071374017898,0.0752921749274332,-0.1271881698585881
MICE_within,MCAR_ConnectionIssues,MCAR,10,512,0.6732837831199012,0.5147598367765539,0.066872935891688,0.1108039650580157
Full,MCAR_ConnectionIssues,MCAR,20,512,0.7939401746082854,0.5311215184164338,0.0788569570952526,-0.1034355873449082
KNN_MICE,MCAR_ConnectionIssues,MCAR,20,512,0.8247643809894827,0.5487777928122007,0.08191852671704,-0.1907791540018679
MICE_within,MCAR_ConnectionIssues,MCAR,20,512,0.718474446329361,0.5342075362572924,0.0713614330150041,0.0963628394107344
Full,MCAR_ConnectionIssues,MCAR,30,512,0.7444858842714541,0.4905886688207553,0.0739449813872696,-0.029650291218771
KNN_MICE,MCAR_ConnectionIssues,MCAR,30,512,0.7704029328733079,0.5008122462237519,0.0765191546751251,-0.1025864880656168
MICE_within,MCAR_ConnectionIssues,MCAR,30,512,0.6930494819757057,0.517245607144217,0.0688361352818673,0.1077114962132064
Full,MAR_ActivityDependent,MAR,10,512,0.4240927697482338,0.2014742607523408,0.0421223996693998,0.7152099164672248
KNN_MICE,MAR_ActivityDependent,MAR,10,512,0.4236588957581347,0.2009855277652586,0.0420793057641961,0.715792335278707
MICE_within,MAR_ActivityDependent,MAR,10,512,0.4240062339146633,0.2014204353584629,0.0421138046231567,0.7153261270450868
Full,MAR_ActivityDependent,MAR,20,512,0.5213565678729399,0.2535830377868664,0.051782985442661,0.5612565539495779
KNN_MICE,MAR_ActivityDependent,MAR,20,512,0.5142732589148874,0.255527153930462,0.051079446047047,0.5730973712205722
MICE_within,MAR_ActivityDependent,MAR,20,512,0.5203297998946613,0.2562702890899983,0.05168100320143,0.562982988984442
Full,MAR_ActivityDependent,MAR,30,512,0.5213565678729399,0.2535830377868664,0.051782985442661,0.5612565539495779
KNN_MICE,MAR_ActivityDependent,MAR,30,512,0.5142732589148874,0.255527153930462,0.051079446047047,0.5730973712205722
MICE_within,MAR_ActivityDependent,MAR,30,512,0.5203297998946613,0.2562702890899983,0.05168100320143,0.562982988984442
Full,MAR_BatteryDepletion,MAR,10,512,0.4126773957202303,0.2317303160989981,0.0409885841896672,0.4791885988706263
KNN_MICE,MAR_BatteryDepletion,MAR,10,512,0.4131784912057251,0.2379731239972466,0.0410383547724693,0.4779230355496002
MICE_within,MAR_BatteryDepletion,MAR,10,512,0.4064537649826595,0.2334683480901039,0.0403704310872732,0.4947789675280101
Full,MAR_BatteryDepletion,MAR,20,512,0.3520547955720546,0.1957775593055887,0.0349673322971729,0.6038173753516456
KNN_MICE,MAR_BatteryDepletion,MAR,20,512,0.351275490509369,0.198941096762264,0.0348899289513571,0.6055694060536989
MICE_within,MAR_BatteryDepletion,MAR,20,512,0.3503837881646588,0.1996785577332932,0.0348013619084143,0.6075693649823678
Full,MAR_BatteryDepletion,MAR,30,512,0.3388548713889056,0.1887011414294157,0.0336562689598318,0.6512412182600973
KNN_MICE,MAR_BatteryDepletion,MAR,30,512,0.3454650048246941,0.1970517549879026,0.0343128108825239,0.6375018404562856
MICE_within,MAR_BatteryDepletion,MAR,30,512,0.3492601009836368,0.2026245704793083,0.0346897533078468,0.6294936671537114
Full,MNAR_ValueDependent,MNAR,10,512,0.7903843682119912,0.3308930021114764,0.078503781778775,0.6662963944233107
KNN_MICE,MNAR_ValueDependent,MNAR,10,512,0.7903787973707065,0.3308896398888632,0.0785032284630388,0.6663010984719893
MICE_within,MNAR_ValueDependent,MNAR,10,512,0.7903826719605175,0.3308939443629438,0.0785036133010559,0.6662978267507911
Full,MNAR_ValueDependent,MNAR,20,512,0.9278810565642744,0.4145342966340974,0.0921604410597905,0.5864185024828797
KNN_MICE,MNAR_ValueDependent,MNAR,20,512,0.9278738171532606,0.4147542502284762,0.0921597220157844,0.5864249560573913
MICE_within,MNAR_ValueDependent,MNAR,20,512,0.927910707146916,0.4151028620476202,0.0921633860609354,0.586392069939147
Full,MNAR_ValueDependent,MNAR,30,512,0.9012060057823128,0.4243083111376624,0.0895109803040545,0.5896000129274459
KNN_MICE,MNAR_ValueDependent,MNAR,30,512,0.90146670314802,0.4253663279401128,0.089536873692045,0.5893625407630724
MICE_within,MNAR_ValueDependent,MNAR,30,512,0.9013955495480762,0.4257429200543555,0.0895298064638616,0.5894273621930364
Full,MNAR_RangeLimitation,MNAR,10,512,1.03430237516362,0.5830899354636611,0.1027305842811601,0.4461709993972287
KNN_MICE,MNAR_RangeLimitation,MNAR,10,512,1.0359271651964892,0.5935148350872597,0.102891964196182,0.4444296079909713
MICE_within,MNAR_RangeLimitation,MNAR,10,512,1.041047926139531,0.6043256040725916,0.1034005763547489,0.4389234782651313
Full,MNAR_RangeLimitation,MNAR,20,512,0.948314124727332,0.5184787938436095,0.0941899259391186,0.3742100082077177
KNN_MICE,MNAR_RangeLimitation,MNAR,20,512,0.9666256135643032,0.5644889746044093,0.0960086880269291,0.3498092712669012
MICE_within,MNAR_RangeLimitation,MNAR,20,512,0.9628382365897514,0.5645154994965531,0.0956325122984076,0.3548943695996047
Full,MNAR_RangeLimitation,MNAR,30,512,0.8837133728941394,0.4884431454072704,0.0877735498964973,0.3300273267842789
KNN_MICE,MNAR_RangeLimitation,MNAR,30,512,0.9315509977588152,0.5888892544072721,0.0925249526496754,0.255529478819652
MICE_within,MNAR_RangeLimitation,MNAR,30,512,0.8968266240251467,0.5695765690450036,0.0890760045585596,0.3099966166055325
Full,MCAR_RandomSensorFailures,MCAR,10,513,0.4218370955068096,0.2463377263743958,0.0334498721383447,0.8420546311738031
KNN_MICE,MCAR_RandomSensorFailures,MCAR,10,513,0.4728430268272878,0.2720928564092134,0.0374944236942418,0.8015498928852508
MICE_within,MCAR_RandomSensorFailures,MCAR,10,513,0.4576988407763525,0.2955676688186825,0.0362935547037267,0.8140582195485306
Full,MCAR_RandomSensorFailures,MCAR,20,513,0.433735909345455,0.2458296149521624,0.0343933970339503,0.7660681938275005
KNN_MICE,MCAR_RandomSensorFailures,MCAR,20,513,0.4891008594732454,0.2815903553825605,0.0387836000825832,0.7025353466317856
MICE_within,MCAR_RandomSensorFailures,MCAR,20,513,0.4686860557510059,0.3024106121805302,0.0371647937198618,0.726849134538238
Full,MCAR_RandomSensorFailures,MCAR,30,513,0.5535544719471512,0.3021839603447862,0.0438944950680427,0.646769724050031
KNN_MICE,MCAR_RandomSensorFailures,MCAR,30,513,0.5900357245888589,0.3371492287637689,0.0467873019105649,0.5986772234389002
MICE_within,MCAR_RandomSensorFailures,MCAR,30,513,0.5435927929560385,0.3403752663524334,0.0431045766562074,0.6593686830000938
Full,MCAR_ConnectionIssues,MCAR,10,513,1.3102216115771286,0.7604568936716034,0.1038949534001886,-0.0830932007600073
KNN_MICE,MCAR_ConnectionIssues,MCAR,10,513,1.4338640753920926,0.8745799416751202,0.1136992703972785,-0.2971562124797966
MICE_within,MCAR_ConnectionIssues,MCAR,10,513,1.1539411519544966,0.7317410530375421,0.0915025833412723,0.1598755286464763
Full,MCAR_ConnectionIssues,MCAR,20,513,1.128099396278698,0.6578713895357255,0.089453442968382,-0.0852820273573808
KNN_MICE,MCAR_ConnectionIssues,MCAR,20,513,1.226603732381521,0.7449668308112376,0.0972644142717788,-0.2830879935332779
MICE_within,MCAR_ConnectionIssues,MCAR,20,513,1.000907993985269,0.6482853574553327,0.0793677103736693,0.1456492734230614
Full,MCAR_ConnectionIssues,MCAR,30,513,1.1456854725682306,0.6560398031311929,0.0908479433799527,-0.0632611032357923
KNN_MICE,MCAR_ConnectionIssues,MCAR,30,513,1.2346420091643862,0.7259328001627456,0.0979018151392308,-0.2347846272151428
MICE_within,MCAR_ConnectionIssues,MCAR,30,513,1.0382691140071385,0.6512244781144485,0.0823302869251113,0.1267693232764758
Full,MAR_ActivityDependent,MAR,10,513,0.3226062148739323,0.1728442741521181,0.0255812889703394,0.728956972083601
KNN_MICE,MAR_ActivityDependent,MAR,10,513,0.3750975580907505,0.1944824594683336,0.0297436273177127,0.6335782413321531
MICE_within,MAR_ActivityDependent,MAR,10,513,0.3354433686629414,0.1800257592563741,0.0265992201988549,0.7069571006034319
Full,MAR_ActivityDependent,MAR,20,513,0.3618497438788118,0.2029506994753502,0.0286931324792502,0.6435572789581121
KNN_MICE,MAR_ActivityDependent,MAR,20,513,0.4451044758032975,0.2419836466683499,0.0352948755868363,0.4606668262575959
MICE_within,MAR_ActivityDependent,MAR,20,513,0.3726772255044149,0.2123871697818455,0.0295517053260065,0.6219067549080097
Full,MAR_ActivityDependent,MAR,30,513,0.3618497438788118,0.2029506994753502,0.0286931324792502,0.6435572789581121
KNN_MICE,MAR_ActivityDependent,MAR,30,513,0.4451044758032975,0.2419836466683499,0.0352948755868363,0.4606668262575959
MICE_within,MAR_ActivityDependent,MAR,30,513,0.3726772255044149,0.2123871697818455,0.0295517053260065,0.6219067549080097
Full,MAR_BatteryDepletion,MAR,10,513,0.6624389980323262,0.413556174716448,0.0525285709096126,0.1818002998965413
KNN_MICE,MAR_BatteryDepletion,MAR,10,513,0.6269446740745751,0.3919714212826763,0.0497140232781452,0.2671316481950229
MICE_within,MAR_BatteryDepletion,MAR,10,513,0.5850589561199323,0.393460412517897,0.0463926655195956,0.3617853094542208
Full,MAR_BatteryDepletion,MAR,20,513,0.5207903189092224,0.299809495609689,0.0412964382790276,0.4341170897050553
KNN_MICE,MAR_BatteryDepletion,MAR,20,513,0.5092154980679143,0.293432957140219,0.0403786046382928,0.4589916108248715
MICE_within,MAR_BatteryDepletion,MAR,20,513,0.4807268818226328,0.3205423084031206,0.0381195795763595,0.5178328818954816
Full,MAR_BatteryDepletion,MAR,30,513,0.4624504140750511,0.2577519503085881,0.0366703340837062,0.5095732099609498
KNN_MICE,MAR_BatteryDepletion,MAR,30,513,0.4472508544386402,0.2508456112276282,0.0354650742053965,0.5412815602006527
MICE_within,MAR_BatteryDepletion,MAR,30,513,0.4435854148112951,0.2977554408412037,0.0351744205664171,0.5487695940994948
Full,MNAR_ValueDependent,MNAR,10,513,0.8212843336970677,0.4072001304839718,0.0651243246362364,0.8458712965208257
KNN_MICE,MNAR_ValueDependent,MNAR,10,513,0.821284336106015,0.4072001348543121,0.0651243248272556,0.8458712956166614
MICE_within,MNAR_ValueDependent,MNAR,10,513,0.8212843447202651,0.407200152801163,0.0651243255103287,0.8458712923834251
Full,MNAR_ValueDependent,MNAR,20,513,0.9060550196985072,0.4526876210457113,0.0718462763992059,0.8178176225334066
KNN_MICE,MNAR_ValueDependent,MNAR,20,513,0.9060590105029438,0.4526935314726518,0.0718465928528785,0.8178160176510856
MICE_within,MNAR_ValueDependent,MNAR,20,513,0.9060615814971916,0.4527017445556206,0.0718467967216937,0.8178149837346855
Full,MNAR_ValueDependent,MNAR,30,513,0.8797161050439976,0.4417541533069666,0.0697577134519439,0.8350276737673246
KNN_MICE,MNAR_ValueDependent,MNAR,30,513,0.8798370350729415,0.4420807548533511,0.0697673026844911,0.8349823148628075
MICE_within,MNAR_ValueDependent,MNAR,30,513,0.8798280772206685,0.442103090764645,0.069766592365232,0.8349856750226143
Full,MNAR_RangeLimitation,MNAR,10,513,0.9421104516712292,0.554879369996458,0.074705317489301,0.7245865874199955
KNN_MICE,MNAR_RangeLimitation,MNAR,10,513,0.9401944906574892,0.5532708537452972,0.0745533899997219,0.7257056595839035
MICE_within,MNAR_RangeLimitation,MNAR,10,513,0.9485135722334654,0.5681221180768912,0.0752130574827121,0.7208301315256871
Full,MNAR_RangeLimitation,MNAR,20,513,0.9401968976255124,0.5882480168776539,0.0745535808619611,0.6716810466802606
KNN_MICE,MNAR_RangeLimitation,MNAR,20,513,1.0063748324288917,0.6351966328517084,0.079801207211401,0.6238354528744856
MICE_within,MNAR_RangeLimitation,MNAR,20,513,1.0347596918897848,0.6719433063264015,0.0820520048054131,0.6023167195359055
Full,MNAR_RangeLimitation,MNAR,30,513,1.3305963637118468,0.7247146889769526,0.1055105838438269,0.1658958692377035
KNN_MICE,MNAR_RangeLimitation,MNAR,30,513,1.3646590568442276,0.7844561616946243,0.1082116092920439,0.1226438370384447
MICE_within,MNAR_RangeLimitation,MNAR,30,513,1.368232774202993,0.7984570464211304,0.1084949897485816,0.1180426461446816
Full,MCAR_RandomSensorFailures,MCAR,10,514,0.3645561543961721,0.1539866946777473,0.0467028761268043,0.8792472190143127
KNN_MICE,MCAR_RandomSensorFailures,MCAR,10,514,0.3708722396891218,0.1566843407262706,0.047512022661531,0.8750267894906538
MICE_within,MCAR_RandomSensorFailures,MCAR,10,514,0.3797425510900694,0.181713274002847,0.0486483882106212,0.8689772229619057
Full,MCAR_RandomSensorFailures,MCAR,20,514,0.3734989365341715,0.1747583659814821,0.0478485258199544,0.8484222490923573
KNN_MICE,MCAR_RandomSensorFailures,MCAR,20,514,0.4904024351585497,0.2766068703857604,0.0628249006505688,0.7386864344983874
MICE_within,MCAR_RandomSensorFailures,MCAR,20,514,0.4690969797671099,0.2679372165803034,0.0600954828860555,0.7608986692795154
Full,MCAR_RandomSensorFailures,MCAR,30,514,0.5275092710318016,0.2465034913823941,0.0675786153755789,0.7340333606040945
KNN_MICE,MCAR_RandomSensorFailures,MCAR,30,514,0.6195049587044097,0.3606219330915041,0.0793640787500496,0.6331770103421027
MICE_within,MCAR_RandomSensorFailures,MCAR,30,514,0.5488404534322652,0.3498887596559222,0.0703113289980857,0.7120883747360577
Full,MCAR_ConnectionIssues,MCAR,10,514,0.9813468508201252,0.734915327526989,0.1257192338096571,0.0930797986719511
KNN_MICE,MCAR_ConnectionIssues,MCAR,10,514,1.1857897944625058,0.8756878349846412,0.1519101878143814,-0.3241568331321753
MICE_within,MCAR_ConnectionIssues,MCAR,10,514,0.7628736048916959,0.5296237835506619,0.0977308736665772,0.4519386363314894
Full,MCAR_ConnectionIssues,MCAR,20,514,0.8775266401460494,0.6536041633903339,0.1124189441832176,0.2971405523022481
KNN_MICE,MCAR_ConnectionIssues,MCAR,20,514,1.14680660178214,0.8182139311469317,0.1469160951435444,-0.2004062174243486
MICE_within,MCAR_ConnectionIssues,MCAR,20,514,0.7132365460081386,0.5197793840322337,0.0913719262605805,0.5356825092312936
Full,MCAR_ConnectionIssues,MCAR,30,514,0.9660217694857632,0.7232576794395481,0.1237559549935927,0.129509709119023
KNN_MICE,MCAR_ConnectionIssues,MCAR,30,514,1.1551030749665572,0.846397915365062,0.1479789469285128,-0.2446051239496014
MICE_within,MCAR_ConnectionIssues,MCAR,30,514,0.7843315019563477,0.5457597547413447,0.1004798205612252,0.4261618450457327
Full,MAR_ActivityDependent,MAR,10,514,0.3619936431704438,0.1482693131021533,0.0463745957153901,0.8367661346957396
KNN_MICE,MAR_ActivityDependent,MAR,10,514,0.3712836097531707,0.1598391369589735,0.0475647228146127,0.8282803747643277
MICE_within,MAR_ActivityDependent,MAR,10,514,0.3626311780462139,0.1498168161609591,0.0464562695863989,0.8361906609300824
Full,MAR_ActivityDependent,MAR,20,514,0.4705634596224417,0.1798201590737897,0.0602833519597225,0.7167864086763966
KNN_MICE,MAR_ActivityDependent,MAR,20,514,0.5024692507426028,0.2223744506590214,0.0643707667309274,0.6770787162981544
MICE_within,MAR_ActivityDependent,MAR,20,514,0.4670937041069327,0.1839896919702288,0.0598388455096818,0.7209476283361861
Full,MAR_ActivityDependent,MAR,30,514,0.4705634596224417,0.1798201590737897,0.0602833519597225,0.7167864086763966
KNN_MICE,MAR_ActivityDependent,MAR,30,514,0.5024692507426028,0.2223744506590214,0.0643707667309274,0.6770787162981544
MICE_within,MAR_ActivityDependent,MAR,30,514,0.4670937041069327,0.1839896919702288,0.0598388455096818,0.7209476283361861
Full,MAR_BatteryDepletion,MAR,10,514,0.5019528272549832,0.2663304859083982,0.0643046083027115,0.7067944430760185
KNN_MICE,MAR_BatteryDepletion,MAR,10,514,0.5333472020067276,0.2963719186201857,0.0683265061020717,0.6689707046181862
MICE_within,MAR_BatteryDepletion,MAR,10,514,0.5869102820697615,0.3532136803501662,0.0751884116356579,0.5991426755678988
Full,MAR_BatteryDepletion,MAR,20,514,0.4189368425736777,0.2338006072122574,0.0536695245100995,0.7689857997886642
KNN_MICE,MAR_BatteryDepletion,MAR,20,514,0.4524932518593644,0.2565669859297318,0.0579683981053774,0.7304956498606306
MICE_within,MAR_BatteryDepletion,MAR,20,514,0.5003504883624531,0.3138686005777431,0.0640993344816319,0.6704735938238731
Full,MAR_BatteryDepletion,MAR,30,514,0.3975421512314688,0.2254741389036984,0.0509286748289814,0.7885727853989853
KNN_MICE,MAR_BatteryDepletion,MAR,30,514,0.4179389242849263,0.246031731603338,0.0535416823281415,0.7663207433445348
MICE_within,MAR_BatteryDepletion,MAR,30,514,0.4906007281224308,0.321608286643512,0.0628503037376303,0.678003687510728
Full,MNAR_ValueDependent,MNAR,10,514,0.688636021252505,0.304231313858771,0.088220380891062,0.7632981958910222
KNN_MICE,MNAR_ValueDependent,MNAR,10,514,0.6886360211247533,0.3042313138567827,0.0882203808746959,0.7632981959788453
MICE_within,MNAR_ValueDependent,MNAR,10,514,0.6886360209053425,0.3042313138556271,0.0882203808465874,0.7632981961296794
Full,MNAR_ValueDependent,MNAR,20,514,0.6437553520178744,0.2965174146634319,0.0824707691769907,0.7944928615889156
KNN_MICE,MNAR_ValueDependent,MNAR,20,514,0.6435900119307022,0.2963250862877109,0.0824495876456494,0.7945984116386323
MICE_within,MNAR_ValueDependent,MNAR,20,514,0.6441994593132424,0.2971113036673363,0.082527663259706,0.794209217498421
Full,MNAR_ValueDependent,MNAR,30,514,0.6673083552869568,0.3038951020486618,0.0854881177550503,0.7821624421215668
KNN_MICE,MNAR_ValueDependent,MNAR,30,514,0.6671361677190029,0.3036993022993983,0.0854660590006999,0.7822748461690623
MICE_within,MNAR_ValueDependent,MNAR,30,514,0.6686953174872682,0.3054581708130419,0.0856657999119761,0.7812559753024555
Full,MNAR_RangeLimitation,MNAR,10,514,0.7423480950236316,0.3844002553330227,0.0951013738398757,0.7385913503128205
KNN_MICE,MNAR_RangeLimitation,MNAR,10,514,0.7802402861521229,0.4160052856171238,0.0999556995373209,0.7112237330531115
MICE_within,MNAR_RangeLimitation,MNAR,10,514,1.0900155904405788,0.5730296075229993,0.1396406629890825,0.436401048754191
Full,MNAR_RangeLimitation,MNAR,20,514,0.9387179655124808,0.4738524632638892,0.1202580955846167,0.4821275898005273
KNN_MICE,MNAR_RangeLimitation,MNAR,20,514,0.9442062800828596,0.4837957129604789,0.1209611973494186,0.4760542950554852
MICE_within,MNAR_RangeLimitation,MNAR,20,514,1.116555744422942,0.5483528995707316,0.1430406920624571,0.2673216887893296
Full,MNAR_RangeLimitation,MNAR,30,514,0.8430585041059617,0.403142514452385,0.1080032703058464,0.5126357429024142
KNN_MICE,MNAR_RangeLimitation,MNAR,30,514,0.8507083618261396,0.4402513101640848,0.1089832849158999,0.5037509923591994
MICE_within,MNAR_RangeLimitation,MNAR,30,514,0.9821762613362652,0.486949724588857,0.1258254886516792,0.3385193955224526
Full,MCAR_RandomSensorFailures,MCAR,10,515,0.4100991423712865,0.2260232391001151,0.0524727188609142,0.79668812727853
KNN_MICE,MCAR_RandomSensorFailures,MCAR,10,515,0.394583635663611,0.2297874004526038,0.0504874895898922,0.8117811313277239
MICE_within,MCAR_RandomSensorFailures,MCAR,10,515,0.4224739488332775,0.2540254076496721,0.0540560914490246,0.7842330678418099
Full,MCAR_RandomSensorFailures,MCAR,20,515,0.4699267632090714,0.2505521743978242,0.0601277407909437,0.7397213147711592
KNN_MICE,MCAR_RandomSensorFailures,MCAR,20,515,0.4600563416260392,0.2591047650874006,0.0588648075066398,0.7505403617428326
MICE_within,MCAR_RandomSensorFailures,MCAR,20,515,0.493631714579612,0.3065994369298616,0.0631608201621555,0.7128000542592987
Full,MCAR_RandomSensorFailures,MCAR,30,515,0.499218618255316,0.2598382909261989,0.0638756717567799,0.7021007225426613
KNN_MICE,MCAR_RandomSensorFailures,MCAR,30,515,0.5152268771198829,0.3003711395372553,0.0659239493074134,0.6826891500299738
MICE_within,MCAR_RandomSensorFailures,MCAR,30,515,0.5827375701524389,0.3922117689737046,0.074562030321481,0.5940860849304733
Full,MCAR_ConnectionIssues,MCAR,10,515,0.9557251139483048,0.7427501420848838,0.1222862718574558,-0.0196804863480462
KNN_MICE,MCAR_ConnectionIssues,MCAR,10,515,0.9230834683438136,0.7482136514921353,0.1181097308311609,0.0487820039417014
MICE_within,MCAR_ConnectionIssues,MCAR,10,515,0.9682838316554716,0.7895058376316468,0.1238931761286799,-0.0466548058459728
Full,MCAR_ConnectionIssues,MCAR,20,515,0.948556367181422,0.7565698636825064,0.1213690213811231,-0.0024899112641747
KNN_MICE,MCAR_ConnectionIssues,MCAR,20,515,0.958599204313219,0.7988508399217598,0.1226540154592273,-0.0238300021234556
MICE_within,MCAR_ConnectionIssues,MCAR,20,515,0.8751773062956621,0.7223055309218682,0.111980075064697,0.1466134005308943
Full,MCAR_ConnectionIssues,MCAR,30,515,0.9787121476888154,0.762318300059098,0.1252274927337973,-0.014300406737312
KNN_MICE,MCAR_ConnectionIssues,MCAR,30,515,0.9713759212829092,0.7973113031512276,0.1242888130197378,0.0008485802689212
MICE_within,MCAR_ConnectionIssues,MCAR,30,515,0.920961882855772,0.7380088552747025,0.117838271207496,0.1018684480444863
Full,MAR_ActivityDependent,MAR,10,515,0.3599185911225953,0.2059515689198485,0.046052052036953,0.863951663623955
KNN_MICE,MAR_ActivityDependent,MAR,10,515,0.3736581290305301,0.2130142455984562,0.0478100437892723,0.8533663838150265
MICE_within,MAR_ActivityDependent,MAR,10,515,0.369448744559356,0.2119789923127364,0.0472714475692064,0.8566515288529808
Full,MAR_ActivityDependent,MAR,20,515,0.4075558631742436,0.2484870665521969,0.052147302978502,0.8275569532359119
KNN_MICE,MAR_ActivityDependent,MAR,20,515,0.4541058437922031,0.2743270378723273,0.0581034335663972,0.7859153258073353
MICE_within,MAR_ActivityDependent,MAR,20,515,0.4269200308988737,0.2622820412537401,0.0546249734342724,0.8107811227945021
Full,MAR_ActivityDependent,MAR,30,515,0.4075558631742436,0.2484870665521969,0.052147302978502,0.8275569532359119
KNN_MICE,MAR_ActivityDependent,MAR,30,515,0.4541058437922031,0.2743270378723273,0.0581034335663972,0.7859153258073353
MICE_within,MAR_ActivityDependent,MAR,30,515,0.4269200308988737,0.2622820412537401,0.0546249734342724,0.8107811227945021
Full,MAR_BatteryDepletion,MAR,10,515,0.771654351118289,0.4408571404411611,0.0987341782523713,0.2143721570042672
KNN_MICE,MAR_BatteryDepletion,MAR,10,515,0.6289101985429809,0.3869924027658078,0.0804698782008918,0.4781465935966826
MICE_within,MAR_BatteryDepletion,MAR,10,515,0.711599440053875,0.4413871104184408,0.0910500742421093,0.3318985055319177
Full,MAR_BatteryDepletion,MAR,20,515,0.6738793416967607,0.4238475680162626,0.0862237385783615,0.419430418898139
KNN_MICE,MAR_BatteryDepletion,MAR,20,515,0.5869436291252911,0.3967801231360256,0.0751002010397096,0.5595640328023199
MICE_within,MAR_BatteryDepletion,MAR,20,515,0.6562197499443815,0.435536483861939,0.0839641708361248,0.4494603715722002
Full,MAR_BatteryDepletion,MAR,30,515,0.8849833622051867,0.5816262457277476,0.113234772677327,0.1160299763465007
KNN_MICE,MAR_BatteryDepletion,MAR,30,515,0.8384695656564463,0.5662120383924719,0.1072832718881688,0.2065091323921049
MICE_within,MAR_BatteryDepletion,MAR,30,515,0.8835592845461304,0.5929325669802777,0.1130525600879329,0.1188725814804601
Full,MNAR_ValueDependent,MNAR,10,515,0.6094187943892053,0.3228475101070541,0.0779759276784604,0.7742707005134167
KNN_MICE,MNAR_ValueDependent,MNAR,10,515,0.6094277886562082,0.3228678274663782,0.0779770785066262,0.7742640374941899
MICE_within,MNAR_ValueDependent,MNAR,10,515,0.6094131509745773,0.3228035679233821,0.0779752055962159,0.7742748811463218
Full,MNAR_ValueDependent,MNAR,20,515,0.6027946403311578,0.3338008368301369,0.0771283585478119,0.7682848472853
KNN_MICE,MNAR_ValueDependent,MNAR,20,515,0.6029094639020913,0.3338396284350018,0.0771430503731139,0.7681965621760594
MICE_within,MNAR_ValueDependent,MNAR,20,515,0.6028521841682118,0.3337646980654608,0.0771357213566353,0.7682406053012756
Full,MNAR_ValueDependent,MNAR,30,515,0.6443860357653941,0.3685504542294584,0.082450031709659,0.7472015115967698
KNN_MICE,MNAR_ValueDependent,MNAR,30,515,0.6602508704204699,0.3827346939867737,0.0844799579460738,0.7346004410775326
MICE_within,MNAR_ValueDependent,MNAR,30,515,0.6610364749801965,0.3827616022697405,0.0845804770716688,0.7339684899355843
Full,MNAR_RangeLimitation,MNAR,10,515,0.8819228019982595,0.5937826440026448,0.1128431700166475,0.6310416643368779
KNN_MICE,MNAR_RangeLimitation,MNAR,10,515,0.923868733076462,0.6302900117796709,0.118210206475439,0.5951103059867711
MICE_within,MNAR_RangeLimitation,MNAR,10,515,0.9425954436615962,0.6376851299522901,0.1206063134607928,0.5785298167377779
Full,MNAR_RangeLimitation,MNAR,20,515,0.8233048885690192,0.578911853060023,0.1053429317235345,0.6150651856571994
KNN_MICE,MNAR_RangeLimitation,MNAR,20,515,0.893391726689098,0.6347828118530834,0.1143106338534641,0.5467376398869811
MICE_within,MNAR_RangeLimitation,MNAR,20,515,0.947753186670566,0.667510324064539,0.1212662533897124,0.4898988415634361
Full,MNAR_RangeLimitation,MNAR,30,515,0.8694553496761297,0.6169977976288585,0.1112479432701875,0.507189597884103
KNN_MICE,MNAR_RangeLimitation,MNAR,30,515,0.9665356897534286,0.6998227656057133,0.1236694990977442,0.390994677007245
MICE_within,MNAR_RangeLimitation,MNAR,30,515,1.0571854922251471,0.7736554872858983,0.1352682592716668,0.2714024818100996
Full,MCAR_RandomSensorFailures,MCAR,10,516,0.433119882237088,0.2419588483141949,0.0489723551715665,0.7780251624414923
KNN_MICE,MCAR_RandomSensorFailures,MCAR,10,516,0.453298712259369,0.2654346517486999,0.0512539517256053,0.7568599639409566
MICE_within,MCAR_RandomSensorFailures,MCAR,10,516,0.4507019469016898,0.268339863650151,0.05096033852379,0.7596376871150914
Full,MCAR_RandomSensorFailures,MCAR,20,516,0.4223889413220148,0.2305623185713651,0.0477590203158593,0.7807206512197777
KNN_MICE,MCAR_RandomSensorFailures,MCAR,20,516,0.4349673974546182,0.2446458375613213,0.049181251542129,0.767466212035728
MICE_within,MCAR_RandomSensorFailures,MCAR,20,516,0.4295063403991311,0.2394627856519268,0.0485637762501794,0.773268525298295
Full,MCAR_RandomSensorFailures,MCAR,30,516,0.4294052680790034,0.2407078999716261,0.0485523481219352,0.7632141648309095
KNN_MICE,MCAR_RandomSensorFailures,MCAR,30,516,0.4746126289678518,0.2877663329731054,0.0536638911949129,0.7107325529283914
MICE_within,MCAR_RandomSensorFailures,MCAR,30,516,0.4754805248729607,0.2945879914994637,0.0537620231631278,0.7096736532647429
Full,MCAR_ConnectionIssues,MCAR,10,516,0.7024509894804732,0.5052865501273964,0.0794253063834768,0.3267605339976787
KNN_MICE,MCAR_ConnectionIssues,MCAR,10,516,0.8194448090339288,0.6803118653238687,0.0926536598233073,0.0838281860947641
MICE_within,MCAR_ConnectionIssues,MCAR,10,516,0.752848781326136,0.613811292903245,0.0851237253740357,0.2266910917741609
Full,MCAR_ConnectionIssues,MCAR,20,516,0.811660225315581,0.5900148196670557,0.0917734661070811,0.1099801217815678
KNN_MICE,MCAR_ConnectionIssues,MCAR,20,516,0.8266749566900178,0.6865453842508104,0.0934711641067127,0.0767469722072753
MICE_within,MCAR_ConnectionIssues,MCAR,20,516,0.7793580205859396,0.6356642686075561,0.0881210938477566,0.1794119344363516
Full,MCAR_ConnectionIssues,MCAR,30,516,0.7897961254397389,0.5766132864567568,0.0893013180747721,0.141960774627895
KNN_MICE,MCAR_ConnectionIssues,MCAR,30,516,0.8240975859189309,0.685736989289387,0.0931797438279702,0.0658116902916262
MICE_within,MCAR_ConnectionIssues,MCAR,30,516,0.7711241320032914,0.6332928477736982,0.0871900977594915,0.1820519277042601
Full,MAR_ActivityDependent,MAR,10,516,0.3738558726385339,0.1979459715410035,0.0422714433779056,0.8103472860958782
KNN_MICE,MAR_ActivityDependent,MAR,10,516,0.3759718757091971,0.1992021261889925,0.0425106973539305,0.808194363334597
MICE_within,MAR_ActivityDependent,MAR,10,516,0.3751261588372434,0.1986974740273258,0.042415073142883,0.809056293872694
Full,MAR_ActivityDependent,MAR,20,516,0.4097776411369538,0.2224969505440313,0.0463330754512456,0.7760257158853803
KNN_MICE,MAR_ActivityDependent,MAR,20,516,0.4287334419230988,0.2313247649050889,0.0484763855294295,0.7548248995335627
MICE_within,MAR_ActivityDependent,MAR,20,516,0.4147404053970936,0.226540379333491,0.0468942093634665,0.7705678174154524
Full,MAR_ActivityDependent,MAR,30,516,0.4097776411369538,0.2224969505440313,0.0463330754512456,0.7760257158853803
KNN_MICE,MAR_ActivityDependent,MAR,30,516,0.4287334419230988,0.2313247649050889,0.0484763855294295,0.7548248995335627
MICE_within,MAR_ActivityDependent,MAR,30,516,0.4147404053970936,0.226540379333491,0.0468942093634665,0.7705678174154524
Full,MAR_BatteryDepletion,MAR,10,516,0.4418118814314833,0.2605384196992767,0.0499551492873672,0.6822524510643857
KNN_MICE,MAR_BatteryDepletion,MAR,10,516,0.4593451076246068,0.2783765570138226,0.0519376105311183,0.6565325248639224
MICE_within,MAR_BatteryDepletion,MAR,10,516,0.4510115088583767,0.2698453319549301,0.0509953403297846,0.6688820872131294
Full,MAR_BatteryDepletion,MAR,20,516,0.3917943045627561,0.2424172683474592,0.0442997207566224,0.7559760328660349
KNN_MICE,MAR_BatteryDepletion,MAR,20,516,0.3976467607474127,0.2457000572159262,0.0449614510873122,0.7486313316859787
MICE_within,MAR_BatteryDepletion,MAR,20,516,0.3888410915604179,0.237626697280304,0.0439658044392722,0.7596409086354123
Full,MAR_BatteryDepletion,MAR,30,516,0.3805175320876646,0.2440930284295428,0.0430246693690327,0.7627447336554215
KNN_MICE,MAR_BatteryDepletion,MAR,30,516,0.3841673998161137,0.2448738120044429,0.0434373556160912,0.7581714706634496
MICE_within,MAR_BatteryDepletion,MAR,30,516,0.3704083076216813,0.2323030361042506,0.0418816312602759,0.7751836173482208
Full,MNAR_ValueDependent,MNAR,10,516,0.7350322821695324,0.325915876217526,0.0831092347898018,0.774318929750964
KNN_MICE,MNAR_ValueDependent,MNAR,10,516,0.7348836656122978,0.3253330376248793,0.0830924308906419,0.7744101816694924
MICE_within,MNAR_ValueDependent,MNAR,10,516,0.7352164941987328,0.326426355090597,0.0831300634270703,0.7742057962780671
Full,MNAR_ValueDependent,MNAR,20,516,0.7321322057012262,0.342072605624711,0.0827813265577968,0.7734454353185898
KNN_MICE,MNAR_ValueDependent,MNAR,20,516,0.7328274516910518,0.3421086554804699,0.0828599372033517,0.7730149503895986
MICE_within,MNAR_ValueDependent,MNAR,20,516,0.7345557647012547,0.346338344639796,0.0830553555206687,0.7719430368894669
Full,MNAR_ValueDependent,MNAR,30,516,0.7532475171283864,0.3877760936465372,0.0851688099617636,0.7635376823355722
KNN_MICE,MNAR_ValueDependent,MNAR,30,516,0.7617959905524141,0.397297227680242,0.0861353757876821,0.7581400885775733
MICE_within,MNAR_ValueDependent,MNAR,30,516,0.7603493330602329,0.3974357872755359,0.0859718039281941,0.7590578047025742
Full,MNAR_RangeLimitation,MNAR,10,516,0.89039839782737,0.5664957511145715,0.100676298574367,0.6564433958596753
KNN_MICE,MNAR_RangeLimitation,MNAR,10,516,0.9627961929270968,0.630911888946458,0.1088622320322113,0.5983032756599549
MICE_within,MNAR_RangeLimitation,MNAR,10,516,1.009636938398258,0.6627808258796619,0.1141584599769238,0.558266817662979
Full,MNAR_RangeLimitation,MNAR,20,516,0.9081137434491529,0.5929601556600022,0.102679351847507,0.543787183209461
KNN_MICE,MNAR_RangeLimitation,MNAR,20,516,0.9475831027226737,0.6355020259570401,0.1071421058332014,0.5032686149133895
MICE_within,MNAR_RangeLimitation,MNAR,20,516,0.9609482412097212,0.6373142524705359,0.1086532863071252,0.4891575514398305
Full,MNAR_RangeLimitation,MNAR,30,516,0.8655565302008709,0.5677312898571039,0.0978674578482237,0.5058888011438787
KNN_MICE,MNAR_RangeLimitation,MNAR,30,516,0.969128187529524,0.6764449286274771,0.1095781832072367,0.3805642401885384
MICE_within,MNAR_RangeLimitation,MNAR,30,516,0.9821412438325506,0.6837341782918029,0.1110495541631204,0.3638174965406565
Full,MCAR_RandomSensorFailures,MCAR,10,517,0.5201273648074447,0.2817678131960895,0.0587654459563198,0.7501334292968782
KNN_MICE,MCAR_RandomSensorFailures,MCAR,10,517,0.5426338963702363,0.2946372350695245,0.0613082969072731,0.7280415309076129
MICE_within,MCAR_RandomSensorFailures,MCAR,10,517,0.5441635417742732,0.3034349788615739,0.0614811205278041,0.7265061076250126
Full,MCAR_RandomSensorFailures,MCAR,20,517,0.5143653535880068,0.2865615809594517,0.058114437795961,0.7475740162094329
KNN_MICE,MCAR_RandomSensorFailures,MCAR,20,517,0.5326933830308498,0.2998426054187294,0.060185189878209,0.7292644750675534
MICE_within,MCAR_RandomSensorFailures,MCAR,20,517,0.5401092240165576,0.326199499608823,0.061023052356042,0.7216739665682608
Full,MCAR_RandomSensorFailures,MCAR,30,517,0.5368877988914124,0.3138978044335335,0.0606590867258849,0.7116697085090122
KNN_MICE,MCAR_RandomSensorFailures,MCAR,30,517,0.5617398005569092,0.333895431038816,0.0634669354560143,0.6843588670465164
MICE_within,MCAR_RandomSensorFailures,MCAR,30,517,0.5669910877331533,0.3742037537234128,0.0640602405840207,0.6784298952955876
Full,MCAR_ConnectionIssues,MCAR,10,517,1.113273538158695,0.8628171756145067,0.1257807613438787,-0.0179927619121056
KNN_MICE,MCAR_ConnectionIssues,MCAR,10,517,1.1695570458784634,0.8930081371804395,0.1321398296316291,-0.1235275775409656
MICE_within,MCAR_ConnectionIssues,MCAR,10,517,1.0567976065099638,0.8902044727094824,0.1193999524618754,0.0826721907648683
Full,MCAR_ConnectionIssues,MCAR,20,517,1.1112066068384787,0.8315449145706585,0.125547233656216,-0.0520936088378845
KNN_MICE,MCAR_ConnectionIssues,MCAR,20,517,1.156864458774281,0.8503727342482609,0.1307057856032152,-0.1403277953901269
MICE_within,MCAR_ConnectionIssues,MCAR,20,517,1.0531801247816013,0.8607207129785335,0.1189912392477865,0.0549167590503892
Full,MCAR_ConnectionIssues,MCAR,30,517,1.017610611876704,0.7352675612135888,0.1149724960903693,-0.0177997182435283
KNN_MICE,MCAR_ConnectionIssues,MCAR,30,517,1.0673628424500652,0.763431795437538,0.1205936423994999,-0.1197555702625161
MICE_within,MCAR_ConnectionIssues,MCAR,30,517,0.9744869581832254,0.7817997046524904,0.1101002649561713,0.0666358104954891
Full,MAR_ActivityDependent,MAR,10,517,0.3469866206860265,0.1937470498318282,0.0392035199167795,0.8532838315658879
KNN_MICE,MAR_ActivityDependent,MAR,10,517,0.3474740199696741,0.1947557557994599,0.0392585876524926,0.8528713685232073
MICE_within,MAR_ActivityDependent,MAR,10,517,0.3500011247403707,0.1999923511141971,0.0395441070250088,0.8507235157876454
Full,MAR_ActivityDependent,MAR,20,517,0.4695387076155196,0.2504185565213437,0.0530497978259519,0.7399436236453147
KNN_MICE,MAR_ActivityDependent,MAR,20,517,0.474469330570373,0.2544722441172524,0.0536068734124127,0.7344532463256691
MICE_within,MAR_ActivityDependent,MAR,20,517,0.467546577182756,0.2531969676888044,0.0528247213519851,0.7421456453452022
Full,MAR_ActivityDependent,MAR,30,517,0.4695387076155196,0.2504185565213437,0.0530497978259519,0.7399436236453147
KNN_MICE,MAR_ActivityDependent,MAR,30,517,0.474469330570373,0.2544722441172524,0.0536068734124127,0.7344532463256691
MICE_within,MAR_ActivityDependent,MAR,30,517,0.467546577182756,0.2531969676888044,0.0528247213519851,0.7421456453452022
Full,MAR_BatteryDepletion,MAR,10,517,0.4452055326621431,0.2898222035492069,0.0503005675903966,0.8304344755389133
KNN_MICE,MAR_BatteryDepletion,MAR,10,517,0.4496400000599754,0.293904367485836,0.0508015861328623,0.8270397396432161
MICE_within,MAR_BatteryDepletion,MAR,10,517,0.4508940588318058,0.2961310210187959,0.0509432732040845,0.8260736120520714
Full,MAR_BatteryDepletion,MAR,20,517,0.3807664478870435,0.249990403233094,0.0430200593725147,0.8666336507340638
KNN_MICE,MAR_BatteryDepletion,MAR,20,517,0.3890823925472451,0.2561129535684386,0.0439596180836503,0.8607445908771546
MICE_within,MAR_BatteryDepletion,MAR,20,517,0.3841689219166296,0.2539288688536588,0.0434044804148059,0.8642395165938482
Full,MAR_BatteryDepletion,MAR,30,517,0.3537320992412202,0.2387827187700851,0.0399656429702965,0.8779894167065798
KNN_MICE,MAR_BatteryDepletion,MAR,30,517,0.3646602214930583,0.2464692482082701,0.0412003328194494,0.8703342300153851
MICE_within,MAR_BatteryDepletion,MAR,30,517,0.3608773812415728,0.2442352631217176,0.0407729369364384,0.8730104788285858
Full,MNAR_ValueDependent,MNAR,10,517,0.8173732597787439,0.4405772637224752,0.0923491194151091,0.792479209891842
KNN_MICE,MNAR_ValueDependent,MNAR,10,517,0.8178772990662018,0.4407756030178362,0.0924060671850422,0.7922231925076464
MICE_within,MNAR_ValueDependent,MNAR,10,517,0.818000682730645,0.440892054141475,0.0924200074169072,0.7921604980236525
Full,MNAR_ValueDependent,MNAR,20,517,0.8156637855876531,0.4482377531651237,0.0921559782347225,0.7900118995693273
KNN_MICE,MNAR_ValueDependent,MNAR,20,517,0.8192346442784337,0.4537216223453385,0.0925594238474878,0.7881692796376021
MICE_within,MNAR_ValueDependent,MNAR,20,517,0.81779584434406,0.4518797111791475,0.0923968642024734,0.7889126915243291
Full,MNAR_ValueDependent,MNAR,30,517,0.9119078735710624,0.5217557089502168,0.1030299047644258,0.7245589555186802
KNN_MICE,MNAR_ValueDependent,MNAR,30,517,0.9555667835989576,0.5602003283192031,0.1079626106579254,0.6975533243778277
MICE_within,MNAR_ValueDependent,MNAR,30,517,0.932384418830264,0.5437827322927293,0.1053434021791354,0.712050227129951
Full,MNAR_RangeLimitation,MNAR,10,517,1.1706536823122324,0.7666518324601147,0.1322637306863375,0.5715925623989533
KNN_MICE,MNAR_RangeLimitation,MNAR,10,517,1.291719329437767,0.8627649172711668,0.145942066464645,0.4784013630035902
MICE_within,MNAR_RangeLimitation,MNAR,10,517,1.259330728813271,0.8441047293149117,0.1422827116827557,0.5042305832774852
Full,MNAR_RangeLimitation,MNAR,20,517,1.04973397132057,0.7067867063421576,0.1186018831810346,0.5699531905241554
KNN_MICE,MNAR_RangeLimitation,MNAR,20,517,1.1725397678518,0.8120175199748673,0.1324768259113609,0.4634472954546034
MICE_within,MNAR_RangeLimitation,MNAR,20,517,1.1316429827893002,0.7863886381905294,0.1278561926299967,0.5002231959886692
Full,MNAR_RangeLimitation,MNAR,30,517,1.0437242666081872,0.6983659070400378,0.1179228899163374,0.5006086684278496
KNN_MICE,MNAR_RangeLimitation,MNAR,30,517,1.193330100619795,0.8601347502926124,0.134825775917373,0.3471842427705006
MICE_within,MNAR_RangeLimitation,MNAR,30,517,1.1714864498271909,0.8415633635624303,0.1323578190918045,0.3708648109765928
Full,MCAR_RandomSensorFailures,MCAR,10,518,0.3369469808663932,0.170262927504515,0.0461169058356336,0.8329010886766728
KNN_MICE,MCAR_RandomSensorFailures,MCAR,10,518,0.3369950227999158,0.1703539065271201,0.046123481188583,0.8328534353214304
MICE_within,MCAR_RandomSensorFailures,MCAR,10,518,0.3403323187069511,0.1757449050557524,0.0465802467031296,0.8295265042385846
Full,MCAR_RandomSensorFailures,MCAR,20,518,0.3021848741921655,0.1569290813764534,0.0413591222934825,0.8759022321359217
KNN_MICE,MCAR_RandomSensorFailures,MCAR,20,518,0.3214707121862584,0.1660602952579914,0.0439987161323943,0.8595565948697932
MICE_within,MCAR_RandomSensorFailures,MCAR,20,518,0.3116291123708763,0.1756905593399628,0.0426517263751603,0.8680241185647747
Full,MCAR_RandomSensorFailures,MCAR,30,518,0.3613450011279148,0.1850790177984182,0.0494561884731671,0.828760374720143
KNN_MICE,MCAR_RandomSensorFailures,MCAR,30,518,0.3732523919852388,0.1966416659143428,0.0510859167511986,0.8172887175663996
MICE_within,MCAR_RandomSensorFailures,MCAR,30,518,0.5489638232752488,0.4338544828826917,0.0751350045637969,0.6047720793404766
Full,MCAR_ConnectionIssues,MCAR,10,518,0.840092529980417,0.6773317610077721,0.1149809029263519,0.0527094384799019
KNN_MICE,MCAR_ConnectionIssues,MCAR,10,518,0.8882878552729494,0.6784365749071734,0.1215772501395497,-0.059098646489393
MICE_within,MCAR_ConnectionIssues,MCAR,10,518,0.8073590490352042,0.684973291842314,0.1105007712019443,0.1250919777372005
Full,MCAR_ConnectionIssues,MCAR,20,518,0.7935588893257638,0.6295958673849511,0.1086119854226489,0.0828494328888562
KNN_MICE,MCAR_ConnectionIssues,MCAR,20,518,0.8267946053371803,0.6164387320302523,0.1131608565291275,0.0044167399241239
MICE_within,MCAR_ConnectionIssues,MCAR,20,518,0.772332133928647,0.6521536444410563,0.1057067441371274,0.1312585839937018
Full,MCAR_ConnectionIssues,MCAR,30,518,0.7998609642658919,0.6381403703720306,0.1094745312031028,0.0992075857014052
KNN_MICE,MCAR_ConnectionIssues,MCAR,30,518,0.8342598618494869,0.6286353336935232,0.1141826034245342,0.0200624177632481
MICE_within,MCAR_ConnectionIssues,MCAR,30,518,0.7909691440075254,0.6680722059253065,0.1082575348777222,0.1191239560109471
Full,MAR_ActivityDependent,MAR,10,518,0.2334903009143587,0.111862415743625,0.0319571055158702,0.9259616024784414
KNN_MICE,MAR_ActivityDependent,MAR,10,518,0.2334799292682549,0.1118470471144102,0.0319556859802937,0.9259681799079886
MICE_within,MAR_ActivityDependent,MAR,10,518,0.2335053355218133,0.1118928480112396,0.0319591632567482,0.9259520674007372
Full,MAR_ActivityDependent,MAR,20,518,0.2640658938583893,0.1310054373947929,0.0361418936894958,0.9026866658158418
KNN_MICE,MAR_ActivityDependent,MAR,20,518,0.2644454811360867,0.1310825967082927,0.0361938466427377,0.9024066943861144
MICE_within,MAR_ActivityDependent,MAR,20,518,0.2650830797097754,0.1312845804190101,0.0362811128153211,0.9019355169829704
Full,MAR_ActivityDependent,MAR,30,518,0.2640658938583893,0.1310054373947929,0.0361418936894958,0.9026866658158418
KNN_MICE,MAR_ActivityDependent,MAR,30,518,0.2644454811360867,0.1310825967082927,0.0361938466427377,0.9024066943861144
MICE_within,MAR_ActivityDependent,MAR,30,518,0.2650830797097754,0.1312845804190101,0.0362811128153211,0.9019355169829704
Full,MAR_BatteryDepletion,MAR,10,518,0.4015751244965648,0.23209651305546,0.0549623627869343,0.8008278713963181
KNN_MICE,MAR_BatteryDepletion,MAR,10,518,0.3953867533047947,0.2278917508941627,0.054115379291807,0.8069191555975006
MICE_within,MAR_BatteryDepletion,MAR,10,518,0.4384339469499097,0.2650802126257881,0.0600071174243627,0.762587650521877
Full,MAR_BatteryDepletion,MAR,20,518,0.3613386351486907,0.2242362486053328,0.0494553171810021,0.8339359462031408
KNN_MICE,MAR_BatteryDepletion,MAR,20,518,0.3577388570012172,0.2196262156545247,0.0489626265225806,0.8372282375992639
MICE_within,MAR_BatteryDepletion,MAR,20,518,0.4033081264588101,0.2576930228829386,0.0551995534811508,0.7931189167660506
Full,MAR_BatteryDepletion,MAR,30,518,0.355484145516152,0.2259090125525849,0.0486540310367985,0.8380729985903078
KNN_MICE,MAR_BatteryDepletion,MAR,30,518,0.3527892316737853,0.2227541129608404,0.0482851863966596,0.8405188192226424
MICE_within,MAR_BatteryDepletion,MAR,30,518,0.3972417837253563,0.2689633570499877,0.0543692716490179,0.7977965095806979
Full,MNAR_ValueDependent,MNAR,10,518,0.4218412964697972,0.1910387866740346,0.0577361319482876,0.885038315661244
KNN_MICE,MNAR_ValueDependent,MNAR,10,518,0.4217959635638149,0.1908691062145347,0.0577299273716772,0.8850630229018271
MICE_within,MNAR_ValueDependent,MNAR,10,518,0.4217680635203293,0.1907747283846235,0.0577261087777995,0.8850782276021073
Full,MNAR_ValueDependent,MNAR,20,518,0.5041260447829,0.2270083958767677,0.068998194543141,0.8297703457252364
KNN_MICE,MNAR_ValueDependent,MNAR,20,518,0.5041752238142797,0.2270531503635961,0.0690049255272068,0.8297371312625447
MICE_within,MNAR_ValueDependent,MNAR,20,518,0.5041808183118105,0.2272212082038066,0.0690056912290248,0.8297333526536859
Full,MNAR_ValueDependent,MNAR,30,518,0.5421477713712985,0.2598901543818246,0.0742021123235489,0.8026141230630497
KNN_MICE,MNAR_ValueDependent,MNAR,30,518,0.5429739416764752,0.2607539002561729,0.0743151877340187,0.8020120783365025
MICE_within,MNAR_ValueDependent,MNAR,30,518,0.5416812472837771,0.2598111224878274,0.0741382605942384,0.8029536823153377
Full,MNAR_RangeLimitation,MNAR,10,518,0.6621258647194314,0.3611129805301304,0.090623148116918,0.7214278618689653
KNN_MICE,MNAR_RangeLimitation,MNAR,10,518,0.6577595594065611,0.3632365076001813,0.0900255452227015,0.7250897654459282
MICE_within,MNAR_RangeLimitation,MNAR,10,518,0.6639347083230883,0.3676127101630664,0.0908707190253344,0.7199037355858351
Full,MNAR_RangeLimitation,MNAR,20,518,0.5608149066299837,0.3267202085905054,0.0767570262056447,0.7656699400703313
KNN_MICE,MNAR_RangeLimitation,MNAR,20,518,0.5918874720492991,0.3619981437623091,0.0810098334865692,0.7389839569851132
MICE_within,MNAR_RangeLimitation,MNAR,20,518,0.6081052529323884,0.3714955525791263,0.0832295117039708,0.7244842592952124
Full,MNAR_RangeLimitation,MNAR,30,518,0.5499868735436876,0.3487377887503353,0.0752750263345022,0.7505239754265531
KNN_MICE,MNAR_RangeLimitation,MNAR,30,518,0.6139770948080452,0.4094122510548585,0.0840331727967787,0.6890944281689824
MICE_within,MNAR_RangeLimitation,MNAR,30,518,0.6313424367502213,0.4173379374552846,0.0864099141971371,0.671258804292653
