method,group,RMSE_mean,RMSE_std
Hybrid,Other,0.1360104863575077,0.13011392732154434
KNN,Other,0.15946741589248015,0.13585030848636526
MICE,Other,0.19756243696648698,0.13876938281848233
Mean,Other,0.26738878128045657,0.18040870503997877
MissForest,Other,0.17678489848635884,0.1486560245667019
SVR,Other,0.2466869587314179,0.16273146213277007
