method,RMSE_mean,RMSE_std,MAE_mean,MAE_std,NRMSE_mean,R2_mean,R2_std
Hybrid,0.17822828922612569,0.06680378704817629,0.08948908488699331,0.05002352944363442,0.06522396520594852,0.8657529699758411,0.09765178589337077
KNN,0.2175425505629712,0.062037081211494836,0.1154742828717423,0.051860252510363344,0.07963192460951242,0.8035098571810232,0.1094766571484468
MissForest,0.22264658588155048,0.04975236560396123,0.12101219914651178,0.04873576466632775,0.08151954822321626,0.8049473520088792,0.08618312435926989
MICE,0.23511867683858934,0.04737900668831487,0.15920259168567868,0.04411639851402659,0.0860512651081488,0.7918656683550135,0.08073803880961232
SVR,0.31351330955179324,0.050542838888044686,0.20504511043689375,0.0530836158420317,0.11474745222591744,0.6000826254345006,0.18248655946191897
Mean,0.3215525116449198,0.1020765877665577,0.2503663335834155,0.10392100660576659,0.1176765445461936,0.6449250764185848,0.10009423882407469
