method,sec_mean,sec_std
Mean,0.0010371507106659314,6.296919226893527e-05
MICE,0.05907010905518999,0.0009900627376960764
KNN,0.15170386688373078,0.08516456392931328
SVR,3.0878884150832566,0.1658650812895881
MissForest,10.470907886583236,0.06753379155078994
Hybrid,38.07991856943926,3.4898240241573126
